<?xml version="1.0" encoding="utf-8"?>
<QualityMeasureDocument xmlns="urn:hl7-org:v3" xmlns:xsi="http://www.w3.org/2001/XMLSchema-instance" xmlns:qdm="urn:hhs-qdm:hqmf-r2-extensions:v1">
  <typeId root="2.16.840.1.113883.1.3" extension="POQM_MT000001UV03"/>
  <templateId>
    <item root="2.16.840.1.113883.10.20.28.1.1"/>
  </templateId>
  <id root="2.16.840.1.113883.3.100.1" extension="40280381-454E-C5FA-0145-517F7383016D"/>
  <code code="57024-2" codeSystem="2.16.840.1.113883.6.1"/>
  <title value="ADE Prevention and Monitoring: Warfarin Time in Therapeutic Range"/>
  <text value="Average percentage of time in which patients aged 18 and older with atrial fibrillation who are on chronic warfarin therapy have International Normalized Ratio (INR) test results within the therapeutic range (i.e., TTR) during the measurement period."/>
  <statusCode code="completed"/>
  <setId root="2.16.840.1.113883.3.100.1" extension="A5E96A45-8132-4E72-BF4F-E8C81DB9E641"/>
  <versionNumber value="3"/>
  <author typeCode="AUT">
    <responsibleParty classCode="ASSIGNED"/>
  </author>
  <custodian typeCode="CST">
    <responsibleParty classCode="ASSIGNED"/>
  </custodian>
  <controlVariable>
    <measurePeriod>
      <code code="MSRTP" codeSystem="2.16.840.1.113883.3.560">
        <displayName value="Measurement period"/>
      </code>
      <value xsi:type="PIVL_TS">
        <phase lowClosed="true" highClosed="true">
          <low value="201201010000"/>
          <high value="201212312359"/>
          <width xsi:type="PQ" value="1" unit="a"/>
        </phase>
      </value>
    </measurePeriod>
  </controlVariable>
  <subjectOf>
    <measureAttribute classCode="OBS" moodCode="EVN">
      <code nullFlavor="OTH">
        <originalText value="Finalized Date/Time"/>
      </code>
      <value xsi:type="ANY" flavorId="ANY.NONNULL"/>
    </measureAttribute>
  </subjectOf>
  <subjectOf>
    <measureAttribute classCode="OBS" moodCode="EVN">
      <code codeSystem="2.16.840.1.113883.5.4" code="COPY">
        <displayName value="Copyright"/>
      </code>
      <value xsi:type="ED" mediaType="text/plain" value="Limited proprietary coding is contained in the Measure specifications for user convenience. Users of proprietary code sets should obtain all necessary licenses from the owners of the code sets.    CPT(R) contained in the Measure specifications is copyright 2004-2013 American Medical Association. LOINC(R) copyright 2004-2013 Regenstrief Institute, Inc. This material contains SNOMED Clinical Terms(R) (SNOMED CT[R]) copyright 2004-2013 International Health Terminology Standards Development Organisation. ICD-10 copyright 2013 World Health Organization. All Rights Reserved."/>
    </measureAttribute>
  </subjectOf>
  <subjectOf>
    <measureAttribute classCode="OBS" moodCode="EVN">
      <code codeSystem="2.16.840.1.113883.5.4" code="MSRSCORE">
        <displayName value="Measure Scoring"/>
      </code>
      <value xsi:type="CD" codeSystem="2.16.840.1.113883.1.11.20367" code="CONTVAR">
        <displayName value="Continuous Variable"/>
      </value>
    </measureAttribute>
  </subjectOf>
  <subjectOf>
    <measureAttribute classCode="OBS" moodCode="EVN">
      <code codeSystem="2.16.840.1.113883.5.4" code="MSRTYPE">
        <displayName value="Measure Type"/>
      </code>
      <value xsi:type="CD" codeSystem="2.16.840.1.113883.1.11.20368" code="OUTCOME">
        <displayName value="Outcome"/>
      </value>
    </measureAttribute>
  </subjectOf>
  <subjectOf>
    <measureAttribute classCode="OBS" moodCode="EVN">
      <code codeSystem="2.16.840.1.113883.5.4" code="STRAT">
        <displayName value="Stratification"/>
      </code>
      <value xsi:type="ED" mediaType="text/plain" value="None"/>
    </measureAttribute>
  </subjectOf>
  <subjectOf>
    <measureAttribute classCode="OBS" moodCode="EVN">
      <code codeSystem="2.16.840.1.113883.5.4" code="MSRADJ">
        <displayName value="Risk Adjustment"/>
      </code>
      <value xsi:type="ED" mediaType="text/plain" value="None"/>
    </measureAttribute>
  </subjectOf>
  <subjectOf>
    <measureAttribute classCode="OBS" moodCode="EVN">
      <code codeSystem="2.16.840.1.113883.5.4" code="MSRAGG">
        <displayName value="Rate Aggregation"/>
      </code>
      <value xsi:type="ED" mediaType="text/plain" value="None"/>
    </measureAttribute>
  </subjectOf>
  <subjectOf>
    <measureAttribute classCode="OBS" moodCode="EVN">
      <code codeSystem="2.16.840.1.113883.5.4" code="RAT">
        <displayName value="Rationale"/>
      </code>
      <value xsi:type="ED" mediaType="text/plain" value="Millions of patients in the United States use warfarin to prevent strokes or to prevent or treat venous thromboembolism. Warfarin is highly effective, and has been in clinical use for over 50 years. However, warfarin is difficult to manage because it has many possible interactions with diet, other drugs, and comorbid conditions that may destabilize anticoagulation control. The possible consequences of insufficient or excessive anticoagulation are extremely serious and often fatal, making it imperative to pursue good control.  The international normalized ratio (INR) test is the laboratory test used to determine the degree to which the patient's coagulation has been successfully suppressed by the vitamin K antagonist (VKA). For most patients, the goal is to keep the INR between 2 and 3, which roughly corresponds to the blood taking 2 to 3 times as long to clot as would a normal person's blood. This level of anticoagulation has been shown to maximize benefit (i.e., protect patients from blood clots) while minimizing risk (i.e., risk of hemorrhage attributable to excessive anticoagulation). Therapeutic INR range (TTR) is a way of summarizing INR control over time.  TTR has been followed before, mostly in the setting of clinical trials where it is used to evaluate the effectiveness of warfarin therapy, particularly when warfarin is being compared to some other strategy. However, TTR has not previously been used as a quality measure – in fact, there has been a general lack of quality measurement in oral anticoagulation. There is much evidence that better anticoagulation control (i.e., higher TTR) can protect patients from severe or even fatal adverse events.  We are using a well-established guideline for the expected frequency of warfarin monitoring.  The ACCP clinical practice guidelines for the management of antithrombotic agents published in 2008 recommends that laboratory monitoring of warfarin in patients on stable doses of warfarin occur at an interval of no longer than 4 weeks. There is fairly strong support for extending this interval from 28 to 42 days with patients who have achieved stable control.  For example, researchers at the VA who used the TTR as an outcome reported that the maximum follow-up interval can be safely extended from 28 days to 42 days after the patient has recorded three in-range INR values, without adversely impacting TTR.    In 2012, the ACCP anticoagulation guidelines were updated to recommend that patients with very stable INRs can be tested every 12 weeks (or 84 days). The new guideline significantly increases the interval for which testing should occur in a subset of patients that are “very stable” – defined as a warfarin dose that has not changed in 6 months. Because the measurement period is set to only one year, it would be impossible to fully implement criteria for identifying patients whose dose has not changed in 6 months.  Also, because dose information is not consistently found in EHRs, building measure logic that is dependent on the availability of dose and dose adjustments was determined to be not currently feasible. Therefore, we have chosen not to allow an 84-day  follow-up interval, given its current level of evidentiary support and implementation challenges.    Because the target therapeutic range for patients with atrial flutter is the same as that for atrial fibrillation without valvular heart disease, patients with atrial flutter are also included in the denominator of this measure."/>
    </measureAttribute>
  </subjectOf>
  <subjectOf>
    <measureAttribute classCode="OBS" moodCode="EVN">
      <code codeSystem="2.16.840.1.113883.3.560" code="CRS">
        <displayName value="Clinical Recommendation Statement"/>
      </code>
      <value xsi:type="ED" mediaType="text/plain" value="“In patients with atrial fibrillation (AF), including those with paroxysmal AF, who have had a prior ischemic stroke, transient ischemic attack, or systemic embolism, we recommend long-term anticoagulation with an oral [vitamin K antagonist] VKA, such as warfarin, targeted at an INR of 2.5 (range, 2.0 to 3.0) because of the high risk of future ischemic stroke faced by this set of patients (Grade 1A).”  “In patients with AF, including those with paroxysmal AF, who have two or more of the following risk factors for future ischemic stroke, we recommend long-term anticoagulation with an oral VKA, such as warfarin, targeted at an INR of 2.5 (range, 2.0 to 3.0) because of the increased risk of future ischemic stroke faced by this set of patients (Grade 1A). Two or more of the following risk factors apply: (1) age&gt; 75 years, (2) history of hypertension, (3) diabetes mellitus, and (4) moderately or severely impaired left ventricular systolic function and/or heart failure.”  “In patients with AF, including those with paroxysmal AF, with only one of the risk factors listed below, we recommend long-term antithrombotic therapy (Grade 1A), either as anticoagulation with an oral VKA, such as warfarin, targeted at an INR of 2.5 (range, 2.0 to 3.0) [Grade 1A], or as aspirin, at a dose of 75 to 325 mg/d (Grade 1B). For these patients at intermediate risk of ischemic stroke, we suggest a VKA rather than aspirin (Grade 2A). This set of patients with AF is defined by having one of the following risk factors: (1) age &gt; 75 years, (2) history of hypertension, (3) diabetes mellitus, and (4) moderately or severely impaired left ventricular systolic function and/or heart failure.&quot;  “For patients with atrial flutter, we recommend that antithrombotic therapy decisions follow the same risk-based recommendations as for AF (Grade 1C).”  “For patients who are receiving a stable dose of oral anticoagulants, we suggest monitoring at an interval of no longer than every 4 weeks.”"/>
    </measureAttribute>
  </subjectOf>
  <subjectOf>
    <measureAttribute classCode="OBS" moodCode="EVN">
      <code codeSystem="2.16.840.1.113883.3.560" code="IDUR">
        <displayName value="Improvement Notation"/>
      </code>
      <value xsi:type="ED" mediaType="text/plain" value="A higher score indicates higher quality"/>
    </measureAttribute>
  </subjectOf>
  <subjectOf>
    <measureAttribute classCode="OBS" moodCode="EVN">
      <code nullFlavor="OTH">
        <originalText value="NQF ID Number"/>
      </code>
      <value xsi:type="II" root="2.16.840.1.113883.3.560.1" extension="NA"/>
    </measureAttribute>
  </subjectOf>
  <subjectOf>
    <measureAttribute classCode="OBS" moodCode="EVN">
      <code codeSystem="2.16.840.1.113883.5.4" code="DISC">
        <displayName value="Disclaimer"/>
        <originalText value="Disclaimer"/>
      </code>
      <value xsi:type="ED" mediaType="text/plain" value="These performance Measures are not clinical guidelines and do not establish a standard of medical care, and have not been tested for all potential applications.  THE MEASURES AND SPECIFICATIONS ARE PROVIDED “AS IS” WITHOUT WARRANTY OF ANY KIND.  Due to technical limitations, registered trademarks are indicated by (R) or [R] and unregistered trademarks are indicated by (TM) or [TM]."/>
    </measureAttribute>
  </subjectOf>
  <subjectOf>
    <measureAttribute classCode="OBS" moodCode="EVN">
      <code nullFlavor="OTH">
        <originalText value="eMeasure Identifier"/>
      </code>
      <value xsi:type="ED" mediaType="text/plain" value="179"/>
    </measureAttribute>
  </subjectOf>
  <subjectOf>
    <measureAttribute classCode="OBS" moodCode="EVN">
      <code codeSystem="2.16.840.1.113883.5.4" code="REF">
        <displayName value="Reference"/>
      </code>
      <value xsi:type="ED" mediaType="text/plain" value="Schulman S, Parpia S, Stewart C, Rudd-Scott L, Julian JA, Levine M. Warfarin dose assessment every 4 weeks versus every 12 weeks in patients with stable international normalized ratios: a randomized trial. Ann Intern Med. 2011; 155: 653-9. 155/10/653 [pii]. 10.1059/0003-4819-155-10-201111150-00003."/>
    </measureAttribute>
  </subjectOf>
  <subjectOf>
    <measureAttribute classCode="OBS" moodCode="EVN">
      <code codeSystem="2.16.840.1.113883.3.560" code="DEF">
        <displayName value="Definition"/>
      </code>
      <value xsi:type="ED" mediaType="text/plain" value="CUMULATIVE MEDICATION DURATION is the total number of calendar days that an individual has active medications that contain the same drug ingredient of interest. In this measure, the active drug ingredient is warfarin. The number of active days of an occurrence of a medication (e.g., a medication order or an entry in a patient's medication list) is calculated by taking the difference (in calendar days) between the date that the medication became active and the date that the medication stopped being active. The cumulative medication duration is calculated as the sum of the number of active calendar days for each occurrence of a medication that contains the same active ingredient over a set period of time, excluding any gaps during which a medication was not active. All of the entries in the value set for warfarin (OID: 2.16.840.1.113883.3.117.1.7.1.232) must be included in determining the cumulative medication duration. All medication occurrences considered for the calculation of cumulative medication duration for this measure must be active within 200 days immediately prior to the measurement period. This lookback period of 200 days is based on the original warfarin TTR measure used by the Veterans Affairs health care system. Please refer to the supplemental file named “CMS179v2_Supplemental_SQL_Logic_Reference.pdf” for this logic.  A VALID INR INTERVAL is two INR values separated by 56 days or less. INR values must be obtained in outpatient care settings; INR values while the patient is admitted to a hospital for more than 23 hours should not be included.  THERAPEUTIC RANGE: for patients with atrial fibrillation and no valvular involvement, the target INR result = 2.0 – 3.0.  PERCENT OF TIME IN THERAPEUTIC RANGE (TTR) is the percentage of time during which the interpolated INR values lie between 2.0 and 3.0. This can be from 0% to 100%. TTR percentage should be calculated for each patient that meets the criteria for the Measure Population. The average of these values is reported as the Measure Observation. The calculation for TTR is provided in the supplemental file named “CMS179v2 _Supplemental_SQL_Logic_Reference.pdf”.  INTERPOLATED INR VALUES are obtained through the use of linear interpolation to assign an INR value to each day between successive observed INR values. The Rosendaal linear interpolation methodology used in this measure assumes a linear relationship between two INR values and allows the assignment of a specific INR to each day for each patient."/>
    </measureAttribute>
  </subjectOf>
  <subjectOf>
    <measureAttribute classCode="OBS" moodCode="EVN">
      <code codeSystem="2.16.840.1.113883.5.4" code="GUIDE">
        <displayName value="Guidance"/>
      </code>
      <value xsi:type="ED" mediaType="text/plain" value="Please note that the logic expressions in the body section of the HQMF of this measure should *not* be used to calculate this clinical quality measure. They are only provided to represent the data elements needed for the calculation. In order to calculate this clinical quality measure correctly, only use the narrative specifications contained in the header section of the HQMF and the annotated database query found in the supplemental file named “CMS179v2_Supplemental_SQL_Logic_Reference.pdf”.   The calculation of TTR should include all available INR values for a given patient during the measurement period. When generating a QRDA-1 document for this measure, all available INR values during the measurement period should be included.  The following filters are applied to each patient’s INRs in order to calculate a patient-level TTR. INR values must be at least 0.8. Values less than 0.8 may represent aberrant results. INR values greater than 10 (i.e., outliers) must be replaced with a value of 10. An INR of 10 represents an abnormally high INR and would skew the results of the calculated TTR less than extreme values would (i.e., INR &gt; 10). The INR value closest to &quot;2.5&quot; is used to calculate TTR, when there are more than one INR result on a single date.  In this measure, the active drug ingredient of primary interest is warfarin. CUMULATIVE MEDICATION DURATION should be calculated for all active warfarin-containing medications. All of the entries in the value set for warfarin must be included when determining the cumulative medication duration. All medication occurrences considered for the calculation of cumulative medication duration for this measure must be active within 200 days immediately prior to the measurement period. This lookback period of 200 days is based on the original warfarin TTR measure used by the Veterans Affairs health care system. Please refer to the supplemental file named “CMS179v2 _Supplemental_SQL_Logic_Reference.pdf” for this logic.  To be excluded from the initial patient population, patients must have an active diagnosis of valvular heart disease during the measurement period.  To determine the proportion of patients with atrial fibrillation who are on chronic warfarin therapy and have sufficient INR monitoring to calculate a TTR, the reporting provider can divide the Measure Population by the Initial Patient Population.  The calculation for TTR is provided in the supplemental file named “CMS179v2 _Supplemental_SQL_Logic_Reference.pdf”.  The Measure Observation is the average of all patients’ percent TTR, which can be calculated by dividing the sum of all patients’ percent TTR by the number of patients in the Measure Population."/>
    </measureAttribute>
  </subjectOf>
  <subjectOf>
    <measureAttribute classCode="OBS" moodCode="EVN">
      <code nullFlavor="OTH">
        <originalText value="Transmission Format"/>
      </code>
      <value xsi:type="ED" mediaType="text/plain" value="None"/>
    </measureAttribute>
  </subjectOf>
  <subjectOf>
    <measureAttribute classCode="OBS" moodCode="EVN">
      <code codeSystem="2.16.840.1.113883.5.1063" code="IPP">
        <originalText value="Initial Patient Population"/>
      </code>
      <value xsi:type="ED" mediaType="text/plain" value="Patients aged 18 and older with atrial fibrillation without valvular heart disease who had been on chronic warfarin therapy for at least 180 days before the start of and during the measurement period. Patient should have at least one outpatient visit during the measurement period"/>
    </measureAttribute>
  </subjectOf>
  <subjectOf>
    <measureAttribute classCode="OBS" moodCode="EVN">
      <code codeSystem="2.16.840.1.113883.5.1063" code="DENOM">
        <originalText value="Denominator"/>
      </code>
      <value xsi:type="ED" mediaType="text/plain" value="Not Applicable"/>
    </measureAttribute>
  </subjectOf>
  <subjectOf>
    <measureAttribute classCode="OBS" moodCode="EVN">
      <code nullFlavor="OTH">
        <originalText value="Denominator Exclusions"/>
      </code>
      <value xsi:type="ED" mediaType="text/plain" value="Not Applicable"/>
    </measureAttribute>
  </subjectOf>
  <subjectOf>
    <measureAttribute classCode="OBS" moodCode="EVN">
      <code codeSystem="2.16.840.1.113883.5.1063" code="NUMER">
        <originalText value="Numerator"/>
      </code>
      <value xsi:type="ED" mediaType="text/plain" value="Not Applicable"/>
    </measureAttribute>
  </subjectOf>
  <subjectOf>
    <measureAttribute classCode="OBS" moodCode="EVN">
      <code nullFlavor="OTH">
        <originalText value="Numerator Exclusions"/>
      </code>
      <value xsi:type="ED" mediaType="text/plain" value="Not Applicable"/>
    </measureAttribute>
  </subjectOf>
  <subjectOf>
    <measureAttribute classCode="OBS" moodCode="EVN">
      <code codeSystem="2.16.840.1.113883.5.1063" code="DENEXCEP">
        <originalText value="Denominator Exceptions"/>
      </code>
      <value xsi:type="ED" mediaType="text/plain" value="Not Applicable"/>
    </measureAttribute>
  </subjectOf>
  <subjectOf>
    <measureAttribute classCode="OBS" moodCode="EVN">
      <code codeSystem="2.16.840.1.113883.5.1063" code="MSRPOPL">
        <originalText value="Measure Population"/>
      </code>
      <value xsi:type="ED" mediaType="text/plain" value="Equals All in Initial Patient Population with sufficient international normalized ratio (INR) results to calculate a warfarin time in therapeutic range (TTR)"/>
    </measureAttribute>
  </subjectOf>
  <subjectOf>
    <measureAttribute classCode="OBS" moodCode="EVN">
      <code nullFlavor="OTH">
        <originalText value="Measure Observations"/>
      </code>
      <value xsi:type="ED" mediaType="text/plain" value="Average percentage of time that patients in the measure population have INR results within the therapeutic range (i.e., TTR)"/>
    </measureAttribute>
  </subjectOf>
  <subjectOf>
    <measureAttribute classCode="OBS" moodCode="EVN">
      <code nullFlavor="OTH">
        <originalText value="Supplemental Data Elements"/>
      </code>
      <value xsi:type="ED" mediaType="text/plain" value="For every patient evaluated by this measure also identify payer, race, ethnicity and sex."/>
    </measureAttribute>
  </subjectOf>
  <component>
    <dataCriteriaSection>
      <templateId>
        <item root="2.16.840.1.113883.10.20.28.2.2"/>
      </templateId>
      <code code="57025-9" codeSystem="2.16.840.1.113883.6.1"/>
      <title value="Data Criteria Section"/>
      <text value="This section describes the data criteria."/>
      <entry typeCode="DRIV">
        <localVariableName value="DiagnosisActiveAtrialFibrillationFlutter"/>
        <observationCriteria moodCode="EVN" classCode="OBS">
          <templateId>
            <item root="2.16.840.1.113883.10.20.28.3.1" identifierName="diagnosis, active template"/>
          </templateId>
          <id root="2.16.840.1.113883.3.100.1" extension="DiagnosisActiveAtrialFibrillationFlutter"/>
          <text value="Diagnosis, Active: Atrial Fibrillation/Flutter"/>
          <statusCode code="active"/>
          <value xsi:type="CD" valueSet="2.16.840.1.113883.3.117.1.7.1.202">
            <displayName value="Atrial Fibrillation/Flutter"/>
          </value>
          <definition>
            <criteriaReference moodCode="EVN" classCode="OBS">
              <id root="2.16.840.1.113883.3.100.1" extension="diagnosis"/>
            </criteriaReference>
          </definition>
          <outboundRelationship typeCode="SUBJ">
            <subsetCode code="SOURCE"/>
            <criteriaReference classCode="OBS" moodCode="EVN">
              <id root="2.16.840.1.113883.3.100.1" extension="DiagnosisActiveAtrialFibrillationFlutter"/>
            </criteriaReference>
          </outboundRelationship>
        </observationCriteria>
      </entry>
      <entry typeCode="DRIV">
        <localVariableName value="DiagnosisActiveValvularHeartDisease"/>
        <observationCriteria moodCode="EVN" classCode="OBS">
          <templateId>
            <item root="2.16.840.1.113883.10.20.28.3.1" identifierName="diagnosis, active template"/>
          </templateId>
          <id root="2.16.840.1.113883.3.100.1" extension="DiagnosisActiveValvularHeartDisease"/>
          <text value="Diagnosis, Active: Valvular Heart Disease"/>
          <statusCode code="active"/>
          <value xsi:type="CD" valueSet="2.16.840.1.113883.3.464.1003.104.12.1017">
            <displayName value="Valvular Heart Disease"/>
          </value>
          <definition>
            <criteriaReference moodCode="EVN" classCode="OBS">
              <id root="2.16.840.1.113883.3.100.1" extension="diagnosis"/>
            </criteriaReference>
          </definition>
          <outboundRelationship typeCode="SUBJ">
            <subsetCode code="SOURCE"/>
            <criteriaReference classCode="OBS" moodCode="EVN">
              <id root="2.16.840.1.113883.3.100.1" extension="DiagnosisActiveValvularHeartDisease"/>
            </criteriaReference>
          </outboundRelationship>
        </observationCriteria>
      </entry>
      <entry typeCode="DRIV">
        <localVariableName value="PatientCharacteristicSexOncAdministrativeSex"/>
        <observationCriteria moodCode="EVN" classCode="OBS">
          <templateId>
            <item root="2.16.840.1.113883.10.20.28.3.55" identifierName="patient characteristic, gender template"/>
          </templateId>
          <id root="2.16.840.1.113883.3.100.1" extension="PatientCharacteristicSexOncAdministrativeSex"/>
          <code xsi:type="CD" valueSet="2.16.840.1.113762.1.4.1">
            <displayName value="ONC Administrative Sex"/>
          </code>
          <text value="Patient Characteristic Sex: ONC Administrative Sex"/>
          <definition>
            <criteriaReference moodCode="EVN" classCode="OBS">
              <id root="2.16.840.1.113883.3.100.1" extension="patient_characteristic_gender"/>
            </criteriaReference>
          </definition>
          <outboundRelationship typeCode="SUBJ">
            <subsetCode code="SOURCE"/>
            <criteriaReference classCode="OBS" moodCode="EVN">
              <id root="2.16.840.1.113883.3.100.1" extension="PatientCharacteristicSexOncAdministrativeSex"/>
            </criteriaReference>
          </outboundRelationship>
        </observationCriteria>
      </entry>
      <entry typeCode="DRIV">
        <localVariableName value="PatientCharacteristicRaceRace"/>
        <observationCriteria moodCode="EVN" classCode="OBS">
          <templateId>
            <item root="2.16.840.1.113883.10.20.28.3.59" identifierName="patient characteristic, race template"/>
          </templateId>
          <id root="2.16.840.1.113883.3.100.1" extension="PatientCharacteristicRaceRace"/>
          <code xsi:type="CD" valueSet="2.16.840.1.114222.4.11.836">
            <displayName value="Race"/>
          </code>
          <text value="Patient Characteristic Race: Race"/>
          <definition>
            <criteriaReference moodCode="EVN" classCode="OBS">
              <id root="2.16.840.1.113883.3.100.1" extension="patient_characteristic_race"/>
            </criteriaReference>
          </definition>
          <outboundRelationship typeCode="SUBJ">
            <subsetCode code="SOURCE"/>
            <criteriaReference classCode="OBS" moodCode="EVN">
              <id root="2.16.840.1.113883.3.100.1" extension="PatientCharacteristicRaceRace"/>
            </criteriaReference>
          </outboundRelationship>
        </observationCriteria>
      </entry>
      <entry typeCode="DRIV">
        <localVariableName value="PatientCharacteristicEthnicityEthnicity"/>
        <observationCriteria moodCode="EVN" classCode="OBS">
          <templateId>
            <item root="2.16.840.1.113883.10.20.28.3.56" identifierName="patient characteristic, ethnicity template"/>
          </templateId>
          <id root="2.16.840.1.113883.3.100.1" extension="PatientCharacteristicEthnicityEthnicity"/>
          <code xsi:type="CD" valueSet="2.16.840.1.114222.4.11.837">
            <displayName value="Ethnicity"/>
          </code>
          <text value="Patient Characteristic Ethnicity: Ethnicity"/>
          <definition>
            <criteriaReference moodCode="EVN" classCode="OBS">
              <id root="2.16.840.1.113883.3.100.1" extension="patient_characteristic_ethnicity"/>
            </criteriaReference>
          </definition>
          <outboundRelationship typeCode="SUBJ">
            <subsetCode code="SOURCE"/>
            <criteriaReference classCode="OBS" moodCode="EVN">
              <id root="2.16.840.1.113883.3.100.1" extension="PatientCharacteristicEthnicityEthnicity"/>
            </criteriaReference>
          </outboundRelationship>
        </observationCriteria>
      </entry>
      <entry typeCode="DRIV">
        <localVariableName value="PatientCharacteristicPayerPayer"/>
        <observationCriteria moodCode="EVN" classCode="OBS">
          <templateId>
            <item root="2.16.840.1.113883.10.20.28.3.58" identifierName="patient characteristic, payer template"/>
          </templateId>
          <id root="2.16.840.1.113883.3.100.1" extension="PatientCharacteristicPayerPayer"/>
          <code xsi:type="CD" valueSet="2.16.840.1.114222.4.11.3591">
            <displayName value="Payer"/>
          </code>
          <text value="Patient Characteristic Payer: Payer"/>
          <definition>
            <criteriaReference moodCode="EVN" classCode="OBS">
              <id root="2.16.840.1.113883.3.100.1" extension="patient_characteristic_payer"/>
            </criteriaReference>
          </definition>
          <outboundRelationship typeCode="SUBJ">
            <subsetCode code="SOURCE"/>
            <criteriaReference classCode="OBS" moodCode="EVN">
              <id root="2.16.840.1.113883.3.100.1" extension="PatientCharacteristicPayerPayer"/>
            </criteriaReference>
          </outboundRelationship>
        </observationCriteria>
      </entry>
      <entry typeCode="DRIV">
        <localVariableName value="PatientCharacteristicBirthdateBirthDate_precondition_4"/>
        <observationCriteria moodCode="EVN" classCode="OBS">
          <templateId>
            <item root="2.16.840.1.113883.10.20.28.3.54" identifierName="patient characteristic, birthdate template"/>
          </templateId>
          <id root="2.16.840.1.113883.3.100.1" extension="PatientCharacteristicBirthdateBirthDate_precondition_4"/>
          <code xsi:type="CD" valueSet="2.16.840.1.113883.3.560.100.4">
            <displayName value="birth date"/>
          </code>
          <text value="Patient Characteristic Birthdate: birth date"/>
          <definition>
            <criteriaReference moodCode="EVN" classCode="OBS">
              <id root="2.16.840.1.113883.3.100.1" extension="patient_characteristic_birthdate"/>
            </criteriaReference>
          </definition>
          <temporallyRelatedInformation typeCode="SBS">
            <qdm:temporalInformation precisionUnit="d">
              <qdm:delta lowClosed="true">
                <low value="18" unit="a"/>
                <high nullFlavor="PINF"/>
              </qdm:delta>
            </qdm:temporalInformation>
            <criteriaReference moodCode="EVN" classCode="OBS">
              <id root="2.16.840.1.113883.3.100.1" extension="MeasurePeriod"/>
            </criteriaReference>
          </temporallyRelatedInformation>
          <outboundRelationship typeCode="SUBJ">
            <subsetCode code="SOURCE"/>
            <criteriaReference classCode="OBS" moodCode="EVN">
              <id root="2.16.840.1.113883.3.100.1" extension="PatientCharacteristicBirthdateBirthDate"/>
            </criteriaReference>
          </outboundRelationship>
        </observationCriteria>
      </entry>
      <entry typeCode="DRIV">
        <localVariableName value="EncounterPerformedFaceToFaceInteraction_precondition_6"/>
        <encounterCriteria moodCode="EVN" classCode="ENC">
          <templateId>
            <item root="2.16.840.1.113883.10.20.28.3.5" identifierName="encounter, performed template"/>
          </templateId>
          <id root="2.16.840.1.113883.3.100.1" extension="EncounterPerformedFaceToFaceInteraction_precondition_6"/>
          <code xsi:type="CD" valueSet="2.16.840.1.113883.3.464.1003.101.12.1048">
            <displayName value="Face-to-Face Interaction"/>
          </code>
          <text value="Encounter, Performed: Face-to-Face Interaction"/>
          <definition>
            <criteriaReference moodCode="EVN" classCode="ENC">
              <id root="2.16.840.1.113883.3.100.1" extension="encounter"/>
            </criteriaReference>
          </definition>
          <temporallyRelatedInformation typeCode="DURING">
            <qdm:temporalInformation precisionUnit="min">
              
            </qdm:temporalInformation>
            <criteriaReference moodCode="EVN" classCode="OBS">
              <id root="2.16.840.1.113883.3.100.1" extension="MeasurePeriod"/>
            </criteriaReference>
          </temporallyRelatedInformation>
          <outboundRelationship typeCode="SUBJ">
            <subsetCode code="SOURCE"/>
            <criteriaReference classCode="OBS" moodCode="EVN">
              <id root="2.16.840.1.113883.3.100.1" extension="EncounterPerformedFaceToFaceInteraction"/>
            </criteriaReference>
          </outboundRelationship>
        </encounterCriteria>
      </entry>
      <entry typeCode="DRIV">
        <localVariableName value="EncounterPerformedOfficeVisit_precondition_8"/>
        <encounterCriteria moodCode="EVN" classCode="ENC">
          <templateId>
            <item root="2.16.840.1.113883.10.20.28.3.5" identifierName="encounter, performed template"/>
          </templateId>
          <id root="2.16.840.1.113883.3.100.1" extension="EncounterPerformedOfficeVisit_precondition_8"/>
          <code xsi:type="CD" valueSet="2.16.840.1.113883.3.464.1003.101.12.1001">
            <displayName value="Office Visit"/>
          </code>
          <text value="Encounter, Performed: Office Visit"/>
          <definition>
            <criteriaReference moodCode="EVN" classCode="ENC">
              <id root="2.16.840.1.113883.3.100.1" extension="encounter"/>
            </criteriaReference>
          </definition>
          <temporallyRelatedInformation typeCode="DURING">
            <qdm:temporalInformation precisionUnit="min">
              
            </qdm:temporalInformation>
            <criteriaReference moodCode="EVN" classCode="OBS">
              <id root="2.16.840.1.113883.3.100.1" extension="MeasurePeriod"/>
            </criteriaReference>
          </temporallyRelatedInformation>
          <outboundRelationship typeCode="SUBJ">
            <subsetCode code="SOURCE"/>
            <criteriaReference classCode="OBS" moodCode="EVN">
              <id root="2.16.840.1.113883.3.100.1" extension="EncounterPerformedOfficeVisit"/>
            </criteriaReference>
          </outboundRelationship>
        </encounterCriteria>
      </entry>
      <entry typeCode="DRIV">
        <localVariableName value="OccurrenceAOccurrenceAAtrialFibrillationFlutter1_precondition_13"/>
        <observationCriteria moodCode="EVN" classCode="OBS">
          <id root="2.16.840.1.113883.3.100.1" extension="OccurrenceAAtrialFibrillationFlutter1_precondition_13"/>
          <statusCode code="active"/>
          <value xsi:type="CD" valueSet="2.16.840.1.113883.3.117.1.7.1.202">
            <displayName value="Atrial Fibrillation/Flutter"/>
          </value>
          <temporallyRelatedInformation typeCode="SBS">
            <qdm:temporalInformation precisionUnit="min">
              
            </qdm:temporalInformation>
            <criteriaReference moodCode="EVN" classCode="OBS">
              <id root="2.16.840.1.113883.3.100.1" extension="MeasurePeriod"/>
            </criteriaReference>
          </temporallyRelatedInformation>
          <outboundRelationship typeCode="OCCR">
            <localVariableName controlInformationRoot="DIAGNOSIS_ACTIVE_ATRIAL_FIBRILLATION_FLUTTER" controlInformationExtension="A"/>
            <criteriaReference classCode="OBS" moodCode="EVN">
              <id root="2.16.840.1.113883.3.100.1" extension="OccurrenceAAtrialFibrillationFlutter1"/>
            </criteriaReference>
          </outboundRelationship>
        </observationCriteria>
      </entry>
      <entry typeCode="DRIV">
        <localVariableName value="OccurrenceAOccurrenceAAtrialFibrillationFlutter1_precondition_15"/>
        <observationCriteria moodCode="EVN" classCode="OBS">
          <id root="2.16.840.1.113883.3.100.1" extension="OccurrenceAAtrialFibrillationFlutter1_precondition_15"/>
          <statusCode code="active"/>
          <value xsi:type="CD" valueSet="2.16.840.1.113883.3.117.1.7.1.202">
            <displayName value="Atrial Fibrillation/Flutter"/>
          </value>
          <temporallyRelatedInformation typeCode="EBS">
            <qdm:temporalInformation precisionUnit="min">
              
            </qdm:temporalInformation>
            <criteriaReference moodCode="EVN" classCode="OBS">
              <id root="2.16.840.1.113883.3.100.1" extension="MeasurePeriod"/>
            </criteriaReference>
          </temporallyRelatedInformation>
          <outboundRelationship typeCode="OCCR">
            <localVariableName controlInformationRoot="DIAGNOSIS_ACTIVE_ATRIAL_FIBRILLATION_FLUTTER" controlInformationExtension="A"/>
            <criteriaReference classCode="OBS" moodCode="EVN">
              <id root="2.16.840.1.113883.3.100.1" extension="OccurrenceAAtrialFibrillationFlutter1"/>
            </criteriaReference>
          </outboundRelationship>
        </observationCriteria>
      </entry>
      <entry typeCode="DRIV">
        <localVariableName value="OccurrenceAOccurrenceAValvularHeartDisease2_precondition_22"/>
        <observationCriteria moodCode="EVN" classCode="OBS">
          <id root="2.16.840.1.113883.3.100.1" extension="OccurrenceAValvularHeartDisease2_precondition_22"/>
          <statusCode code="active"/>
          <value xsi:type="CD" valueSet="2.16.840.1.113883.3.464.1003.104.12.1017">
            <displayName value="Valvular Heart Disease"/>
          </value>
          <temporallyRelatedInformation typeCode="EBS">
            <qdm:temporalInformation precisionUnit="min">
              
            </qdm:temporalInformation>
            <criteriaReference moodCode="EVN" classCode="OBS">
              <id root="2.16.840.1.113883.3.100.1" extension="MeasurePeriod"/>
            </criteriaReference>
          </temporallyRelatedInformation>
          <outboundRelationship typeCode="OCCR">
            <localVariableName controlInformationRoot="DIAGNOSIS_ACTIVE_VALVULAR_HEART_DISEASE" controlInformationExtension="A"/>
            <criteriaReference classCode="OBS" moodCode="EVN">
              <id root="2.16.840.1.113883.3.100.1" extension="OccurrenceAValvularHeartDisease2"/>
            </criteriaReference>
          </outboundRelationship>
        </observationCriteria>
      </entry>
      <entry typeCode="DRIV">
        <localVariableName value="OccurrenceAOccurrenceAValvularHeartDisease2_precondition_20"/>
        <observationCriteria moodCode="EVN" classCode="OBS">
          <id root="2.16.840.1.113883.3.100.1" extension="OccurrenceAValvularHeartDisease2_precondition_20"/>
          <statusCode code="active"/>
          <value xsi:type="CD" valueSet="2.16.840.1.113883.3.464.1003.104.12.1017">
            <displayName value="Valvular Heart Disease"/>
          </value>
          <temporallyRelatedInformation typeCode="SBE">
            <qdm:temporalInformation precisionUnit="min">
              
            </qdm:temporalInformation>
            <criteriaReference moodCode="EVN" classCode="OBS">
              <id root="2.16.840.1.113883.3.100.1" extension="MeasurePeriod"/>
            </criteriaReference>
          </temporallyRelatedInformation>
          <outboundRelationship typeCode="OCCR">
            <localVariableName controlInformationRoot="DIAGNOSIS_ACTIVE_VALVULAR_HEART_DISEASE" controlInformationExtension="A"/>
            <criteriaReference classCode="OBS" moodCode="EVN">
              <id root="2.16.840.1.113883.3.100.1" extension="OccurrenceAValvularHeartDisease2"/>
            </criteriaReference>
          </outboundRelationship>
        </observationCriteria>
      </entry>
      <entry typeCode="DRIV">
        <localVariableName value="MedicationActiveWarfarin_precondition_27"/>
        <substanceAdministrationCriteria moodCode="EVN" classCode="SBADM">
          <templateId>
            <item root="2.16.840.1.113883.10.20.28.3.44" identifierName="medication, active template"/>
          </templateId>
          <id root="2.16.840.1.113883.3.100.1" extension="MedicationActiveWarfarin_precondition_27"/>
          <text value="Medication, Active: Warfarin"/>
          <statusCode code="active"/>
          <participation typeCode="CSM">
            <role classCode="THER">
              <code valueSet="2.16.840.1.113883.3.117.1.7.1.232">
                <displayName value="Warfarin"/>
              </code>
            </role>
          </participation>
          <definition>
            <criteriaReference moodCode="EVN" classCode="SBADM">
              <id root="2.16.840.1.113883.3.100.1" extension="medication"/>
            </criteriaReference>
          </definition>
          <temporallyRelatedInformation typeCode="SBS">
            <qdm:temporalInformation precisionUnit="min">
              
            </qdm:temporalInformation>
            <criteriaReference moodCode="EVN" classCode="OBS">
              <id root="2.16.840.1.113883.3.100.1" extension="MeasurePeriod"/>
            </criteriaReference>
          </temporallyRelatedInformation>
          <outboundRelationship typeCode="SUBJ">
            <observationCriteria classCode="OBS" moodCode="EVN">
              <id root="MedicationActiveWarfarin_precondition_27_CUMULATIVE_MEDICATION_DURATION"/>
              <code code="363819003" codeSystem="2.16.840.1.113883.6.96" codeSystemName="SNOMED-CT">
                <displayName value="Cumulative Medication Duration"/>
              </code>
              <value xsi:type="IVL_PQ" lowClosed="true">
                <low value="180" unit="d"/>
                <high nullFlavor="PINF"/>
              </value>
            </observationCriteria>
          </outboundRelationship>
          <outboundRelationship typeCode="SUBJ">
            <subsetCode code="SOURCE"/>
            <criteriaReference classCode="OBS" moodCode="EVN">
              <id root="2.16.840.1.113883.3.100.1" extension="MedicationActiveWarfarin"/>
            </criteriaReference>
          </outboundRelationship>
        </substanceAdministrationCriteria>
      </entry>
      <entry typeCode="DRIV">
        <localVariableName value="OccurrenceAOccurrenceAWarfarin3_precondition_29"/>
        <substanceAdministrationCriteria moodCode="EVN" classCode="SBADM">
          <id root="2.16.840.1.113883.3.100.1" extension="OccurrenceAWarfarin3_precondition_29"/>
          <statusCode code="active"/>
          <temporallyRelatedInformation typeCode="SBE">
            <qdm:temporalInformation precisionUnit="min">
              
            </qdm:temporalInformation>
            <criteriaReference moodCode="EVN" classCode="OBS">
              <id root="2.16.840.1.113883.3.100.1" extension="MeasurePeriod"/>
            </criteriaReference>
          </temporallyRelatedInformation>
          <outboundRelationship typeCode="OCCR">
            <localVariableName controlInformationRoot="MEDICATION_ACTIVE_WARFARIN" controlInformationExtension="A"/>
            <criteriaReference classCode="OBS" moodCode="EVN">
              <id root="2.16.840.1.113883.3.100.1" extension="OccurrenceAWarfarin3"/>
            </criteriaReference>
          </outboundRelationship>
        </substanceAdministrationCriteria>
      </entry>
      <entry typeCode="DRIV">
        <localVariableName value="OccurrenceAOccurrenceAWarfarin3_precondition_31"/>
        <substanceAdministrationCriteria moodCode="EVN" classCode="SBADM">
          <id root="2.16.840.1.113883.3.100.1" extension="OccurrenceAWarfarin3_precondition_31"/>
          <statusCode code="active"/>
          <temporallyRelatedInformation typeCode="EBS">
            <qdm:temporalInformation precisionUnit="min">
              
            </qdm:temporalInformation>
            <criteriaReference moodCode="EVN" classCode="OBS">
              <id root="2.16.840.1.113883.3.100.1" extension="MeasurePeriod"/>
            </criteriaReference>
          </temporallyRelatedInformation>
          <outboundRelationship typeCode="OCCR">
            <localVariableName controlInformationRoot="MEDICATION_ACTIVE_WARFARIN" controlInformationExtension="A"/>
            <criteriaReference classCode="OBS" moodCode="EVN">
              <id root="2.16.840.1.113883.3.100.1" extension="OccurrenceAWarfarin3"/>
            </criteriaReference>
          </outboundRelationship>
        </substanceAdministrationCriteria>
      </entry>
      <entry typeCode="DRIV">
        <localVariableName value="LaboratoryTestResultInr_precondition_39"/>
        <observationCriteria moodCode="EVN" classCode="OBS">
          <templateId>
            <item root="2.16.840.1.113883.10.20.28.3.4" identifierName="laboratory test, result template"/>
          </templateId>
          <id root="2.16.840.1.113883.3.100.1" extension="LaboratoryTestResultInr_precondition_39"/>
          <code xsi:type="CD" valueSet="2.16.840.1.113883.3.117.1.7.1.213">
            <displayName value="INR"/>
          </code>
          <text value="Laboratory Test, Result: INR"/>
          <definition>
            <criteriaReference moodCode="EVN" classCode="OBS">
              <id root="2.16.840.1.113883.3.100.1" extension="laboratory_test"/>
            </criteriaReference>
          </definition>
          <temporallyRelatedInformation typeCode="DURING">
            <qdm:temporalInformation precisionUnit="min">
              
            </qdm:temporalInformation>
            <criteriaReference moodCode="EVN" classCode="OBS">
              <id root="2.16.840.1.113883.3.100.1" extension="MeasurePeriod"/>
            </criteriaReference>
          </temporallyRelatedInformation>
          <outboundRelationship typeCode="SUBJ">
            <subsetCode code="SOURCE"/>
            <criteriaReference classCode="OBS" moodCode="EVN">
              <id root="2.16.840.1.113883.3.100.1" extension="LaboratoryTestResultInr"/>
            </criteriaReference>
          </outboundRelationship>
          <excerpt typeCode="XCRPT">
            <!-- Subset operator for: COUNT -->
            <subsetCode code="SUM"/>
            <qdm:subsetCode code="QDM_SUM"/>
            <observationCriteria moodCode="EVN" classCode="OBS">
              <id root="2.16.840.1.113883.3.100.1" extension="LaboratoryTestResultInr_precondition_39"/>
              <repeatNumber lowClosed="true">
                <low value="3"/>
              </repeatNumber>
            </observationCriteria>
          </excerpt>
        </observationCriteria>
      </entry>
      <entry typeCode="DRIV">
        <localVariableName value="LaboratoryTestResultComputedValueInrPercentTtr_precondition_43"/>
        <observationCriteria moodCode="EVN" classCode="OBS">
          <templateId>
            <item root="2.16.840.1.113883.10.20.28.3.4" identifierName="laboratory test, result template"/>
          </templateId>
          <id root="2.16.840.1.113883.3.100.1" extension="LaboratoryTestResultComputedValueInrPercentTtr_precondition_43"/>
          <code xsi:type="CD" valueSet="2.16.840.1.113883.3.464.1003.104.12.1018">
            <displayName value="Computed Value INR percent TTR"/>
          </code>
          <text value="Laboratory Test, Result: Computed Value INR percent TTR"/>
          <definition>
            <criteriaReference moodCode="EVN" classCode="OBS">
              <id root="2.16.840.1.113883.3.100.1" extension="laboratory_test"/>
            </criteriaReference>
          </definition>
          <temporallyRelatedInformation typeCode="DURING">
            <qdm:temporalInformation precisionUnit="min">
              
            </qdm:temporalInformation>
            <criteriaReference moodCode="EVN" classCode="OBS">
              <id root="2.16.840.1.113883.3.100.1" extension="MeasurePeriod"/>
            </criteriaReference>
          </temporallyRelatedInformation>
          <outboundRelationship typeCode="SUBJ">
            <subsetCode code="SOURCE"/>
            <criteriaReference classCode="OBS" moodCode="EVN">
              <id root="2.16.840.1.113883.3.100.1" extension="LaboratoryTestResultComputedValueInrPercentTtr"/>
            </criteriaReference>
          </outboundRelationship>
        </observationCriteria>
      </entry>
      <entry typeCode="DRIV">
        <localVariableName value="OccurrenceAAtrialFibrillationFlutter1"/>
        <observationCriteria moodCode="EVN" classCode="OBS">
          <templateId>
            <item root="2.16.840.1.113883.10.20.28.3.1" identifierName="diagnosis, active template"/>
            <item root="2.16.840.1.113883.3.100.1.1" identifierName="Source data criteria template"/>
          </templateId>
          <id root="2.16.840.1.113883.3.100.1" extension="OccurrenceAAtrialFibrillationFlutter1"/>
          <text value="Diagnosis, Active: Atrial Fibrillation/Flutter"/>
          <statusCode code="active"/>
          <value xsi:type="CD" valueSet="2.16.840.1.113883.3.117.1.7.1.202">
            <displayName value="Atrial Fibrillation/Flutter"/>
          </value>
          <definition>
            <criteriaReference moodCode="EVN" classCode="OBS">
              <id root="2.16.840.1.113883.3.100.1" extension="diagnosis"/>
            </criteriaReference>
          </definition>
        </observationCriteria>
      </entry>
      <entry typeCode="DRIV">
        <localVariableName value="PatientCharacteristicBirthdateBirthDate"/>
        <observationCriteria moodCode="EVN" classCode="OBS">
          <templateId>
            <item root="2.16.840.1.113883.10.20.28.3.54" identifierName="patient characteristic, birthdate template"/>
            <item root="2.16.840.1.113883.3.100.1.1" identifierName="Source data criteria template"/>
          </templateId>
          <id root="2.16.840.1.113883.3.100.1" extension="PatientCharacteristicBirthdateBirthDate"/>
          <code xsi:type="CD" valueSet="2.16.840.1.113883.3.560.100.4">
            <displayName value="birth date"/>
          </code>
          <text value="Patient Characteristic Birthdate: birth date"/>
          <definition>
            <criteriaReference moodCode="EVN" classCode="OBS">
              <id root="2.16.840.1.113883.3.100.1" extension="patient_characteristic_birthdate"/>
            </criteriaReference>
          </definition>
          <outboundRelationship typeCode="SUBJ">
            <subsetCode code="SOURCE"/>
            <criteriaReference classCode="OBS" moodCode="EVN">
              <id root="2.16.840.1.113883.3.100.1" extension="PatientCharacteristicBirthdateBirthDate"/>
            </criteriaReference>
          </outboundRelationship>
        </observationCriteria>
      </entry>
      <entry typeCode="DRIV">
        <localVariableName value="LaboratoryTestResultComputedValueInrPercentTtr"/>
        <observationCriteria moodCode="EVN" classCode="OBS">
          <templateId>
            <item root="2.16.840.1.113883.10.20.28.3.4" identifierName="laboratory test, result template"/>
            <item root="2.16.840.1.113883.3.100.1.1" identifierName="Source data criteria template"/>
          </templateId>
          <id root="2.16.840.1.113883.3.100.1" extension="LaboratoryTestResultComputedValueInrPercentTtr"/>
          <code xsi:type="CD" valueSet="2.16.840.1.113883.3.464.1003.104.12.1018">
            <displayName value="Computed Value INR percent TTR"/>
          </code>
          <text value="Laboratory Test, Result: Computed Value INR percent TTR"/>
          <definition>
            <criteriaReference moodCode="EVN" classCode="OBS">
              <id root="2.16.840.1.113883.3.100.1" extension="laboratory_test"/>
            </criteriaReference>
          </definition>
          <outboundRelationship typeCode="SUBJ">
            <subsetCode code="SOURCE"/>
            <criteriaReference classCode="OBS" moodCode="EVN">
              <id root="2.16.840.1.113883.3.100.1" extension="LaboratoryTestResultComputedValueInrPercentTtr"/>
            </criteriaReference>
          </outboundRelationship>
        </observationCriteria>
      </entry>
      <entry typeCode="DRIV">
        <localVariableName value="EncounterPerformedFaceToFaceInteraction"/>
        <encounterCriteria moodCode="EVN" classCode="ENC">
          <templateId>
            <item root="2.16.840.1.113883.10.20.28.3.5" identifierName="encounter, performed template"/>
            <item root="2.16.840.1.113883.3.100.1.1" identifierName="Source data criteria template"/>
          </templateId>
          <id root="2.16.840.1.113883.3.100.1" extension="EncounterPerformedFaceToFaceInteraction"/>
          <code xsi:type="CD" valueSet="2.16.840.1.113883.3.464.1003.101.12.1048">
            <displayName value="Face-to-Face Interaction"/>
          </code>
          <text value="Encounter, Performed: Face-to-Face Interaction"/>
          <definition>
            <criteriaReference moodCode="EVN" classCode="ENC">
              <id root="2.16.840.1.113883.3.100.1" extension="encounter"/>
            </criteriaReference>
          </definition>
          <outboundRelationship typeCode="SUBJ">
            <subsetCode code="SOURCE"/>
            <criteriaReference classCode="OBS" moodCode="EVN">
              <id root="2.16.840.1.113883.3.100.1" extension="EncounterPerformedFaceToFaceInteraction"/>
            </criteriaReference>
          </outboundRelationship>
        </encounterCriteria>
      </entry>
      <entry typeCode="DRIV">
        <localVariableName value="LaboratoryTestResultInr"/>
        <observationCriteria moodCode="EVN" classCode="OBS">
          <templateId>
            <item root="2.16.840.1.113883.10.20.28.3.4" identifierName="laboratory test, result template"/>
            <item root="2.16.840.1.113883.3.100.1.1" identifierName="Source data criteria template"/>
          </templateId>
          <id root="2.16.840.1.113883.3.100.1" extension="LaboratoryTestResultInr"/>
          <code xsi:type="CD" valueSet="2.16.840.1.113883.3.117.1.7.1.213">
            <displayName value="INR"/>
          </code>
          <text value="Laboratory Test, Result: INR"/>
          <definition>
            <criteriaReference moodCode="EVN" classCode="OBS">
              <id root="2.16.840.1.113883.3.100.1" extension="laboratory_test"/>
            </criteriaReference>
          </definition>
          <outboundRelationship typeCode="SUBJ">
            <subsetCode code="SOURCE"/>
            <criteriaReference classCode="OBS" moodCode="EVN">
              <id root="2.16.840.1.113883.3.100.1" extension="LaboratoryTestResultInr"/>
            </criteriaReference>
          </outboundRelationship>
        </observationCriteria>
      </entry>
      <entry typeCode="DRIV">
        <localVariableName value="EncounterPerformedOfficeVisit"/>
        <encounterCriteria moodCode="EVN" classCode="ENC">
          <templateId>
            <item root="2.16.840.1.113883.10.20.28.3.5" identifierName="encounter, performed template"/>
            <item root="2.16.840.1.113883.3.100.1.1" identifierName="Source data criteria template"/>
          </templateId>
          <id root="2.16.840.1.113883.3.100.1" extension="EncounterPerformedOfficeVisit"/>
          <code xsi:type="CD" valueSet="2.16.840.1.113883.3.464.1003.101.12.1001">
            <displayName value="Office Visit"/>
          </code>
          <text value="Encounter, Performed: Office Visit"/>
          <definition>
            <criteriaReference moodCode="EVN" classCode="ENC">
              <id root="2.16.840.1.113883.3.100.1" extension="encounter"/>
            </criteriaReference>
          </definition>
          <outboundRelationship typeCode="SUBJ">
            <subsetCode code="SOURCE"/>
            <criteriaReference classCode="OBS" moodCode="EVN">
              <id root="2.16.840.1.113883.3.100.1" extension="EncounterPerformedOfficeVisit"/>
            </criteriaReference>
          </outboundRelationship>
        </encounterCriteria>
      </entry>
      <entry typeCode="DRIV">
        <localVariableName value="OccurrenceAValvularHeartDisease2"/>
        <observationCriteria moodCode="EVN" classCode="OBS">
          <templateId>
            <item root="2.16.840.1.113883.10.20.28.3.1" identifierName="diagnosis, active template"/>
            <item root="2.16.840.1.113883.3.100.1.1" identifierName="Source data criteria template"/>
          </templateId>
          <id root="2.16.840.1.113883.3.100.1" extension="OccurrenceAValvularHeartDisease2"/>
          <text value="Diagnosis, Active: Valvular Heart Disease"/>
          <statusCode code="active"/>
          <value xsi:type="CD" valueSet="2.16.840.1.113883.3.464.1003.104.12.1017">
            <displayName value="Valvular Heart Disease"/>
          </value>
          <definition>
            <criteriaReference moodCode="EVN" classCode="OBS">
              <id root="2.16.840.1.113883.3.100.1" extension="diagnosis"/>
            </criteriaReference>
          </definition>
        </observationCriteria>
      </entry>
      <entry typeCode="DRIV">
        <localVariableName value="OccurrenceAWarfarin3"/>
        <substanceAdministrationCriteria moodCode="EVN" classCode="SBADM">
          <templateId>
            <item root="2.16.840.1.113883.10.20.28.3.44" identifierName="medication, active template"/>
            <item root="2.16.840.1.113883.3.100.1.1" identifierName="Source data criteria template"/>
          </templateId>
          <id root="2.16.840.1.113883.3.100.1" extension="OccurrenceAWarfarin3"/>
          <text value="Medication, Active: Warfarin"/>
          <statusCode code="active"/>
          <participation typeCode="CSM">
            <role classCode="THER">
              <code valueSet="2.16.840.1.113883.3.117.1.7.1.232">
                <displayName value="Warfarin"/>
              </code>
            </role>
          </participation>
          <definition>
            <criteriaReference moodCode="EVN" classCode="SBADM">
              <id root="2.16.840.1.113883.3.100.1" extension="medication"/>
            </criteriaReference>
          </definition>
        </substanceAdministrationCriteria>
      </entry>
      <entry typeCode="DRIV">
        <localVariableName value="DiagnosisActiveAtrialFibrillationFlutter"/>
        <observationCriteria moodCode="EVN" classCode="OBS">
          <templateId>
            <item root="2.16.840.1.113883.10.20.28.3.1" identifierName="diagnosis, active template"/>
            <item root="2.16.840.1.113883.3.100.1.1" identifierName="Source data criteria template"/>
          </templateId>
          <id root="2.16.840.1.113883.3.100.1" extension="DiagnosisActiveAtrialFibrillationFlutter"/>
          <text value="Diagnosis, Active: Atrial Fibrillation/Flutter"/>
          <statusCode code="active"/>
          <value xsi:type="CD" valueSet="2.16.840.1.113883.3.117.1.7.1.202">
            <displayName value="Atrial Fibrillation/Flutter"/>
          </value>
          <definition>
            <criteriaReference moodCode="EVN" classCode="OBS">
              <id root="2.16.840.1.113883.3.100.1" extension="diagnosis"/>
            </criteriaReference>
          </definition>
          <outboundRelationship typeCode="SUBJ">
            <subsetCode code="SOURCE"/>
            <criteriaReference classCode="OBS" moodCode="EVN">
              <id root="2.16.840.1.113883.3.100.1" extension="DiagnosisActiveAtrialFibrillationFlutter"/>
            </criteriaReference>
          </outboundRelationship>
        </observationCriteria>
      </entry>
      <entry typeCode="DRIV">
        <localVariableName value="DiagnosisActiveValvularHeartDisease"/>
        <observationCriteria moodCode="EVN" classCode="OBS">
          <templateId>
            <item root="2.16.840.1.113883.10.20.28.3.1" identifierName="diagnosis, active template"/>
            <item root="2.16.840.1.113883.3.100.1.1" identifierName="Source data criteria template"/>
          </templateId>
          <id root="2.16.840.1.113883.3.100.1" extension="DiagnosisActiveValvularHeartDisease"/>
          <text value="Diagnosis, Active: Valvular Heart Disease"/>
          <statusCode code="active"/>
          <value xsi:type="CD" valueSet="2.16.840.1.113883.3.464.1003.104.12.1017">
            <displayName value="Valvular Heart Disease"/>
          </value>
          <definition>
            <criteriaReference moodCode="EVN" classCode="OBS">
              <id root="2.16.840.1.113883.3.100.1" extension="diagnosis"/>
            </criteriaReference>
          </definition>
          <outboundRelationship typeCode="SUBJ">
            <subsetCode code="SOURCE"/>
            <criteriaReference classCode="OBS" moodCode="EVN">
              <id root="2.16.840.1.113883.3.100.1" extension="DiagnosisActiveValvularHeartDisease"/>
            </criteriaReference>
          </outboundRelationship>
        </observationCriteria>
      </entry>
      <entry typeCode="DRIV">
        <localVariableName value="MedicationActiveWarfarin"/>
        <substanceAdministrationCriteria moodCode="EVN" classCode="SBADM">
          <templateId>
            <item root="2.16.840.1.113883.10.20.28.3.44" identifierName="medication, active template"/>
            <item root="2.16.840.1.113883.3.100.1.1" identifierName="Source data criteria template"/>
          </templateId>
          <id root="2.16.840.1.113883.3.100.1" extension="MedicationActiveWarfarin"/>
          <text value="Medication, Active: Warfarin"/>
          <statusCode code="active"/>
          <participation typeCode="CSM">
            <role classCode="THER">
              <code valueSet="2.16.840.1.113883.3.117.1.7.1.232">
                <displayName value="Warfarin"/>
              </code>
            </role>
          </participation>
          <definition>
            <criteriaReference moodCode="EVN" classCode="SBADM">
              <id root="2.16.840.1.113883.3.100.1" extension="medication"/>
            </criteriaReference>
          </definition>
          <outboundRelationship typeCode="SUBJ">
            <subsetCode code="SOURCE"/>
            <criteriaReference classCode="OBS" moodCode="EVN">
              <id root="2.16.840.1.113883.3.100.1" extension="MedicationActiveWarfarin"/>
            </criteriaReference>
          </outboundRelationship>
        </substanceAdministrationCriteria>
      </entry>
      <entry typeCode="DRIV">
        <localVariableName value="PatientCharacteristicSexOncAdministrativeSex"/>
        <observationCriteria moodCode="EVN" classCode="OBS">
          <templateId>
            <item root="2.16.840.1.113883.10.20.28.3.55" identifierName="patient characteristic, gender template"/>
            <item root="2.16.840.1.113883.3.100.1.1" identifierName="Source data criteria template"/>
          </templateId>
          <id root="2.16.840.1.113883.3.100.1" extension="PatientCharacteristicSexOncAdministrativeSex"/>
          <code xsi:type="CD" valueSet="2.16.840.1.113762.1.4.1">
            <displayName value="ONC Administrative Sex"/>
          </code>
          <text value="Patient Characteristic Sex: ONC Administrative Sex"/>
          <definition>
            <criteriaReference moodCode="EVN" classCode="OBS">
              <id root="2.16.840.1.113883.3.100.1" extension="patient_characteristic_gender"/>
            </criteriaReference>
          </definition>
          <outboundRelationship typeCode="SUBJ">
            <subsetCode code="SOURCE"/>
            <criteriaReference classCode="OBS" moodCode="EVN">
              <id root="2.16.840.1.113883.3.100.1" extension="PatientCharacteristicSexOncAdministrativeSex"/>
            </criteriaReference>
          </outboundRelationship>
        </observationCriteria>
      </entry>
      <entry typeCode="DRIV">
        <localVariableName value="PatientCharacteristicRaceRace"/>
        <observationCriteria moodCode="EVN" classCode="OBS">
          <templateId>
            <item root="2.16.840.1.113883.10.20.28.3.59" identifierName="patient characteristic, race template"/>
            <item root="2.16.840.1.113883.3.100.1.1" identifierName="Source data criteria template"/>
          </templateId>
          <id root="2.16.840.1.113883.3.100.1" extension="PatientCharacteristicRaceRace"/>
          <code xsi:type="CD" valueSet="2.16.840.1.114222.4.11.836">
            <displayName value="Race"/>
          </code>
          <text value="Patient Characteristic Race: Race"/>
          <definition>
            <criteriaReference moodCode="EVN" classCode="OBS">
              <id root="2.16.840.1.113883.3.100.1" extension="patient_characteristic_race"/>
            </criteriaReference>
          </definition>
          <outboundRelationship typeCode="SUBJ">
            <subsetCode code="SOURCE"/>
            <criteriaReference classCode="OBS" moodCode="EVN">
              <id root="2.16.840.1.113883.3.100.1" extension="PatientCharacteristicRaceRace"/>
            </criteriaReference>
          </outboundRelationship>
        </observationCriteria>
      </entry>
      <entry typeCode="DRIV">
        <localVariableName value="PatientCharacteristicEthnicityEthnicity"/>
        <observationCriteria moodCode="EVN" classCode="OBS">
          <templateId>
            <item root="2.16.840.1.113883.10.20.28.3.56" identifierName="patient characteristic, ethnicity template"/>
            <item root="2.16.840.1.113883.3.100.1.1" identifierName="Source data criteria template"/>
          </templateId>
          <id root="2.16.840.1.113883.3.100.1" extension="PatientCharacteristicEthnicityEthnicity"/>
          <code xsi:type="CD" valueSet="2.16.840.1.114222.4.11.837">
            <displayName value="Ethnicity"/>
          </code>
          <text value="Patient Characteristic Ethnicity: Ethnicity"/>
          <definition>
            <criteriaReference moodCode="EVN" classCode="OBS">
              <id root="2.16.840.1.113883.3.100.1" extension="patient_characteristic_ethnicity"/>
            </criteriaReference>
          </definition>
          <outboundRelationship typeCode="SUBJ">
            <subsetCode code="SOURCE"/>
            <criteriaReference classCode="OBS" moodCode="EVN">
              <id root="2.16.840.1.113883.3.100.1" extension="PatientCharacteristicEthnicityEthnicity"/>
            </criteriaReference>
          </outboundRelationship>
        </observationCriteria>
      </entry>
      <entry typeCode="DRIV">
        <localVariableName value="PatientCharacteristicPayerPayer"/>
        <observationCriteria moodCode="EVN" classCode="OBS">
          <templateId>
            <item root="2.16.840.1.113883.10.20.28.3.58" identifierName="patient characteristic, payer template"/>
            <item root="2.16.840.1.113883.3.100.1.1" identifierName="Source data criteria template"/>
          </templateId>
          <id root="2.16.840.1.113883.3.100.1" extension="PatientCharacteristicPayerPayer"/>
          <code xsi:type="CD" valueSet="2.16.840.1.114222.4.11.3591">
            <displayName value="Payer"/>
          </code>
          <text value="Patient Characteristic Payer: Payer"/>
          <definition>
            <criteriaReference moodCode="EVN" classCode="OBS">
              <id root="2.16.840.1.113883.3.100.1" extension="patient_characteristic_payer"/>
            </criteriaReference>
          </definition>
          <outboundRelationship typeCode="SUBJ">
            <subsetCode code="SOURCE"/>
            <criteriaReference classCode="OBS" moodCode="EVN">
              <id root="2.16.840.1.113883.3.100.1" extension="PatientCharacteristicPayerPayer"/>
            </criteriaReference>
          </outboundRelationship>
        </observationCriteria>
      </entry>
    </dataCriteriaSection>
  </component>
  <component>
    <populationCriteriaSection>
      <templateId>
        <item root="2.16.840.1.113883.10.20.28.2.1"/>
      </templateId>
      <id root="2.16.840.1.113883.3.100.1" extension="Population0"/>
      <code code="57026-7" codeSystem="2.16.840.1.113883.6.1"/>
      <title value=""/>
      <text value="This section describes the Initial Patient Population, Numerator, Denominator, Denominator Exceptions, and Measure Populations"/>
      <component typeCode="COMP">
        <initialPopulationCriteria classCode="OBS" moodCode="EVN" isCriterionInd="true">
          <id root="c75181d0-73eb-11de-8a39-0800200c9a66" extension="F959FBEC-B4D3-4EFA-9266-3A59CE238B5C"/>
          <code codeSystem="2.16.840.1.113883.5.1063" codeSystemName="HL7 Observation Value" code="IPP">
            <displayName value="Initial Patient Population"/>
          </code>
          <precondition typeCode="PRCN">
            <allTrue>
              <id/>
              <precondition typeCode="PRCN">
                <criteriaReference moodCode="EVN" classCode="OBS">
                  <id root="2.16.840.1.113883.3.100.1" extension="PatientCharacteristicBirthdateBirthDate_precondition_4"/>
                </criteriaReference>
              </precondition>
              <precondition typeCode="PRCN">
                <atLeastOneTrue>
                  <id/>
                  <precondition typeCode="PRCN">
                    <criteriaReference moodCode="EVN" classCode="ENC">
                      <id root="2.16.840.1.113883.3.100.1" extension="EncounterPerformedFaceToFaceInteraction_precondition_6"/>
                    </criteriaReference>
                  </precondition>
                  <precondition typeCode="PRCN">
                    <criteriaReference moodCode="EVN" classCode="ENC">
                      <id root="2.16.840.1.113883.3.100.1" extension="EncounterPerformedOfficeVisit_precondition_8"/>
                    </criteriaReference>
                  </precondition>
                </atLeastOneTrue>
              </precondition>
              <precondition typeCode="PRCN">
                <allTrue>
                  <id/>
                  <precondition typeCode="PRCN">
                    <criteriaReference moodCode="EVN" classCode="OBS">
                      <id root="2.16.840.1.113883.3.100.1" extension="OccurrenceAAtrialFibrillationFlutter1_precondition_13"/>
                    </criteriaReference>
                  </precondition>
                  <precondition typeCode="PRCN">
                    <allFalse>
                      <id/>
                      <precondition typeCode="PRCN">
                        <criteriaReference moodCode="EVN" classCode="OBS">
                          <id root="2.16.840.1.113883.3.100.1" extension="OccurrenceAAtrialFibrillationFlutter1_precondition_15"/>
                        </criteriaReference>
                      </precondition>
                    </allFalse>
                  </precondition>
                </allTrue>
              </precondition>
              <precondition typeCode="PRCN">
                <atLeastOneTrue>
                  <id/>
                  <precondition typeCode="PRCN">
                    <criteriaReference moodCode="EVN" classCode="OBS">
                      <id root="2.16.840.1.113883.3.100.1" extension="OccurrenceAValvularHeartDisease2_precondition_22"/>
                    </criteriaReference>
                  </precondition>
                  <precondition typeCode="PRCN">
                    <atLeastOneFalse>
                      <id/>
                      <precondition typeCode="PRCN">
                        <criteriaReference moodCode="EVN" classCode="OBS">
                          <id root="2.16.840.1.113883.3.100.1" extension="OccurrenceAValvularHeartDisease2_precondition_20"/>
                        </criteriaReference>
                      </precondition>
                    </atLeastOneFalse>
                  </precondition>
                </atLeastOneTrue>
              </precondition>
              <precondition typeCode="PRCN">
                <allTrue>
                  <id/>
                  <precondition typeCode="PRCN">
                    <criteriaReference moodCode="EVN" classCode="SBADM">
                      <id root="2.16.840.1.113883.3.100.1" extension="MedicationActiveWarfarin_precondition_27"/>
                    </criteriaReference>
                  </precondition>
                  <precondition typeCode="PRCN">
                    <allTrue>
                      <id/>
                      <precondition typeCode="PRCN">
                        <criteriaReference moodCode="EVN" classCode="SBADM">
                          <id root="2.16.840.1.113883.3.100.1" extension="OccurrenceAWarfarin3_precondition_29"/>
                        </criteriaReference>
                      </precondition>
                      <precondition typeCode="PRCN">
                        <allFalse>
                          <id/>
                          <precondition typeCode="PRCN">
                            <criteriaReference moodCode="EVN" classCode="SBADM">
                              <id root="2.16.840.1.113883.3.100.1" extension="OccurrenceAWarfarin3_precondition_31"/>
                            </criteriaReference>
                          </precondition>
                        </allFalse>
                      </precondition>
                    </allTrue>
                  </precondition>
                </allTrue>
              </precondition>
            </allTrue>
          </precondition>
        </initialPopulationCriteria>
      </component>
      <component typeCode="COMP">
        <measurePopulationCriteria classCode="OBS" moodCode="EVN" isCriterionInd="true">
          <id root="c75181d0-73eb-11de-8a39-0800200c9a66" extension="2C5F4B52-A657-4F9B-9133-D33072FFEA59"/>
          <code codeSystem="2.16.840.1.113883.5.1063" codeSystemName="HL7 Observation Value" code="MSRPOPL">
            <displayName value="Measure Population"/>
          </code>
          <precondition typeCode="PRCN">
            <allTrue>
              <id/>
              <precondition typeCode="PRCN">
                <criteriaReference moodCode="EVN" classCode="OBS">
                  <id root="2.16.840.1.113883.3.100.1" extension="LaboratoryTestResultInr_precondition_39"/>
                </criteriaReference>
              </precondition>
            </allTrue>
          </precondition>
        </measurePopulationCriteria>
      </component>
    </populationCriteriaSection>
  </component>
  <component>
    <measureObservationsSection>
      <templateId>
        <item root="2.16.840.1.113883.10.20.28.2.4"/>
      </templateId>
      <code code="57027-5" codeSystem="2.16.840.1.113883.6.1">
        <displayName value="Measure Observation"/>
      </code>
      <title value="Measure Observation Section"/>
      <text/>
      <definition typeCode="INST">
        <measureObservationDefinition classCode="OBS" moodCode="DEF">
          <typeId root="2.16.840.1.113883.3.100.1" extension="5CBEA1D0-4637-4A75-BFA4-FC5789E16B55"/>
          <code code="AGGREGATE" codeSystem="2.16.840.1.113883.5.4"> </code>
          <value xsi:type="PQ">
            <expression value="NOT IMPLEMENTED"/>
          </value>
          <methodCode>
            <item code="MEAN" codeSystem="2.16.840.1.113883.5.84"/>
          </methodCode>
          <precondition typeCode="PRCN">
            <join moodCode="DEF" classCode="OBS">
              <templateId>
                <item root="2.16.840.1.113883.3.100.1" extension="LaboratoryTestResultComputedValueInrPercentTtr_precondition_43" identifierName="OBS"/>
              </templateId>
              <value/>
            </join>
          </precondition>
          <precondition typeCode="PRCN">
            <join moodCode="DEF" classCode="OBS">
              <templateId>
                <item root="c75181d0-73eb-11de-8a39-0800200c9a66" extension="2C5F4B52-A657-4F9B-9133-D33072FFEA59"/>
              </templateId>
              <value/>
            </join>
          </precondition>
        </measureObservationDefinition>
      </definition>
    </measureObservationsSection>
  </component>
</QualityMeasureDocument>
