<?xml version="1.0" encoding="utf-8"?>
<QualityMeasureDocument xmlns="urn:hl7-org:v3" xmlns:xsi="http://www.w3.org/2001/XMLSchema-instance" xmlns:qdm="urn:hhs-qdm:hqmf-r2-extensions:v1">
  <typeId root="2.16.840.1.113883.1.3" extension="POQM_MT000001UV03"/>
  <templateId>
    <item root="2.16.840.1.113883.10.20.28.1.1"/>
  </templateId>
  <id root="2.16.840.1.113883.3.100.1" extension="40280381-4555-E1C1-0145-B9A06ACE3771"/>
  <code code="57024-2" codeSystem="2.16.840.1.113883.6.1"/>
  <title value="Anti-depressant Medication Management"/>
  <text value="Percentage of patients 18 years of age and older who were diagnosed with major depression and treated with antidepressant medication, and who remained on antidepressant medication treatment. Two rates are reported.  a. Percentage of patients who remained on an antidepressant medication for at least 84 days (12 weeks).  b. Percentage of patients who remained on an antidepressant medication for at least 180 days (6 months)."/>
  <statusCode code="completed"/>
  <setId root="2.16.840.1.113883.3.100.1" extension="8924F2B3-EC06-4650-B634-D70A53DEE577"/>
  <versionNumber value="3"/>
  <author typeCode="AUT">
    <responsibleParty classCode="ASSIGNED"/>
  </author>
  <custodian typeCode="CST">
    <responsibleParty classCode="ASSIGNED"/>
  </custodian>
  <controlVariable>
    <measurePeriod>
      <code code="MSRTP" codeSystem="2.16.840.1.113883.3.560">
        <displayName value="Measurement period"/>
      </code>
      <value xsi:type="PIVL_TS">
        <phase lowClosed="true" highClosed="true">
          <low value="201201010000"/>
          <high value="201212312359"/>
          <width xsi:type="PQ" value="1" unit="a"/>
        </phase>
      </value>
    </measurePeriod>
  </controlVariable>
  <subjectOf>
    <measureAttribute classCode="OBS" moodCode="EVN">
      <code nullFlavor="OTH">
        <originalText value="Finalized Date/Time"/>
      </code>
      <value xsi:type="ANY" flavorId="ANY.NONNULL"/>
    </measureAttribute>
  </subjectOf>
  <subjectOf>
    <measureAttribute classCode="OBS" moodCode="EVN">
      <code codeSystem="2.16.840.1.113883.5.4" code="COPY">
        <displayName value="Copyright"/>
      </code>
      <value xsi:type="ED" mediaType="text/plain" value="Physician Performance Measure (Measures) and related data specifications were developed by the National Committee for Quality Assurance (NCQA).   The Measures are copyrighted but can be reproduced and distributed, without modification, for noncommercial purposes (eg, use by healthcare providers in connection with their practices). Commercial use is defined as the sale, licensing, or distribution of the Measures for commercial gain, or incorporation of the Measures into a product or service that is sold, licensed or distributed for commercial gain. Commercial use of the Measures requires a license agreement between the user and NCQA. NCQA is not responsible for any use of the Measures.   (c) 2008 -2014 National Committee for Quality Assurance. All Rights Reserved.   Limited proprietary coding is contained in the Measure specifications for user convenience. Users of proprietary code sets should obtain all necessary licenses from the owners of the code sets.  NCQA disclaims all liability for use or accuracy of any CPT or other codes contained in the specifications.  CPT(R) contained in the Measure specifications is copyright 2004-2013 American Medical Association. LOINC(R) copyright 2004-2013 Regenstrief Institute, Inc. This material contains SNOMED Clinical Terms(R) (SNOMED CT[R]) copyright 2004-2013 International Health Terminology Standards Development Organisation. ICD-10 copyright 2013 World Health Organization. All Rights Reserved."/>
    </measureAttribute>
  </subjectOf>
  <subjectOf>
    <measureAttribute classCode="OBS" moodCode="EVN">
      <code codeSystem="2.16.840.1.113883.5.4" code="MSRSCORE">
        <displayName value="Measure Scoring"/>
      </code>
      <value xsi:type="CD" codeSystem="2.16.840.1.113883.1.11.20367" code="PROPOR">
        <displayName value="Proportion"/>
      </value>
    </measureAttribute>
  </subjectOf>
  <subjectOf>
    <measureAttribute classCode="OBS" moodCode="EVN">
      <code codeSystem="2.16.840.1.113883.5.4" code="MSRTYPE">
        <displayName value="Measure Type"/>
      </code>
      <value xsi:type="CD" codeSystem="2.16.840.1.113883.1.11.20368" code="PROCESS">
        <displayName value="Process"/>
      </value>
    </measureAttribute>
  </subjectOf>
  <subjectOf>
    <measureAttribute classCode="OBS" moodCode="EVN">
      <code codeSystem="2.16.840.1.113883.5.4" code="STRAT">
        <displayName value="Stratification"/>
      </code>
      <value xsi:type="ED" mediaType="text/plain" value="None"/>
    </measureAttribute>
  </subjectOf>
  <subjectOf>
    <measureAttribute classCode="OBS" moodCode="EVN">
      <code codeSystem="2.16.840.1.113883.5.4" code="MSRADJ">
        <displayName value="Risk Adjustment"/>
      </code>
      <value xsi:type="ED" mediaType="text/plain" value="None"/>
    </measureAttribute>
  </subjectOf>
  <subjectOf>
    <measureAttribute classCode="OBS" moodCode="EVN">
      <code codeSystem="2.16.840.1.113883.5.4" code="MSRAGG">
        <displayName value="Rate Aggregation"/>
      </code>
      <value xsi:type="ED" mediaType="text/plain" value="None"/>
    </measureAttribute>
  </subjectOf>
  <subjectOf>
    <measureAttribute classCode="OBS" moodCode="EVN">
      <code codeSystem="2.16.840.1.113883.5.4" code="RAT">
        <displayName value="Rationale"/>
      </code>
      <value xsi:type="ED" mediaType="text/plain" value="Depression affects nearly 15 million adults in the U.S. (National Alliance on Mental Illness 2009) and is estimated to affect nearly a quarter of adults in their lifetime (Burcusa and Iacono 2007). Symptoms of depression include appetite and sleep disturbances, anxiety, irritability and decreased concentration (Charbonneau et al. 2005). The American Psychiatric Association recommends use of antidepressant medication and behavioral therapies, such as psychotherapy, to treat depression (American Psychiatric Association 2010).  For the past 50 years, antidepressant medication has proven to be effective especially for patients with more severe symptoms (Fournier et al. 2010). Among patients who initiate antidepressant treatment, one in three discontinues treatment within one month, before the effect of medication can be assessed, and nearly one in two discontinues treatment within three months (Simon 2002).  Due to increased risky behaviors for chronic disease (e.g., physical inactivity, smoking, excessive drinking and insufficient sleep), evidence has shown that depressive disorders are strongly related to the occurrence of many chronic diseases including diabetes, cancer, cardiovascular disease and asthma (Centers for Disease Control and Prevention 2011).  Aligning depression quality improvement with methods used in managing other chronic illnesses has been an important step in depression care. Depression management systems have demonstrated improved short- and long-term outcomes of depression severity and persistence, employment retention, functional status and patient satisfaction (Katon et al. 2002; Rost et al. 2001)."/>
    </measureAttribute>
  </subjectOf>
  <subjectOf>
    <measureAttribute classCode="OBS" moodCode="EVN">
      <code codeSystem="2.16.840.1.113883.3.560" code="CRS">
        <displayName value="Clinical Recommendation Statement"/>
      </code>
      <value xsi:type="ED" mediaType="text/plain" value="American Psychiatric Association (APA 2010):  Successful treatment of patients with major depressive disorder is promoted by a thorough assessment of the patient and close adherence to treatment plans. Treatment consists of an acute phase, during which remission is induced; a continuation phase, during which remission is preserved; and a maintenance phase, during which the susceptible patient is protected against the recurrence of a subsequent major depressive episode.  Acute Phase: An antidepressant medication is recommended as an initial treatment choice for patients with mild to moderate major depressive disorder [I: Recommended with substantial clinical confidence] and definitely should be provided for those with severe major depressive disorder unless electroconvulsive therapy (ECT) is planned [I: Recommended with substantial clinical confidence]. For most patients, a selective serotonin reuptake inhibitor (SSRI), serotonin norepinephrine reuptake inhibitor (SNRI), mirtazapine, or bupropion is optimal [I: Recommended with substantial clinical confidence]. In general, the use of nonselective monoamine oxidase inhibitors (MAOIs) (e.g., phenelzine, tranylcypromine, isocarboxazid) should be restricted to patients who do not respond to other treatments [I: Recommended with substantial clinical confidence], given the necessity for dietary restrictions with these medications and the potential for deleterious drug-drug interactions.   During the acute phase of treatment, patients should be carefully and systematically monitored on a regular basis to assess their response to pharmacotherapy, identify the emergence of side effects (e.g., gastrointestinal symptoms, sedation, insomnia, activation, changes in weight, and cardiovascular, neurological, anticholinergic, or sexual side effects), and assess patient safety [I: Recommended with substantial clinical confidence]. If antidepressant side effects do occur, an initial strategy is to lower the dose of the antidepressant or to change to an antidepressant that is not associated with that side effect [I: Recommended with substantial clinical confidence].  Continuation Phase: During the continuation phase of treatment, the patient should be carefully monitored for signs of possible relapse [I: Recommended with substantial clinical confidence]. Systematic assessment of symptoms, side effects, adherence, and functional status is essential [I: Recommended with substantial clinical confidence], and may be facilitated through the use of clinician- and/or patient-administered rating scales [II: Recommended with moderate clinical confidence]. To reduce the risk of relapse, patients who have been treated successfully with antidepressant medications in the acute phase should continue treatment with these agents for 4–9 months [I: Recommended with substantial clinical confidence]. In general, the dose used in the acute phase should be used in the continuation phase [II: Recommended with moderate clinical confidence]. To prevent a relapse of depression in the continuation phase, depression-focused psychotherapy is recommended [I: Recommended with substantial clinical confidence], with the best evidence available for cognitive-behavioral therapy.  Maintenance Phase: During the maintenance phase, an antidepressant medication that produced symptom remission during the acute phase and maintained remission during the continuation phase should be continued at a full therapeutic dose [II: Recommended with moderate clinical confidence]."/>
    </measureAttribute>
  </subjectOf>
  <subjectOf>
    <measureAttribute classCode="OBS" moodCode="EVN">
      <code codeSystem="2.16.840.1.113883.3.560" code="IDUR">
        <displayName value="Improvement Notation"/>
      </code>
      <value xsi:type="ED" mediaType="text/plain" value="Higher score indicates better quality."/>
    </measureAttribute>
  </subjectOf>
  <subjectOf>
    <measureAttribute classCode="OBS" moodCode="EVN">
      <code nullFlavor="OTH">
        <originalText value="NQF ID Number"/>
      </code>
      <value xsi:type="II" root="2.16.840.1.113883.3.560.1" extension="0105"/>
    </measureAttribute>
  </subjectOf>
  <subjectOf>
    <measureAttribute classCode="OBS" moodCode="EVN">
      <code codeSystem="2.16.840.1.113883.5.4" code="DISC">
        <displayName value="Disclaimer"/>
        <originalText value="Disclaimer"/>
      </code>
      <value xsi:type="ED" mediaType="text/plain" value="These performance Measures are not clinical guidelines and do not establish a standard of medical care, and have not been tested for all potential applications.  THE MEASURES AND SPECIFICATIONS ARE PROVIDED “AS IS” WITHOUT WARRANTY OF ANY KIND.   Due to technical limitations, registered trademarks are indicated by (R) or [R] and unregistered trademarks are indicated by (TM) or [TM]."/>
    </measureAttribute>
  </subjectOf>
  <subjectOf>
    <measureAttribute classCode="OBS" moodCode="EVN">
      <code nullFlavor="OTH">
        <originalText value="eMeasure Identifier"/>
      </code>
      <value xsi:type="ED" mediaType="text/plain" value="128"/>
    </measureAttribute>
  </subjectOf>
  <subjectOf>
    <measureAttribute classCode="OBS" moodCode="EVN">
      <code codeSystem="2.16.840.1.113883.5.4" code="REF">
        <displayName value="Reference"/>
      </code>
      <value xsi:type="ED" mediaType="text/plain" value="Centers for Disease Control and Prevention (CDC). 2011. “Mental Health: Mental Health Basics.” http://www.cdc.gov/mentalhealth/basics.htm (July 27, 2011)"/>
    </measureAttribute>
  </subjectOf>
  <subjectOf>
    <measureAttribute classCode="OBS" moodCode="EVN">
      <code codeSystem="2.16.840.1.113883.3.560" code="DEF">
        <displayName value="Definition"/>
      </code>
      <value xsi:type="ED" mediaType="text/plain" value="Index Episode Start Date (IESD): The earliest diagnosis of major depression during the period beginning 180 days prior to the measurement period through 180 days after the start of the measurement period. Index Prescription Start Date (IPSD): The earliest prescription dispensing event for an antidepressant medication during the period of 30 days prior to the IESD through 14 days after the IESD."/>
    </measureAttribute>
  </subjectOf>
  <subjectOf>
    <measureAttribute classCode="OBS" moodCode="EVN">
      <code codeSystem="2.16.840.1.113883.5.4" code="GUIDE">
        <displayName value="Guidance"/>
      </code>
      <value xsi:type="ED" mediaType="text/plain" value="To identify new treatment episodes for major depression, there must be a 90-day negative medication history (a period during which the patient was not taking antidepressant medication) prior to the first dispensing event associated with the Index Episode Start Date (Index Prescription Start Date).  CUMULATIVE MEDICATION DURATION is an individual’s total number of medication days over a specific period; the period counts multiple prescriptions with gaps in between, but does not count the gaps during which a medication was not dispensed.   To determine the cumulative medication duration, determine first the number of the Medication Days for each prescription in the period: the number of doses divided by the dose frequency per day. Then add the Medication Days for each prescription without counting any days between the prescriptions.  For example, there is an original prescription for 30 days with 2 refills for thirty days each. After a gap of 3 months, the medication was prescribed again for 60 days with 1 refill for 60 days. The cumulative medication duration is (30 x 3) + (60 x 2) = 210 days over the 10 month period."/>
    </measureAttribute>
  </subjectOf>
  <subjectOf>
    <measureAttribute classCode="OBS" moodCode="EVN">
      <code nullFlavor="OTH">
        <originalText value="Transmission Format"/>
      </code>
      <value xsi:type="ED" mediaType="text/plain" value="TBD"/>
    </measureAttribute>
  </subjectOf>
  <subjectOf>
    <measureAttribute classCode="OBS" moodCode="EVN">
      <code codeSystem="2.16.840.1.113883.5.1063" code="IPP">
        <originalText value="Initial Patient Population"/>
      </code>
      <value xsi:type="ED" mediaType="text/plain" value="Patients 18 years of age and older with a diagnosis of major depression in the 270 days (9 months) prior to the measurement period or the first 90 days (3 months) of the measurement period, who were treated with antidepressant medication, and with a visit during the measurement period"/>
    </measureAttribute>
  </subjectOf>
  <subjectOf>
    <measureAttribute classCode="OBS" moodCode="EVN">
      <code codeSystem="2.16.840.1.113883.5.1063" code="DENOM">
        <originalText value="Denominator"/>
      </code>
      <value xsi:type="ED" mediaType="text/plain" value="Equals Initial Patient Population"/>
    </measureAttribute>
  </subjectOf>
  <subjectOf>
    <measureAttribute classCode="OBS" moodCode="EVN">
      <code nullFlavor="OTH">
        <originalText value="Denominator Exclusions"/>
      </code>
      <value xsi:type="ED" mediaType="text/plain" value="Patients who were actively on an antidepressant medication in the 90 days prior to the Index Prescription Start Date"/>
    </measureAttribute>
  </subjectOf>
  <subjectOf>
    <measureAttribute classCode="OBS" moodCode="EVN">
      <code codeSystem="2.16.840.1.113883.5.1063" code="NUMER">
        <originalText value="Numerator"/>
      </code>
      <value xsi:type="ED" mediaType="text/plain" value="Numerator 1: Patients who have received antidepressant medication for at least 84 days (12 weeks) of continuous treatment during the 114-day period following the Index Prescription Start Date  Numerator 2: Patients who have received antidepressant medications for at least 180 days (6 months) of continuous treatment during the 231-day period following the Index Prescription Start Date"/>
    </measureAttribute>
  </subjectOf>
  <subjectOf>
    <measureAttribute classCode="OBS" moodCode="EVN">
      <code nullFlavor="OTH">
        <originalText value="Numerator Exclusions"/>
      </code>
      <value xsi:type="ED" mediaType="text/plain" value="Not Applicable"/>
    </measureAttribute>
  </subjectOf>
  <subjectOf>
    <measureAttribute classCode="OBS" moodCode="EVN">
      <code codeSystem="2.16.840.1.113883.5.1063" code="DENEXCEP">
        <originalText value="Denominator Exceptions"/>
      </code>
      <value xsi:type="ED" mediaType="text/plain" value="None"/>
    </measureAttribute>
  </subjectOf>
  <subjectOf>
    <measureAttribute classCode="OBS" moodCode="EVN">
      <code codeSystem="2.16.840.1.113883.5.1063" code="MSRPOPL">
        <originalText value="Measure Population"/>
      </code>
      <value xsi:type="ED" mediaType="text/plain" value="Not Applicable"/>
    </measureAttribute>
  </subjectOf>
  <subjectOf>
    <measureAttribute classCode="OBS" moodCode="EVN">
      <code nullFlavor="OTH">
        <originalText value="Measure Observations"/>
      </code>
      <value xsi:type="ED" mediaType="text/plain" value="Not Applicable"/>
    </measureAttribute>
  </subjectOf>
  <subjectOf>
    <measureAttribute classCode="OBS" moodCode="EVN">
      <code nullFlavor="OTH">
        <originalText value="Supplemental Data Elements"/>
      </code>
      <value xsi:type="ED" mediaType="text/plain" value="For every patient evaluated by this measure also identify payer, race, ethnicity and sex."/>
    </measureAttribute>
  </subjectOf>
  <component>
    <dataCriteriaSection>
      <templateId>
        <item root="2.16.840.1.113883.10.20.28.2.2"/>
      </templateId>
      <code code="57025-9" codeSystem="2.16.840.1.113883.6.1"/>
      <title value="Data Criteria Section"/>
      <text value="This section describes the data criteria."/>
      <entry typeCode="DRIV">
        <localVariableName value="OccurrenceAOccurrenceAAntidepressantMedication1"/>
        <supplyCriteria moodCode="EVN" classCode="SPLY">
          <id root="2.16.840.1.113883.3.100.1" extension="OccurrenceAAntidepressantMedication1"/>
          <statusCode code="dispensed"/>
          <outboundRelationship typeCode="OCCR">
            <localVariableName controlInformationRoot="MEDICATION_DISPENSED_ANTIDEPRESSANT_MEDICATION" controlInformationExtension="A"/>
            <criteriaReference classCode="OBS" moodCode="EVN">
              <id root="2.16.840.1.113883.3.100.1" extension="OccurrenceAAntidepressantMedication1"/>
            </criteriaReference>
          </outboundRelationship>
        </supplyCriteria>
      </entry>
      <entry typeCode="DRIV">
        <localVariableName value="OccurrenceAOccurrenceAMajorDepression2"/>
        <observationCriteria moodCode="EVN" classCode="OBS">
          <id root="2.16.840.1.113883.3.100.1" extension="OccurrenceAMajorDepression2"/>
          <statusCode code="active"/>
          <value xsi:type="CD" valueSet="2.16.840.1.113883.3.464.1003.105.12.1007">
            <displayName value="Major Depression"/>
          </value>
          <outboundRelationship typeCode="OCCR">
            <localVariableName controlInformationRoot="DIAGNOSIS_ACTIVE_MAJOR_DEPRESSION" controlInformationExtension="A"/>
            <criteriaReference classCode="OBS" moodCode="EVN">
              <id root="2.16.840.1.113883.3.100.1" extension="OccurrenceAMajorDepression2"/>
            </criteriaReference>
          </outboundRelationship>
        </observationCriteria>
      </entry>
      <entry typeCode="DRIV">
        <localVariableName value="MedicationDispensedAntidepressantMedication"/>
        <supplyCriteria moodCode="EVN" classCode="SPLY">
          <templateId>
            <item root="2.16.840.1.113883.10.20.28.3.49" identifierName="medication, dispensed template"/>
          </templateId>
          <id root="2.16.840.1.113883.3.100.1" extension="MedicationDispensedAntidepressantMedication"/>
          <text value="Medication, Dispensed: Antidepressant Medication"/>
          <statusCode code="dispensed"/>
          <participation typeCode="PRD">
            <role classCode="THER">
              <code valueSet="2.16.840.1.113883.3.464.1003.196.12.1213">
                <displayName value="Antidepressant Medication"/>
              </code>
            </role>
          </participation>
          <definition>
            <criteriaReference moodCode="EVN" classCode="SPLY">
              <id root="2.16.840.1.113883.3.100.1" extension="medication"/>
            </criteriaReference>
          </definition>
          <outboundRelationship typeCode="SUBJ">
            <subsetCode code="SOURCE"/>
            <criteriaReference classCode="OBS" moodCode="EVN">
              <id root="2.16.840.1.113883.3.100.1" extension="MedicationDispensedAntidepressantMedication"/>
            </criteriaReference>
          </outboundRelationship>
        </supplyCriteria>
      </entry>
      <entry typeCode="DRIV">
        <localVariableName value="DiagnosisActiveMajorDepression"/>
        <observationCriteria moodCode="EVN" classCode="OBS">
          <templateId>
            <item root="2.16.840.1.113883.10.20.28.3.1" identifierName="diagnosis, active template"/>
          </templateId>
          <id root="2.16.840.1.113883.3.100.1" extension="DiagnosisActiveMajorDepression"/>
          <text value="Diagnosis, Active: Major Depression"/>
          <statusCode code="active"/>
          <value xsi:type="CD" valueSet="2.16.840.1.113883.3.464.1003.105.12.1007">
            <displayName value="Major Depression"/>
          </value>
          <definition>
            <criteriaReference moodCode="EVN" classCode="OBS">
              <id root="2.16.840.1.113883.3.100.1" extension="diagnosis"/>
            </criteriaReference>
          </definition>
          <outboundRelationship typeCode="SUBJ">
            <subsetCode code="SOURCE"/>
            <criteriaReference classCode="OBS" moodCode="EVN">
              <id root="2.16.840.1.113883.3.100.1" extension="DiagnosisActiveMajorDepression"/>
            </criteriaReference>
          </outboundRelationship>
        </observationCriteria>
      </entry>
      <entry typeCode="DRIV">
        <localVariableName value="PatientCharacteristicEthnicityEthnicity"/>
        <observationCriteria moodCode="EVN" classCode="OBS">
          <templateId>
            <item root="2.16.840.1.113883.10.20.28.3.56" identifierName="patient characteristic, ethnicity template"/>
          </templateId>
          <id root="2.16.840.1.113883.3.100.1" extension="PatientCharacteristicEthnicityEthnicity"/>
          <code xsi:type="CD" valueSet="2.16.840.1.114222.4.11.837">
            <displayName value="Ethnicity"/>
          </code>
          <text value="Patient Characteristic Ethnicity: Ethnicity"/>
          <definition>
            <criteriaReference moodCode="EVN" classCode="OBS">
              <id root="2.16.840.1.113883.3.100.1" extension="patient_characteristic_ethnicity"/>
            </criteriaReference>
          </definition>
          <outboundRelationship typeCode="SUBJ">
            <subsetCode code="SOURCE"/>
            <criteriaReference classCode="OBS" moodCode="EVN">
              <id root="2.16.840.1.113883.3.100.1" extension="PatientCharacteristicEthnicityEthnicity"/>
            </criteriaReference>
          </outboundRelationship>
        </observationCriteria>
      </entry>
      <entry typeCode="DRIV">
        <localVariableName value="PatientCharacteristicSexOncAdministrativeSex"/>
        <observationCriteria moodCode="EVN" classCode="OBS">
          <templateId>
            <item root="2.16.840.1.113883.10.20.28.3.55" identifierName="patient characteristic, gender template"/>
          </templateId>
          <id root="2.16.840.1.113883.3.100.1" extension="PatientCharacteristicSexOncAdministrativeSex"/>
          <code xsi:type="CD" valueSet="2.16.840.1.113762.1.4.1">
            <displayName value="ONC Administrative Sex"/>
          </code>
          <text value="Patient Characteristic Sex: ONC Administrative Sex"/>
          <definition>
            <criteriaReference moodCode="EVN" classCode="OBS">
              <id root="2.16.840.1.113883.3.100.1" extension="patient_characteristic_gender"/>
            </criteriaReference>
          </definition>
          <outboundRelationship typeCode="SUBJ">
            <subsetCode code="SOURCE"/>
            <criteriaReference classCode="OBS" moodCode="EVN">
              <id root="2.16.840.1.113883.3.100.1" extension="PatientCharacteristicSexOncAdministrativeSex"/>
            </criteriaReference>
          </outboundRelationship>
        </observationCriteria>
      </entry>
      <entry typeCode="DRIV">
        <localVariableName value="PatientCharacteristicPayerPayer"/>
        <observationCriteria moodCode="EVN" classCode="OBS">
          <templateId>
            <item root="2.16.840.1.113883.10.20.28.3.58" identifierName="patient characteristic, payer template"/>
          </templateId>
          <id root="2.16.840.1.113883.3.100.1" extension="PatientCharacteristicPayerPayer"/>
          <code xsi:type="CD" valueSet="2.16.840.1.114222.4.11.3591">
            <displayName value="Payer"/>
          </code>
          <text value="Patient Characteristic Payer: Payer"/>
          <definition>
            <criteriaReference moodCode="EVN" classCode="OBS">
              <id root="2.16.840.1.113883.3.100.1" extension="patient_characteristic_payer"/>
            </criteriaReference>
          </definition>
          <outboundRelationship typeCode="SUBJ">
            <subsetCode code="SOURCE"/>
            <criteriaReference classCode="OBS" moodCode="EVN">
              <id root="2.16.840.1.113883.3.100.1" extension="PatientCharacteristicPayerPayer"/>
            </criteriaReference>
          </outboundRelationship>
        </observationCriteria>
      </entry>
      <entry typeCode="DRIV">
        <localVariableName value="PatientCharacteristicRaceRace"/>
        <observationCriteria moodCode="EVN" classCode="OBS">
          <templateId>
            <item root="2.16.840.1.113883.10.20.28.3.59" identifierName="patient characteristic, race template"/>
          </templateId>
          <id root="2.16.840.1.113883.3.100.1" extension="PatientCharacteristicRaceRace"/>
          <code xsi:type="CD" valueSet="2.16.840.1.114222.4.11.836">
            <displayName value="Race"/>
          </code>
          <text value="Patient Characteristic Race: Race"/>
          <definition>
            <criteriaReference moodCode="EVN" classCode="OBS">
              <id root="2.16.840.1.113883.3.100.1" extension="patient_characteristic_race"/>
            </criteriaReference>
          </definition>
          <outboundRelationship typeCode="SUBJ">
            <subsetCode code="SOURCE"/>
            <criteriaReference classCode="OBS" moodCode="EVN">
              <id root="2.16.840.1.113883.3.100.1" extension="PatientCharacteristicRaceRace"/>
            </criteriaReference>
          </outboundRelationship>
        </observationCriteria>
      </entry>
      <entry typeCode="DRIV">
        <localVariableName value="PatientCharacteristicBirthdateBirthDate_precondition_3"/>
        <observationCriteria moodCode="EVN" classCode="OBS">
          <templateId>
            <item root="2.16.840.1.113883.10.20.28.3.54" identifierName="patient characteristic, birthdate template"/>
          </templateId>
          <id root="2.16.840.1.113883.3.100.1" extension="PatientCharacteristicBirthdateBirthDate_precondition_3"/>
          <code xsi:type="CD" valueSet="2.16.840.1.113883.3.560.100.4">
            <displayName value="birth date"/>
          </code>
          <text value="Patient Characteristic Birthdate: birth date"/>
          <definition>
            <criteriaReference moodCode="EVN" classCode="OBS">
              <id root="2.16.840.1.113883.3.100.1" extension="patient_characteristic_birthdate"/>
            </criteriaReference>
          </definition>
          <temporallyRelatedInformation typeCode="SBS">
            <qdm:temporalInformation precisionUnit="d">
              <qdm:delta lowClosed="true">
                <low value="18" unit="a"/>
                <high nullFlavor="PINF"/>
              </qdm:delta>
            </qdm:temporalInformation>
            <criteriaReference moodCode="EVN" classCode="OBS">
              <id root="2.16.840.1.113883.3.100.1" extension="MeasurePeriod"/>
            </criteriaReference>
          </temporallyRelatedInformation>
          <outboundRelationship typeCode="SUBJ">
            <subsetCode code="SOURCE"/>
            <criteriaReference classCode="OBS" moodCode="EVN">
              <id root="2.16.840.1.113883.3.100.1" extension="PatientCharacteristicBirthdateBirthDate"/>
            </criteriaReference>
          </outboundRelationship>
        </observationCriteria>
      </entry>
      <entry typeCode="DRIV">
        <localVariableName value="OccurrenceAOccurrenceAMajorDepression2_precondition_5"/>
        <observationCriteria moodCode="EVN" classCode="OBS">
          <id root="2.16.840.1.113883.3.100.1" extension="OccurrenceAMajorDepression2_precondition_5"/>
          <statusCode code="active"/>
          <value xsi:type="CD" valueSet="2.16.840.1.113883.3.464.1003.105.12.1007">
            <displayName value="Major Depression"/>
          </value>
          <temporallyRelatedInformation typeCode="SAS">
            <qdm:temporalInformation precisionUnit="d">
              <qdm:delta highClosed="true">
                <low nullFlavor="NINF"/>
                <high value="90" unit="d"/>
              </qdm:delta>
            </qdm:temporalInformation>
            <criteriaReference moodCode="EVN" classCode="OBS">
              <id root="2.16.840.1.113883.3.100.1" extension="MeasurePeriod"/>
            </criteriaReference>
          </temporallyRelatedInformation>
          <outboundRelationship typeCode="OCCR">
            <localVariableName controlInformationRoot="DIAGNOSIS_ACTIVE_MAJOR_DEPRESSION" controlInformationExtension="A"/>
            <criteriaReference classCode="OBS" moodCode="EVN">
              <id root="2.16.840.1.113883.3.100.1" extension="OccurrenceAMajorDepression2"/>
            </criteriaReference>
          </outboundRelationship>
        </observationCriteria>
      </entry>
      <entry typeCode="DRIV">
        <localVariableName value="OccurrenceAOccurrenceAMajorDepression2_precondition_7"/>
        <observationCriteria moodCode="EVN" classCode="OBS">
          <id root="2.16.840.1.113883.3.100.1" extension="OccurrenceAMajorDepression2_precondition_7"/>
          <statusCode code="active"/>
          <value xsi:type="CD" valueSet="2.16.840.1.113883.3.464.1003.105.12.1007">
            <displayName value="Major Depression"/>
          </value>
          <temporallyRelatedInformation typeCode="SBS">
            <qdm:temporalInformation precisionUnit="d">
              <qdm:delta highClosed="true">
                <low nullFlavor="NINF"/>
                <high value="270" unit="d"/>
              </qdm:delta>
            </qdm:temporalInformation>
            <criteriaReference moodCode="EVN" classCode="OBS">
              <id root="2.16.840.1.113883.3.100.1" extension="MeasurePeriod"/>
            </criteriaReference>
          </temporallyRelatedInformation>
          <outboundRelationship typeCode="OCCR">
            <localVariableName controlInformationRoot="DIAGNOSIS_ACTIVE_MAJOR_DEPRESSION" controlInformationExtension="A"/>
            <criteriaReference classCode="OBS" moodCode="EVN">
              <id root="2.16.840.1.113883.3.100.1" extension="OccurrenceAMajorDepression2"/>
            </criteriaReference>
          </outboundRelationship>
        </observationCriteria>
      </entry>
      <entry typeCode="DRIV">
        <localVariableName value="GROUP_FIRST_49"/>
        <grouperCriteria moodCode="EVN" classCode="GROUPER">
          <id root="2.16.840.1.113883.3.100.1" extension="GROUP_FIRST_49"/>
          <text value=""/>
          <definition>
            <criteriaReference moodCode="EVN" classCode="GROUPER">
              <id root="2.16.840.1.113883.3.100.1" extension="derived"/>
            </criteriaReference>
          </definition>
          <outboundRelationship typeCode="SUBJ">
            <subsetCode code="SOURCE"/>
            <criteriaReference classCode="OBS" moodCode="EVN">
              <id root="2.16.840.1.113883.3.100.1" extension="GROUP_FIRST_49"/>
            </criteriaReference>
          </outboundRelationship>
          <outboundRelationship typeCode="COMP">
            <conjunctionCode code="OR"/>
            <criteriaReference moodCode="EVN" classCode="OBS">
              <id root="2.16.840.1.113883.3.100.1" extension="OccurrenceAMajorDepression2_precondition_5"/>
            </criteriaReference>
          </outboundRelationship>
          <outboundRelationship typeCode="COMP">
            <conjunctionCode code="OR"/>
            <criteriaReference moodCode="EVN" classCode="OBS">
              <id root="2.16.840.1.113883.3.100.1" extension="OccurrenceAMajorDepression2_precondition_7"/>
            </criteriaReference>
          </outboundRelationship>
          <excerpt typeCode="XCRPT">
            <!-- Subset operator for: FIRST -->
            <sequenceNumber value="1"/>
            <grouperCriteria moodCode="EVN" classCode="GROUPER">
              <id root="2.16.840.1.113883.3.100.1" extension="GROUP_FIRST_49"/>
            </grouperCriteria>
          </excerpt>
        </grouperCriteria>
      </entry>
      <entry typeCode="DRIV">
        <localVariableName value="OccurrenceAOccurrenceAAntidepressantMedication1_precondition_12"/>
        <supplyCriteria moodCode="EVN" classCode="SPLY">
          <id root="2.16.840.1.113883.3.100.1" extension="OccurrenceAAntidepressantMedication1_precondition_12"/>
          <statusCode code="dispensed"/>
          <temporallyRelatedInformation typeCode="SAS">
            <qdm:temporalInformation precisionUnit="d">
              <qdm:delta highClosed="true">
                <low nullFlavor="NINF"/>
                <high value="14" unit="d"/>
              </qdm:delta>
            </qdm:temporalInformation>
            <criteriaReference moodCode="EVN" classCode="OBS">
              <id root="2.16.840.1.113883.3.100.1" extension="OccurrenceAMajorDepression2"/>
            </criteriaReference>
          </temporallyRelatedInformation>
          <outboundRelationship typeCode="OCCR">
            <localVariableName controlInformationRoot="MEDICATION_DISPENSED_ANTIDEPRESSANT_MEDICATION" controlInformationExtension="A"/>
            <criteriaReference classCode="OBS" moodCode="EVN">
              <id root="2.16.840.1.113883.3.100.1" extension="OccurrenceAAntidepressantMedication1"/>
            </criteriaReference>
          </outboundRelationship>
        </supplyCriteria>
      </entry>
      <entry typeCode="DRIV">
        <localVariableName value="OccurrenceAOccurrenceAAntidepressantMedication1_precondition_14"/>
        <supplyCriteria moodCode="EVN" classCode="SPLY">
          <id root="2.16.840.1.113883.3.100.1" extension="OccurrenceAAntidepressantMedication1_precondition_14"/>
          <statusCode code="dispensed"/>
          <temporallyRelatedInformation typeCode="SBS">
            <qdm:temporalInformation precisionUnit="d">
              <qdm:delta highClosed="true">
                <low nullFlavor="NINF"/>
                <high value="30" unit="d"/>
              </qdm:delta>
            </qdm:temporalInformation>
            <criteriaReference moodCode="EVN" classCode="OBS">
              <id root="2.16.840.1.113883.3.100.1" extension="OccurrenceAMajorDepression2"/>
            </criteriaReference>
          </temporallyRelatedInformation>
          <outboundRelationship typeCode="OCCR">
            <localVariableName controlInformationRoot="MEDICATION_DISPENSED_ANTIDEPRESSANT_MEDICATION" controlInformationExtension="A"/>
            <criteriaReference classCode="OBS" moodCode="EVN">
              <id root="2.16.840.1.113883.3.100.1" extension="OccurrenceAAntidepressantMedication1"/>
            </criteriaReference>
          </outboundRelationship>
        </supplyCriteria>
      </entry>
      <entry typeCode="DRIV">
        <localVariableName value="GROUP_FIRST_51"/>
        <grouperCriteria moodCode="EVN" classCode="GROUPER">
          <id root="2.16.840.1.113883.3.100.1" extension="GROUP_FIRST_51"/>
          <text value=""/>
          <definition>
            <criteriaReference moodCode="EVN" classCode="GROUPER">
              <id root="2.16.840.1.113883.3.100.1" extension="derived"/>
            </criteriaReference>
          </definition>
          <outboundRelationship typeCode="SUBJ">
            <subsetCode code="SOURCE"/>
            <criteriaReference classCode="OBS" moodCode="EVN">
              <id root="2.16.840.1.113883.3.100.1" extension="GROUP_FIRST_51"/>
            </criteriaReference>
          </outboundRelationship>
          <outboundRelationship typeCode="COMP">
            <conjunctionCode code="OR"/>
            <criteriaReference moodCode="EVN" classCode="SBADM">
              <id root="2.16.840.1.113883.3.100.1" extension="OccurrenceAAntidepressantMedication1_precondition_12"/>
            </criteriaReference>
          </outboundRelationship>
          <outboundRelationship typeCode="COMP">
            <conjunctionCode code="OR"/>
            <criteriaReference moodCode="EVN" classCode="SBADM">
              <id root="2.16.840.1.113883.3.100.1" extension="OccurrenceAAntidepressantMedication1_precondition_14"/>
            </criteriaReference>
          </outboundRelationship>
          <excerpt typeCode="XCRPT">
            <!-- Subset operator for: FIRST -->
            <sequenceNumber value="1"/>
            <grouperCriteria moodCode="EVN" classCode="GROUPER">
              <id root="2.16.840.1.113883.3.100.1" extension="GROUP_FIRST_51"/>
            </grouperCriteria>
          </excerpt>
        </grouperCriteria>
      </entry>
      <entry typeCode="DRIV">
        <localVariableName value="EncounterPerformedOfficeVisit_precondition_19"/>
        <encounterCriteria moodCode="EVN" classCode="ENC">
          <templateId>
            <item root="2.16.840.1.113883.10.20.28.3.5" identifierName="encounter, performed template"/>
          </templateId>
          <id root="2.16.840.1.113883.3.100.1" extension="EncounterPerformedOfficeVisit_precondition_19"/>
          <code xsi:type="CD" valueSet="2.16.840.1.113883.3.464.1003.101.12.1001">
            <displayName value="Office Visit"/>
          </code>
          <text value="Encounter, Performed: Office Visit"/>
          <definition>
            <criteriaReference moodCode="EVN" classCode="ENC">
              <id root="2.16.840.1.113883.3.100.1" extension="encounter"/>
            </criteriaReference>
          </definition>
          <temporallyRelatedInformation typeCode="DURING">
            <qdm:temporalInformation precisionUnit="min">
              
            </qdm:temporalInformation>
            <criteriaReference moodCode="EVN" classCode="OBS">
              <id root="2.16.840.1.113883.3.100.1" extension="MeasurePeriod"/>
            </criteriaReference>
          </temporallyRelatedInformation>
          <outboundRelationship typeCode="SUBJ">
            <subsetCode code="SOURCE"/>
            <criteriaReference classCode="OBS" moodCode="EVN">
              <id root="2.16.840.1.113883.3.100.1" extension="EncounterPerformedOfficeVisit"/>
            </criteriaReference>
          </outboundRelationship>
        </encounterCriteria>
      </entry>
      <entry typeCode="DRIV">
        <localVariableName value="EncounterPerformedFaceToFaceInteraction_precondition_21"/>
        <encounterCriteria moodCode="EVN" classCode="ENC">
          <templateId>
            <item root="2.16.840.1.113883.10.20.28.3.5" identifierName="encounter, performed template"/>
          </templateId>
          <id root="2.16.840.1.113883.3.100.1" extension="EncounterPerformedFaceToFaceInteraction_precondition_21"/>
          <code xsi:type="CD" valueSet="2.16.840.1.113883.3.464.1003.101.12.1048">
            <displayName value="Face-to-Face Interaction"/>
          </code>
          <text value="Encounter, Performed: Face-to-Face Interaction"/>
          <definition>
            <criteriaReference moodCode="EVN" classCode="ENC">
              <id root="2.16.840.1.113883.3.100.1" extension="encounter"/>
            </criteriaReference>
          </definition>
          <temporallyRelatedInformation typeCode="DURING">
            <qdm:temporalInformation precisionUnit="min">
              
            </qdm:temporalInformation>
            <criteriaReference moodCode="EVN" classCode="OBS">
              <id root="2.16.840.1.113883.3.100.1" extension="MeasurePeriod"/>
            </criteriaReference>
          </temporallyRelatedInformation>
          <outboundRelationship typeCode="SUBJ">
            <subsetCode code="SOURCE"/>
            <criteriaReference classCode="OBS" moodCode="EVN">
              <id root="2.16.840.1.113883.3.100.1" extension="EncounterPerformedFaceToFaceInteraction"/>
            </criteriaReference>
          </outboundRelationship>
        </encounterCriteria>
      </entry>
      <entry typeCode="DRIV">
        <localVariableName value="EncounterPerformedPreventiveCareServicesEstablishedOfficeVisit18AndUp_precondition_23"/>
        <encounterCriteria moodCode="EVN" classCode="ENC">
          <templateId>
            <item root="2.16.840.1.113883.10.20.28.3.5" identifierName="encounter, performed template"/>
          </templateId>
          <id root="2.16.840.1.113883.3.100.1" extension="EncounterPerformedPreventiveCareServicesEstablishedOfficeVisit18AndUp_precondition_23"/>
          <code xsi:type="CD" valueSet="2.16.840.1.113883.3.464.1003.101.12.1025">
            <displayName value="Preventive Care Services - Established Office Visit, 18 and Up"/>
          </code>
          <text value="Encounter, Performed: Preventive Care Services - Established Office Visit, 18 and Up"/>
          <definition>
            <criteriaReference moodCode="EVN" classCode="ENC">
              <id root="2.16.840.1.113883.3.100.1" extension="encounter"/>
            </criteriaReference>
          </definition>
          <temporallyRelatedInformation typeCode="DURING">
            <qdm:temporalInformation precisionUnit="min">
              
            </qdm:temporalInformation>
            <criteriaReference moodCode="EVN" classCode="OBS">
              <id root="2.16.840.1.113883.3.100.1" extension="MeasurePeriod"/>
            </criteriaReference>
          </temporallyRelatedInformation>
          <outboundRelationship typeCode="SUBJ">
            <subsetCode code="SOURCE"/>
            <criteriaReference classCode="OBS" moodCode="EVN">
              <id root="2.16.840.1.113883.3.100.1" extension="EncounterPerformedPreventiveCareServicesEstablishedOfficeVisit18AndUp"/>
            </criteriaReference>
          </outboundRelationship>
        </encounterCriteria>
      </entry>
      <entry typeCode="DRIV">
        <localVariableName value="EncounterPerformedPreventiveCareServicesInitialOfficeVisit18AndUp_precondition_25"/>
        <encounterCriteria moodCode="EVN" classCode="ENC">
          <templateId>
            <item root="2.16.840.1.113883.10.20.28.3.5" identifierName="encounter, performed template"/>
          </templateId>
          <id root="2.16.840.1.113883.3.100.1" extension="EncounterPerformedPreventiveCareServicesInitialOfficeVisit18AndUp_precondition_25"/>
          <code xsi:type="CD" valueSet="2.16.840.1.113883.3.464.1003.101.12.1023">
            <displayName value="Preventive Care Services-Initial Office Visit, 18 and Up"/>
          </code>
          <text value="Encounter, Performed: Preventive Care Services-Initial Office Visit, 18 and Up"/>
          <definition>
            <criteriaReference moodCode="EVN" classCode="ENC">
              <id root="2.16.840.1.113883.3.100.1" extension="encounter"/>
            </criteriaReference>
          </definition>
          <temporallyRelatedInformation typeCode="DURING">
            <qdm:temporalInformation precisionUnit="min">
              
            </qdm:temporalInformation>
            <criteriaReference moodCode="EVN" classCode="OBS">
              <id root="2.16.840.1.113883.3.100.1" extension="MeasurePeriod"/>
            </criteriaReference>
          </temporallyRelatedInformation>
          <outboundRelationship typeCode="SUBJ">
            <subsetCode code="SOURCE"/>
            <criteriaReference classCode="OBS" moodCode="EVN">
              <id root="2.16.840.1.113883.3.100.1" extension="EncounterPerformedPreventiveCareServicesInitialOfficeVisit18AndUp"/>
            </criteriaReference>
          </outboundRelationship>
        </encounterCriteria>
      </entry>
      <entry typeCode="DRIV">
        <localVariableName value="EncounterPerformedHomeHealthcareServices_precondition_27"/>
        <encounterCriteria moodCode="EVN" classCode="ENC">
          <templateId>
            <item root="2.16.840.1.113883.10.20.28.3.5" identifierName="encounter, performed template"/>
          </templateId>
          <id root="2.16.840.1.113883.3.100.1" extension="EncounterPerformedHomeHealthcareServices_precondition_27"/>
          <code xsi:type="CD" valueSet="2.16.840.1.113883.3.464.1003.101.12.1016">
            <displayName value="Home Healthcare Services"/>
          </code>
          <text value="Encounter, Performed: Home Healthcare Services"/>
          <definition>
            <criteriaReference moodCode="EVN" classCode="ENC">
              <id root="2.16.840.1.113883.3.100.1" extension="encounter"/>
            </criteriaReference>
          </definition>
          <temporallyRelatedInformation typeCode="DURING">
            <qdm:temporalInformation precisionUnit="min">
              
            </qdm:temporalInformation>
            <criteriaReference moodCode="EVN" classCode="OBS">
              <id root="2.16.840.1.113883.3.100.1" extension="MeasurePeriod"/>
            </criteriaReference>
          </temporallyRelatedInformation>
          <outboundRelationship typeCode="SUBJ">
            <subsetCode code="SOURCE"/>
            <criteriaReference classCode="OBS" moodCode="EVN">
              <id root="2.16.840.1.113883.3.100.1" extension="EncounterPerformedHomeHealthcareServices"/>
            </criteriaReference>
          </outboundRelationship>
        </encounterCriteria>
      </entry>
      <entry typeCode="DRIV">
        <localVariableName value="EncounterPerformedAnnualWellnessVisit_precondition_29"/>
        <encounterCriteria moodCode="EVN" classCode="ENC">
          <templateId>
            <item root="2.16.840.1.113883.10.20.28.3.5" identifierName="encounter, performed template"/>
          </templateId>
          <id root="2.16.840.1.113883.3.100.1" extension="EncounterPerformedAnnualWellnessVisit_precondition_29"/>
          <code xsi:type="CD" valueSet="2.16.840.1.113883.3.526.3.1240">
            <displayName value="Annual Wellness Visit"/>
          </code>
          <text value="Encounter, Performed: Annual Wellness Visit"/>
          <definition>
            <criteriaReference moodCode="EVN" classCode="ENC">
              <id root="2.16.840.1.113883.3.100.1" extension="encounter"/>
            </criteriaReference>
          </definition>
          <temporallyRelatedInformation typeCode="DURING">
            <qdm:temporalInformation precisionUnit="min">
              
            </qdm:temporalInformation>
            <criteriaReference moodCode="EVN" classCode="OBS">
              <id root="2.16.840.1.113883.3.100.1" extension="MeasurePeriod"/>
            </criteriaReference>
          </temporallyRelatedInformation>
          <outboundRelationship typeCode="SUBJ">
            <subsetCode code="SOURCE"/>
            <criteriaReference classCode="OBS" moodCode="EVN">
              <id root="2.16.840.1.113883.3.100.1" extension="EncounterPerformedAnnualWellnessVisit"/>
            </criteriaReference>
          </outboundRelationship>
        </encounterCriteria>
      </entry>
      <entry typeCode="DRIV">
        <localVariableName value="EncounterPerformedPsychVisitDiagnosticEvaluation_precondition_31"/>
        <encounterCriteria moodCode="EVN" classCode="ENC">
          <templateId>
            <item root="2.16.840.1.113883.10.20.28.3.5" identifierName="encounter, performed template"/>
          </templateId>
          <id root="2.16.840.1.113883.3.100.1" extension="EncounterPerformedPsychVisitDiagnosticEvaluation_precondition_31"/>
          <code xsi:type="CD" valueSet="2.16.840.1.113883.3.526.3.1492">
            <displayName value="Psych Visit - Diagnostic Evaluation"/>
          </code>
          <text value="Encounter, Performed: Psych Visit - Diagnostic Evaluation"/>
          <definition>
            <criteriaReference moodCode="EVN" classCode="ENC">
              <id root="2.16.840.1.113883.3.100.1" extension="encounter"/>
            </criteriaReference>
          </definition>
          <temporallyRelatedInformation typeCode="DURING">
            <qdm:temporalInformation precisionUnit="min">
              
            </qdm:temporalInformation>
            <criteriaReference moodCode="EVN" classCode="OBS">
              <id root="2.16.840.1.113883.3.100.1" extension="MeasurePeriod"/>
            </criteriaReference>
          </temporallyRelatedInformation>
          <outboundRelationship typeCode="SUBJ">
            <subsetCode code="SOURCE"/>
            <criteriaReference classCode="OBS" moodCode="EVN">
              <id root="2.16.840.1.113883.3.100.1" extension="EncounterPerformedPsychVisitDiagnosticEvaluation"/>
            </criteriaReference>
          </outboundRelationship>
        </encounterCriteria>
      </entry>
      <entry typeCode="DRIV">
        <localVariableName value="EncounterPerformedPsychVisitPsychotherapy_precondition_33"/>
        <encounterCriteria moodCode="EVN" classCode="ENC">
          <templateId>
            <item root="2.16.840.1.113883.10.20.28.3.5" identifierName="encounter, performed template"/>
          </templateId>
          <id root="2.16.840.1.113883.3.100.1" extension="EncounterPerformedPsychVisitPsychotherapy_precondition_33"/>
          <code xsi:type="CD" valueSet="2.16.840.1.113883.3.526.3.1496">
            <displayName value="Psych Visit - Psychotherapy"/>
          </code>
          <text value="Encounter, Performed: Psych Visit - Psychotherapy"/>
          <definition>
            <criteriaReference moodCode="EVN" classCode="ENC">
              <id root="2.16.840.1.113883.3.100.1" extension="encounter"/>
            </criteriaReference>
          </definition>
          <temporallyRelatedInformation typeCode="DURING">
            <qdm:temporalInformation precisionUnit="min">
              
            </qdm:temporalInformation>
            <criteriaReference moodCode="EVN" classCode="OBS">
              <id root="2.16.840.1.113883.3.100.1" extension="MeasurePeriod"/>
            </criteriaReference>
          </temporallyRelatedInformation>
          <outboundRelationship typeCode="SUBJ">
            <subsetCode code="SOURCE"/>
            <criteriaReference classCode="OBS" moodCode="EVN">
              <id root="2.16.840.1.113883.3.100.1" extension="EncounterPerformedPsychVisitPsychotherapy"/>
            </criteriaReference>
          </outboundRelationship>
        </encounterCriteria>
      </entry>
      <entry typeCode="DRIV">
        <localVariableName value="MedicationActiveAntidepressantMedication_precondition_39"/>
        <substanceAdministrationCriteria moodCode="EVN" classCode="SBADM">
          <templateId>
            <item root="2.16.840.1.113883.10.20.28.3.44" identifierName="medication, active template"/>
          </templateId>
          <id root="2.16.840.1.113883.3.100.1" extension="MedicationActiveAntidepressantMedication_precondition_39"/>
          <text value="Medication, Active: Antidepressant Medication"/>
          <statusCode code="active"/>
          <participation typeCode="CSM">
            <role classCode="THER">
              <code valueSet="2.16.840.1.113883.3.464.1003.196.12.1213">
                <displayName value="Antidepressant Medication"/>
              </code>
            </role>
          </participation>
          <definition>
            <criteriaReference moodCode="EVN" classCode="SBADM">
              <id root="2.16.840.1.113883.3.100.1" extension="medication"/>
            </criteriaReference>
          </definition>
          <temporallyRelatedInformation typeCode="SBS">
            <qdm:temporalInformation precisionUnit="d">
              <qdm:delta highClosed="true">
                <low nullFlavor="NINF"/>
                <high value="90" unit="d"/>
              </qdm:delta>
            </qdm:temporalInformation>
            <criteriaReference moodCode="EVN" classCode="SBADM">
              <id root="2.16.840.1.113883.3.100.1" extension="OccurrenceAAntidepressantMedication1"/>
            </criteriaReference>
          </temporallyRelatedInformation>
          <outboundRelationship typeCode="SUBJ">
            <subsetCode code="SOURCE"/>
            <criteriaReference classCode="OBS" moodCode="EVN">
              <id root="2.16.840.1.113883.3.100.1" extension="MedicationActiveAntidepressantMedication"/>
            </criteriaReference>
          </outboundRelationship>
        </substanceAdministrationCriteria>
      </entry>
      <entry typeCode="DRIV">
        <localVariableName value="MedicationActiveAntidepressantMedication_precondition_42"/>
        <substanceAdministrationCriteria moodCode="EVN" classCode="SBADM">
          <templateId>
            <item root="2.16.840.1.113883.10.20.28.3.44" identifierName="medication, active template"/>
          </templateId>
          <id root="2.16.840.1.113883.3.100.1" extension="MedicationActiveAntidepressantMedication_precondition_42"/>
          <text value="Medication, Active: Antidepressant Medication"/>
          <statusCode code="active"/>
          <participation typeCode="CSM">
            <role classCode="THER">
              <code valueSet="2.16.840.1.113883.3.464.1003.196.12.1213">
                <displayName value="Antidepressant Medication"/>
              </code>
            </role>
          </participation>
          <definition>
            <criteriaReference moodCode="EVN" classCode="SBADM">
              <id root="2.16.840.1.113883.3.100.1" extension="medication"/>
            </criteriaReference>
          </definition>
          <temporallyRelatedInformation typeCode="EAS">
            <qdm:temporalInformation precisionUnit="d">
              <qdm:delta highClosed="true">
                <low nullFlavor="NINF"/>
                <high value="114" unit="d"/>
              </qdm:delta>
            </qdm:temporalInformation>
            <criteriaReference moodCode="EVN" classCode="SBADM">
              <id root="2.16.840.1.113883.3.100.1" extension="OccurrenceAAntidepressantMedication1"/>
            </criteriaReference>
          </temporallyRelatedInformation>
          <outboundRelationship typeCode="SUBJ">
            <observationCriteria classCode="OBS" moodCode="EVN">
              <id root="MedicationActiveAntidepressantMedication_precondition_42_CUMULATIVE_MEDICATION_DURATION"/>
              <code code="363819003" codeSystem="2.16.840.1.113883.6.96" codeSystemName="SNOMED-CT">
                <displayName value="Cumulative Medication Duration"/>
              </code>
              <value xsi:type="IVL_PQ" lowClosed="true">
                <low value="84" unit="d"/>
                <high nullFlavor="PINF"/>
              </value>
            </observationCriteria>
          </outboundRelationship>
          <outboundRelationship typeCode="SUBJ">
            <subsetCode code="SOURCE"/>
            <criteriaReference classCode="OBS" moodCode="EVN">
              <id root="2.16.840.1.113883.3.100.1" extension="MedicationActiveAntidepressantMedication"/>
            </criteriaReference>
          </outboundRelationship>
        </substanceAdministrationCriteria>
      </entry>
      <entry typeCode="DRIV">
        <localVariableName value="MedicationActiveAntidepressantMedication_precondition_45"/>
        <substanceAdministrationCriteria moodCode="EVN" classCode="SBADM">
          <templateId>
            <item root="2.16.840.1.113883.10.20.28.3.44" identifierName="medication, active template"/>
          </templateId>
          <id root="2.16.840.1.113883.3.100.1" extension="MedicationActiveAntidepressantMedication_precondition_45"/>
          <text value="Medication, Active: Antidepressant Medication"/>
          <statusCode code="active"/>
          <participation typeCode="CSM">
            <role classCode="THER">
              <code valueSet="2.16.840.1.113883.3.464.1003.196.12.1213">
                <displayName value="Antidepressant Medication"/>
              </code>
            </role>
          </participation>
          <definition>
            <criteriaReference moodCode="EVN" classCode="SBADM">
              <id root="2.16.840.1.113883.3.100.1" extension="medication"/>
            </criteriaReference>
          </definition>
          <temporallyRelatedInformation typeCode="EAS">
            <qdm:temporalInformation precisionUnit="d">
              <qdm:delta highClosed="true">
                <low nullFlavor="NINF"/>
                <high value="231" unit="d"/>
              </qdm:delta>
            </qdm:temporalInformation>
            <criteriaReference moodCode="EVN" classCode="SBADM">
              <id root="2.16.840.1.113883.3.100.1" extension="OccurrenceAAntidepressantMedication1"/>
            </criteriaReference>
          </temporallyRelatedInformation>
          <outboundRelationship typeCode="SUBJ">
            <observationCriteria classCode="OBS" moodCode="EVN">
              <id root="MedicationActiveAntidepressantMedication_precondition_45_CUMULATIVE_MEDICATION_DURATION"/>
              <code code="363819003" codeSystem="2.16.840.1.113883.6.96" codeSystemName="SNOMED-CT">
                <displayName value="Cumulative Medication Duration"/>
              </code>
              <value xsi:type="IVL_PQ" lowClosed="true">
                <low value="180" unit="d"/>
                <high nullFlavor="PINF"/>
              </value>
            </observationCriteria>
          </outboundRelationship>
          <outboundRelationship typeCode="SUBJ">
            <subsetCode code="SOURCE"/>
            <criteriaReference classCode="OBS" moodCode="EVN">
              <id root="2.16.840.1.113883.3.100.1" extension="MedicationActiveAntidepressantMedication"/>
            </criteriaReference>
          </outboundRelationship>
        </substanceAdministrationCriteria>
      </entry>
      <entry typeCode="DRIV">
        <localVariableName value="EncounterPerformedAnnualWellnessVisit"/>
        <encounterCriteria moodCode="EVN" classCode="ENC">
          <templateId>
            <item root="2.16.840.1.113883.10.20.28.3.5" identifierName="encounter, performed template"/>
            <item root="2.16.840.1.113883.3.100.1.1" identifierName="Source data criteria template"/>
          </templateId>
          <id root="2.16.840.1.113883.3.100.1" extension="EncounterPerformedAnnualWellnessVisit"/>
          <code xsi:type="CD" valueSet="2.16.840.1.113883.3.526.3.1240">
            <displayName value="Annual Wellness Visit"/>
          </code>
          <text value="Encounter, Performed: Annual Wellness Visit"/>
          <definition>
            <criteriaReference moodCode="EVN" classCode="ENC">
              <id root="2.16.840.1.113883.3.100.1" extension="encounter"/>
            </criteriaReference>
          </definition>
          <outboundRelationship typeCode="SUBJ">
            <subsetCode code="SOURCE"/>
            <criteriaReference classCode="OBS" moodCode="EVN">
              <id root="2.16.840.1.113883.3.100.1" extension="EncounterPerformedAnnualWellnessVisit"/>
            </criteriaReference>
          </outboundRelationship>
        </encounterCriteria>
      </entry>
      <entry typeCode="DRIV">
        <localVariableName value="OccurrenceAAntidepressantMedication1"/>
        <supplyCriteria moodCode="EVN" classCode="SPLY">
          <templateId>
            <item root="2.16.840.1.113883.10.20.28.3.49" identifierName="medication, dispensed template"/>
            <item root="2.16.840.1.113883.3.100.1.1" identifierName="Source data criteria template"/>
          </templateId>
          <id root="2.16.840.1.113883.3.100.1" extension="OccurrenceAAntidepressantMedication1"/>
          <text value="Medication, Dispensed: Antidepressant Medication"/>
          <statusCode code="dispensed"/>
          <participation typeCode="PRD">
            <role classCode="THER">
              <code valueSet="2.16.840.1.113883.3.464.1003.196.12.1213">
                <displayName value="Antidepressant Medication"/>
              </code>
            </role>
          </participation>
          <definition>
            <criteriaReference moodCode="EVN" classCode="SPLY">
              <id root="2.16.840.1.113883.3.100.1" extension="medication"/>
            </criteriaReference>
          </definition>
        </supplyCriteria>
      </entry>
      <entry typeCode="DRIV">
        <localVariableName value="MedicationActiveAntidepressantMedication"/>
        <substanceAdministrationCriteria moodCode="EVN" classCode="SBADM">
          <templateId>
            <item root="2.16.840.1.113883.10.20.28.3.44" identifierName="medication, active template"/>
            <item root="2.16.840.1.113883.3.100.1.1" identifierName="Source data criteria template"/>
          </templateId>
          <id root="2.16.840.1.113883.3.100.1" extension="MedicationActiveAntidepressantMedication"/>
          <text value="Medication, Active: Antidepressant Medication"/>
          <statusCode code="active"/>
          <participation typeCode="CSM">
            <role classCode="THER">
              <code valueSet="2.16.840.1.113883.3.464.1003.196.12.1213">
                <displayName value="Antidepressant Medication"/>
              </code>
            </role>
          </participation>
          <definition>
            <criteriaReference moodCode="EVN" classCode="SBADM">
              <id root="2.16.840.1.113883.3.100.1" extension="medication"/>
            </criteriaReference>
          </definition>
          <outboundRelationship typeCode="SUBJ">
            <subsetCode code="SOURCE"/>
            <criteriaReference classCode="OBS" moodCode="EVN">
              <id root="2.16.840.1.113883.3.100.1" extension="MedicationActiveAntidepressantMedication"/>
            </criteriaReference>
          </outboundRelationship>
        </substanceAdministrationCriteria>
      </entry>
      <entry typeCode="DRIV">
        <localVariableName value="PatientCharacteristicBirthdateBirthDate"/>
        <observationCriteria moodCode="EVN" classCode="OBS">
          <templateId>
            <item root="2.16.840.1.113883.10.20.28.3.54" identifierName="patient characteristic, birthdate template"/>
            <item root="2.16.840.1.113883.3.100.1.1" identifierName="Source data criteria template"/>
          </templateId>
          <id root="2.16.840.1.113883.3.100.1" extension="PatientCharacteristicBirthdateBirthDate"/>
          <code xsi:type="CD" valueSet="2.16.840.1.113883.3.560.100.4">
            <displayName value="birth date"/>
          </code>
          <text value="Patient Characteristic Birthdate: birth date"/>
          <definition>
            <criteriaReference moodCode="EVN" classCode="OBS">
              <id root="2.16.840.1.113883.3.100.1" extension="patient_characteristic_birthdate"/>
            </criteriaReference>
          </definition>
          <outboundRelationship typeCode="SUBJ">
            <subsetCode code="SOURCE"/>
            <criteriaReference classCode="OBS" moodCode="EVN">
              <id root="2.16.840.1.113883.3.100.1" extension="PatientCharacteristicBirthdateBirthDate"/>
            </criteriaReference>
          </outboundRelationship>
        </observationCriteria>
      </entry>
      <entry typeCode="DRIV">
        <localVariableName value="EncounterPerformedFaceToFaceInteraction"/>
        <encounterCriteria moodCode="EVN" classCode="ENC">
          <templateId>
            <item root="2.16.840.1.113883.10.20.28.3.5" identifierName="encounter, performed template"/>
            <item root="2.16.840.1.113883.3.100.1.1" identifierName="Source data criteria template"/>
          </templateId>
          <id root="2.16.840.1.113883.3.100.1" extension="EncounterPerformedFaceToFaceInteraction"/>
          <code xsi:type="CD" valueSet="2.16.840.1.113883.3.464.1003.101.12.1048">
            <displayName value="Face-to-Face Interaction"/>
          </code>
          <text value="Encounter, Performed: Face-to-Face Interaction"/>
          <definition>
            <criteriaReference moodCode="EVN" classCode="ENC">
              <id root="2.16.840.1.113883.3.100.1" extension="encounter"/>
            </criteriaReference>
          </definition>
          <outboundRelationship typeCode="SUBJ">
            <subsetCode code="SOURCE"/>
            <criteriaReference classCode="OBS" moodCode="EVN">
              <id root="2.16.840.1.113883.3.100.1" extension="EncounterPerformedFaceToFaceInteraction"/>
            </criteriaReference>
          </outboundRelationship>
        </encounterCriteria>
      </entry>
      <entry typeCode="DRIV">
        <localVariableName value="EncounterPerformedHomeHealthcareServices"/>
        <encounterCriteria moodCode="EVN" classCode="ENC">
          <templateId>
            <item root="2.16.840.1.113883.10.20.28.3.5" identifierName="encounter, performed template"/>
            <item root="2.16.840.1.113883.3.100.1.1" identifierName="Source data criteria template"/>
          </templateId>
          <id root="2.16.840.1.113883.3.100.1" extension="EncounterPerformedHomeHealthcareServices"/>
          <code xsi:type="CD" valueSet="2.16.840.1.113883.3.464.1003.101.12.1016">
            <displayName value="Home Healthcare Services"/>
          </code>
          <text value="Encounter, Performed: Home Healthcare Services"/>
          <definition>
            <criteriaReference moodCode="EVN" classCode="ENC">
              <id root="2.16.840.1.113883.3.100.1" extension="encounter"/>
            </criteriaReference>
          </definition>
          <outboundRelationship typeCode="SUBJ">
            <subsetCode code="SOURCE"/>
            <criteriaReference classCode="OBS" moodCode="EVN">
              <id root="2.16.840.1.113883.3.100.1" extension="EncounterPerformedHomeHealthcareServices"/>
            </criteriaReference>
          </outboundRelationship>
        </encounterCriteria>
      </entry>
      <entry typeCode="DRIV">
        <localVariableName value="OccurrenceAMajorDepression2"/>
        <observationCriteria moodCode="EVN" classCode="OBS">
          <templateId>
            <item root="2.16.840.1.113883.10.20.28.3.1" identifierName="diagnosis, active template"/>
            <item root="2.16.840.1.113883.3.100.1.1" identifierName="Source data criteria template"/>
          </templateId>
          <id root="2.16.840.1.113883.3.100.1" extension="OccurrenceAMajorDepression2"/>
          <text value="Diagnosis, Active: Major Depression"/>
          <statusCode code="active"/>
          <value xsi:type="CD" valueSet="2.16.840.1.113883.3.464.1003.105.12.1007">
            <displayName value="Major Depression"/>
          </value>
          <definition>
            <criteriaReference moodCode="EVN" classCode="OBS">
              <id root="2.16.840.1.113883.3.100.1" extension="diagnosis"/>
            </criteriaReference>
          </definition>
        </observationCriteria>
      </entry>
      <entry typeCode="DRIV">
        <localVariableName value="EncounterPerformedOfficeVisit"/>
        <encounterCriteria moodCode="EVN" classCode="ENC">
          <templateId>
            <item root="2.16.840.1.113883.10.20.28.3.5" identifierName="encounter, performed template"/>
            <item root="2.16.840.1.113883.3.100.1.1" identifierName="Source data criteria template"/>
          </templateId>
          <id root="2.16.840.1.113883.3.100.1" extension="EncounterPerformedOfficeVisit"/>
          <code xsi:type="CD" valueSet="2.16.840.1.113883.3.464.1003.101.12.1001">
            <displayName value="Office Visit"/>
          </code>
          <text value="Encounter, Performed: Office Visit"/>
          <definition>
            <criteriaReference moodCode="EVN" classCode="ENC">
              <id root="2.16.840.1.113883.3.100.1" extension="encounter"/>
            </criteriaReference>
          </definition>
          <outboundRelationship typeCode="SUBJ">
            <subsetCode code="SOURCE"/>
            <criteriaReference classCode="OBS" moodCode="EVN">
              <id root="2.16.840.1.113883.3.100.1" extension="EncounterPerformedOfficeVisit"/>
            </criteriaReference>
          </outboundRelationship>
        </encounterCriteria>
      </entry>
      <entry typeCode="DRIV">
        <localVariableName value="EncounterPerformedPreventiveCareServicesEstablishedOfficeVisit18AndUp"/>
        <encounterCriteria moodCode="EVN" classCode="ENC">
          <templateId>
            <item root="2.16.840.1.113883.10.20.28.3.5" identifierName="encounter, performed template"/>
            <item root="2.16.840.1.113883.3.100.1.1" identifierName="Source data criteria template"/>
          </templateId>
          <id root="2.16.840.1.113883.3.100.1" extension="EncounterPerformedPreventiveCareServicesEstablishedOfficeVisit18AndUp"/>
          <code xsi:type="CD" valueSet="2.16.840.1.113883.3.464.1003.101.12.1025">
            <displayName value="Preventive Care Services - Established Office Visit, 18 and Up"/>
          </code>
          <text value="Encounter, Performed: Preventive Care Services - Established Office Visit, 18 and Up"/>
          <definition>
            <criteriaReference moodCode="EVN" classCode="ENC">
              <id root="2.16.840.1.113883.3.100.1" extension="encounter"/>
            </criteriaReference>
          </definition>
          <outboundRelationship typeCode="SUBJ">
            <subsetCode code="SOURCE"/>
            <criteriaReference classCode="OBS" moodCode="EVN">
              <id root="2.16.840.1.113883.3.100.1" extension="EncounterPerformedPreventiveCareServicesEstablishedOfficeVisit18AndUp"/>
            </criteriaReference>
          </outboundRelationship>
        </encounterCriteria>
      </entry>
      <entry typeCode="DRIV">
        <localVariableName value="EncounterPerformedPreventiveCareServicesInitialOfficeVisit18AndUp"/>
        <encounterCriteria moodCode="EVN" classCode="ENC">
          <templateId>
            <item root="2.16.840.1.113883.10.20.28.3.5" identifierName="encounter, performed template"/>
            <item root="2.16.840.1.113883.3.100.1.1" identifierName="Source data criteria template"/>
          </templateId>
          <id root="2.16.840.1.113883.3.100.1" extension="EncounterPerformedPreventiveCareServicesInitialOfficeVisit18AndUp"/>
          <code xsi:type="CD" valueSet="2.16.840.1.113883.3.464.1003.101.12.1023">
            <displayName value="Preventive Care Services-Initial Office Visit, 18 and Up"/>
          </code>
          <text value="Encounter, Performed: Preventive Care Services-Initial Office Visit, 18 and Up"/>
          <definition>
            <criteriaReference moodCode="EVN" classCode="ENC">
              <id root="2.16.840.1.113883.3.100.1" extension="encounter"/>
            </criteriaReference>
          </definition>
          <outboundRelationship typeCode="SUBJ">
            <subsetCode code="SOURCE"/>
            <criteriaReference classCode="OBS" moodCode="EVN">
              <id root="2.16.840.1.113883.3.100.1" extension="EncounterPerformedPreventiveCareServicesInitialOfficeVisit18AndUp"/>
            </criteriaReference>
          </outboundRelationship>
        </encounterCriteria>
      </entry>
      <entry typeCode="DRIV">
        <localVariableName value="EncounterPerformedPsychVisitDiagnosticEvaluation"/>
        <encounterCriteria moodCode="EVN" classCode="ENC">
          <templateId>
            <item root="2.16.840.1.113883.10.20.28.3.5" identifierName="encounter, performed template"/>
            <item root="2.16.840.1.113883.3.100.1.1" identifierName="Source data criteria template"/>
          </templateId>
          <id root="2.16.840.1.113883.3.100.1" extension="EncounterPerformedPsychVisitDiagnosticEvaluation"/>
          <code xsi:type="CD" valueSet="2.16.840.1.113883.3.526.3.1492">
            <displayName value="Psych Visit - Diagnostic Evaluation"/>
          </code>
          <text value="Encounter, Performed: Psych Visit - Diagnostic Evaluation"/>
          <definition>
            <criteriaReference moodCode="EVN" classCode="ENC">
              <id root="2.16.840.1.113883.3.100.1" extension="encounter"/>
            </criteriaReference>
          </definition>
          <outboundRelationship typeCode="SUBJ">
            <subsetCode code="SOURCE"/>
            <criteriaReference classCode="OBS" moodCode="EVN">
              <id root="2.16.840.1.113883.3.100.1" extension="EncounterPerformedPsychVisitDiagnosticEvaluation"/>
            </criteriaReference>
          </outboundRelationship>
        </encounterCriteria>
      </entry>
      <entry typeCode="DRIV">
        <localVariableName value="EncounterPerformedPsychVisitPsychotherapy"/>
        <encounterCriteria moodCode="EVN" classCode="ENC">
          <templateId>
            <item root="2.16.840.1.113883.10.20.28.3.5" identifierName="encounter, performed template"/>
            <item root="2.16.840.1.113883.3.100.1.1" identifierName="Source data criteria template"/>
          </templateId>
          <id root="2.16.840.1.113883.3.100.1" extension="EncounterPerformedPsychVisitPsychotherapy"/>
          <code xsi:type="CD" valueSet="2.16.840.1.113883.3.526.3.1496">
            <displayName value="Psych Visit - Psychotherapy"/>
          </code>
          <text value="Encounter, Performed: Psych Visit - Psychotherapy"/>
          <definition>
            <criteriaReference moodCode="EVN" classCode="ENC">
              <id root="2.16.840.1.113883.3.100.1" extension="encounter"/>
            </criteriaReference>
          </definition>
          <outboundRelationship typeCode="SUBJ">
            <subsetCode code="SOURCE"/>
            <criteriaReference classCode="OBS" moodCode="EVN">
              <id root="2.16.840.1.113883.3.100.1" extension="EncounterPerformedPsychVisitPsychotherapy"/>
            </criteriaReference>
          </outboundRelationship>
        </encounterCriteria>
      </entry>
      <entry typeCode="DRIV">
        <localVariableName value="MedicationDispensedAntidepressantMedication"/>
        <supplyCriteria moodCode="EVN" classCode="SPLY">
          <templateId>
            <item root="2.16.840.1.113883.10.20.28.3.49" identifierName="medication, dispensed template"/>
            <item root="2.16.840.1.113883.3.100.1.1" identifierName="Source data criteria template"/>
          </templateId>
          <id root="2.16.840.1.113883.3.100.1" extension="MedicationDispensedAntidepressantMedication"/>
          <text value="Medication, Dispensed: Antidepressant Medication"/>
          <statusCode code="dispensed"/>
          <participation typeCode="PRD">
            <role classCode="THER">
              <code valueSet="2.16.840.1.113883.3.464.1003.196.12.1213">
                <displayName value="Antidepressant Medication"/>
              </code>
            </role>
          </participation>
          <definition>
            <criteriaReference moodCode="EVN" classCode="SPLY">
              <id root="2.16.840.1.113883.3.100.1" extension="medication"/>
            </criteriaReference>
          </definition>
          <outboundRelationship typeCode="SUBJ">
            <subsetCode code="SOURCE"/>
            <criteriaReference classCode="OBS" moodCode="EVN">
              <id root="2.16.840.1.113883.3.100.1" extension="MedicationDispensedAntidepressantMedication"/>
            </criteriaReference>
          </outboundRelationship>
        </supplyCriteria>
      </entry>
      <entry typeCode="DRIV">
        <localVariableName value="DiagnosisActiveMajorDepression"/>
        <observationCriteria moodCode="EVN" classCode="OBS">
          <templateId>
            <item root="2.16.840.1.113883.10.20.28.3.1" identifierName="diagnosis, active template"/>
            <item root="2.16.840.1.113883.3.100.1.1" identifierName="Source data criteria template"/>
          </templateId>
          <id root="2.16.840.1.113883.3.100.1" extension="DiagnosisActiveMajorDepression"/>
          <text value="Diagnosis, Active: Major Depression"/>
          <statusCode code="active"/>
          <value xsi:type="CD" valueSet="2.16.840.1.113883.3.464.1003.105.12.1007">
            <displayName value="Major Depression"/>
          </value>
          <definition>
            <criteriaReference moodCode="EVN" classCode="OBS">
              <id root="2.16.840.1.113883.3.100.1" extension="diagnosis"/>
            </criteriaReference>
          </definition>
          <outboundRelationship typeCode="SUBJ">
            <subsetCode code="SOURCE"/>
            <criteriaReference classCode="OBS" moodCode="EVN">
              <id root="2.16.840.1.113883.3.100.1" extension="DiagnosisActiveMajorDepression"/>
            </criteriaReference>
          </outboundRelationship>
        </observationCriteria>
      </entry>
      <entry typeCode="DRIV">
        <localVariableName value="PatientCharacteristicEthnicityEthnicity"/>
        <observationCriteria moodCode="EVN" classCode="OBS">
          <templateId>
            <item root="2.16.840.1.113883.10.20.28.3.56" identifierName="patient characteristic, ethnicity template"/>
            <item root="2.16.840.1.113883.3.100.1.1" identifierName="Source data criteria template"/>
          </templateId>
          <id root="2.16.840.1.113883.3.100.1" extension="PatientCharacteristicEthnicityEthnicity"/>
          <code xsi:type="CD" valueSet="2.16.840.1.114222.4.11.837">
            <displayName value="Ethnicity"/>
          </code>
          <text value="Patient Characteristic Ethnicity: Ethnicity"/>
          <definition>
            <criteriaReference moodCode="EVN" classCode="OBS">
              <id root="2.16.840.1.113883.3.100.1" extension="patient_characteristic_ethnicity"/>
            </criteriaReference>
          </definition>
          <outboundRelationship typeCode="SUBJ">
            <subsetCode code="SOURCE"/>
            <criteriaReference classCode="OBS" moodCode="EVN">
              <id root="2.16.840.1.113883.3.100.1" extension="PatientCharacteristicEthnicityEthnicity"/>
            </criteriaReference>
          </outboundRelationship>
        </observationCriteria>
      </entry>
      <entry typeCode="DRIV">
        <localVariableName value="PatientCharacteristicSexOncAdministrativeSex"/>
        <observationCriteria moodCode="EVN" classCode="OBS">
          <templateId>
            <item root="2.16.840.1.113883.10.20.28.3.55" identifierName="patient characteristic, gender template"/>
            <item root="2.16.840.1.113883.3.100.1.1" identifierName="Source data criteria template"/>
          </templateId>
          <id root="2.16.840.1.113883.3.100.1" extension="PatientCharacteristicSexOncAdministrativeSex"/>
          <code xsi:type="CD" valueSet="2.16.840.1.113762.1.4.1">
            <displayName value="ONC Administrative Sex"/>
          </code>
          <text value="Patient Characteristic Sex: ONC Administrative Sex"/>
          <definition>
            <criteriaReference moodCode="EVN" classCode="OBS">
              <id root="2.16.840.1.113883.3.100.1" extension="patient_characteristic_gender"/>
            </criteriaReference>
          </definition>
          <outboundRelationship typeCode="SUBJ">
            <subsetCode code="SOURCE"/>
            <criteriaReference classCode="OBS" moodCode="EVN">
              <id root="2.16.840.1.113883.3.100.1" extension="PatientCharacteristicSexOncAdministrativeSex"/>
            </criteriaReference>
          </outboundRelationship>
        </observationCriteria>
      </entry>
      <entry typeCode="DRIV">
        <localVariableName value="PatientCharacteristicPayerPayer"/>
        <observationCriteria moodCode="EVN" classCode="OBS">
          <templateId>
            <item root="2.16.840.1.113883.10.20.28.3.58" identifierName="patient characteristic, payer template"/>
            <item root="2.16.840.1.113883.3.100.1.1" identifierName="Source data criteria template"/>
          </templateId>
          <id root="2.16.840.1.113883.3.100.1" extension="PatientCharacteristicPayerPayer"/>
          <code xsi:type="CD" valueSet="2.16.840.1.114222.4.11.3591">
            <displayName value="Payer"/>
          </code>
          <text value="Patient Characteristic Payer: Payer"/>
          <definition>
            <criteriaReference moodCode="EVN" classCode="OBS">
              <id root="2.16.840.1.113883.3.100.1" extension="patient_characteristic_payer"/>
            </criteriaReference>
          </definition>
          <outboundRelationship typeCode="SUBJ">
            <subsetCode code="SOURCE"/>
            <criteriaReference classCode="OBS" moodCode="EVN">
              <id root="2.16.840.1.113883.3.100.1" extension="PatientCharacteristicPayerPayer"/>
            </criteriaReference>
          </outboundRelationship>
        </observationCriteria>
      </entry>
      <entry typeCode="DRIV">
        <localVariableName value="PatientCharacteristicRaceRace"/>
        <observationCriteria moodCode="EVN" classCode="OBS">
          <templateId>
            <item root="2.16.840.1.113883.10.20.28.3.59" identifierName="patient characteristic, race template"/>
            <item root="2.16.840.1.113883.3.100.1.1" identifierName="Source data criteria template"/>
          </templateId>
          <id root="2.16.840.1.113883.3.100.1" extension="PatientCharacteristicRaceRace"/>
          <code xsi:type="CD" valueSet="2.16.840.1.114222.4.11.836">
            <displayName value="Race"/>
          </code>
          <text value="Patient Characteristic Race: Race"/>
          <definition>
            <criteriaReference moodCode="EVN" classCode="OBS">
              <id root="2.16.840.1.113883.3.100.1" extension="patient_characteristic_race"/>
            </criteriaReference>
          </definition>
          <outboundRelationship typeCode="SUBJ">
            <subsetCode code="SOURCE"/>
            <criteriaReference classCode="OBS" moodCode="EVN">
              <id root="2.16.840.1.113883.3.100.1" extension="PatientCharacteristicRaceRace"/>
            </criteriaReference>
          </outboundRelationship>
        </observationCriteria>
      </entry>
    </dataCriteriaSection>
  </component>
  <component>
    <populationCriteriaSection>
      <templateId>
        <item root="2.16.840.1.113883.10.20.28.2.1"/>
      </templateId>
      <id root="2.16.840.1.113883.3.100.1" extension="Population1"/>
      <code code="57026-7" codeSystem="2.16.840.1.113883.6.1"/>
      <title value="Population 1"/>
      <text value="This section describes the Initial Patient Population, Numerator, Denominator, Denominator Exceptions, and Measure Populations"/>
      <component typeCode="COMP">
        <numeratorCriteria classCode="OBS" moodCode="EVN" isCriterionInd="true">
          <id root="c75181d0-73eb-11de-8a39-0800200c9a66" extension="4D9B3DE1-5FA1-4F3E-AC74-BEE38A635063"/>
          <code codeSystem="2.16.840.1.113883.5.1063" codeSystemName="HL7 Observation Value" code="NUMER">
            <displayName value="Numerator"/>
          </code>
          <precondition typeCode="PRCN">
            <allTrue>
              <id/>
              <precondition typeCode="PRCN">
                <criteriaReference moodCode="EVN" classCode="SBADM">
                  <id root="2.16.840.1.113883.3.100.1" extension="MedicationActiveAntidepressantMedication_precondition_42"/>
                </criteriaReference>
              </precondition>
            </allTrue>
          </precondition>
        </numeratorCriteria>
      </component>
      <component typeCode="COMP">
        <denominatorCriteria classCode="OBS" moodCode="EVN" isCriterionInd="true">
          <id root="c75181d0-73eb-11de-8a39-0800200c9a66" extension="F0559744-C3F0-420E-A434-7EE37B5667D6"/>
          <code codeSystem="2.16.840.1.113883.5.1063" codeSystemName="HL7 Observation Value" code="DENOM">
            <displayName value="Denominator"/>
          </code>
          <precondition typeCode="PRCN" nullFlavor="NA">
            <allTrue>
              <id/>
            </allTrue>
          </precondition>
        </denominatorCriteria>
      </component>
      <component typeCode="COMP">
        <initialPopulationCriteria classCode="OBS" moodCode="EVN" isCriterionInd="true">
          <id root="c75181d0-73eb-11de-8a39-0800200c9a66" extension="D9A5F327-7FE8-4BB5-93CD-140C1C3D9631"/>
          <code codeSystem="2.16.840.1.113883.5.1063" codeSystemName="HL7 Observation Value" code="IPP">
            <displayName value="Initial Patient Population"/>
          </code>
          <precondition typeCode="PRCN">
            <allTrue>
              <id/>
              <precondition typeCode="PRCN">
                <criteriaReference moodCode="EVN" classCode="OBS">
                  <id root="2.16.840.1.113883.3.100.1" extension="PatientCharacteristicBirthdateBirthDate_precondition_3"/>
                </criteriaReference>
              </precondition>
              <precondition typeCode="PRCN">
                <criteriaReference moodCode="EVN" classCode="GROUPER">
                  <id root="2.16.840.1.113883.3.100.1" extension="GROUP_FIRST_49"/>
                </criteriaReference>
              </precondition>
              <precondition typeCode="PRCN">
                <criteriaReference moodCode="EVN" classCode="GROUPER">
                  <id root="2.16.840.1.113883.3.100.1" extension="GROUP_FIRST_51"/>
                </criteriaReference>
              </precondition>
              <precondition typeCode="PRCN">
                <atLeastOneTrue>
                  <id/>
                  <precondition typeCode="PRCN">
                    <criteriaReference moodCode="EVN" classCode="ENC">
                      <id root="2.16.840.1.113883.3.100.1" extension="EncounterPerformedOfficeVisit_precondition_19"/>
                    </criteriaReference>
                  </precondition>
                  <precondition typeCode="PRCN">
                    <criteriaReference moodCode="EVN" classCode="ENC">
                      <id root="2.16.840.1.113883.3.100.1" extension="EncounterPerformedFaceToFaceInteraction_precondition_21"/>
                    </criteriaReference>
                  </precondition>
                  <precondition typeCode="PRCN">
                    <criteriaReference moodCode="EVN" classCode="ENC">
                      <id root="2.16.840.1.113883.3.100.1" extension="EncounterPerformedPreventiveCareServicesEstablishedOfficeVisit18AndUp_precondition_23"/>
                    </criteriaReference>
                  </precondition>
                  <precondition typeCode="PRCN">
                    <criteriaReference moodCode="EVN" classCode="ENC">
                      <id root="2.16.840.1.113883.3.100.1" extension="EncounterPerformedPreventiveCareServicesInitialOfficeVisit18AndUp_precondition_25"/>
                    </criteriaReference>
                  </precondition>
                  <precondition typeCode="PRCN">
                    <criteriaReference moodCode="EVN" classCode="ENC">
                      <id root="2.16.840.1.113883.3.100.1" extension="EncounterPerformedHomeHealthcareServices_precondition_27"/>
                    </criteriaReference>
                  </precondition>
                  <precondition typeCode="PRCN">
                    <criteriaReference moodCode="EVN" classCode="ENC">
                      <id root="2.16.840.1.113883.3.100.1" extension="EncounterPerformedAnnualWellnessVisit_precondition_29"/>
                    </criteriaReference>
                  </precondition>
                  <precondition typeCode="PRCN">
                    <criteriaReference moodCode="EVN" classCode="ENC">
                      <id root="2.16.840.1.113883.3.100.1" extension="EncounterPerformedPsychVisitDiagnosticEvaluation_precondition_31"/>
                    </criteriaReference>
                  </precondition>
                  <precondition typeCode="PRCN">
                    <criteriaReference moodCode="EVN" classCode="ENC">
                      <id root="2.16.840.1.113883.3.100.1" extension="EncounterPerformedPsychVisitPsychotherapy_precondition_33"/>
                    </criteriaReference>
                  </precondition>
                </atLeastOneTrue>
              </precondition>
            </allTrue>
          </precondition>
        </initialPopulationCriteria>
      </component>
      <component typeCode="COMP">
        <denominatorExclusionCriteria classCode="OBS" moodCode="EVN" isCriterionInd="true">
          <id root="c75181d0-73eb-11de-8a39-0800200c9a66" extension="00C95F29-CD87-41ED-A3CA-7ED8AE2C0AA8"/>
          <code codeSystem="2.16.840.1.113883.5.1063" codeSystemName="HL7 Observation Value" code="DENEX">
            <displayName value="Denominator"/>
          </code>
          <precondition typeCode="PRCN">
            <allTrue>
              <id/>
              <precondition typeCode="PRCN">
                <criteriaReference moodCode="EVN" classCode="SBADM">
                  <id root="2.16.840.1.113883.3.100.1" extension="MedicationActiveAntidepressantMedication_precondition_39"/>
                </criteriaReference>
              </precondition>
            </allTrue>
          </precondition>
        </denominatorExclusionCriteria>
      </component>
    </populationCriteriaSection>
  </component>
  <component>
    <populationCriteriaSection>
      <templateId>
        <item root="2.16.840.1.113883.10.20.28.2.1"/>
      </templateId>
      <id root="2.16.840.1.113883.3.100.1" extension="Population2"/>
      <code code="57026-7" codeSystem="2.16.840.1.113883.6.1"/>
      <title value="Population 2"/>
      <text value="This section describes the Initial Patient Population, Numerator, Denominator, Denominator Exceptions, and Measure Populations"/>
      <component typeCode="COMP">
        <numeratorCriteria classCode="OBS" moodCode="EVN" isCriterionInd="true">
          <id root="c75181d0-73eb-11de-8a39-0800200c9a66" extension="B53DF3E8-AD88-40F9-98DC-19196D245184"/>
          <code codeSystem="2.16.840.1.113883.5.1063" codeSystemName="HL7 Observation Value" code="NUMER">
            <displayName value="Numerator"/>
          </code>
          <precondition typeCode="PRCN">
            <allTrue>
              <id/>
              <precondition typeCode="PRCN">
                <criteriaReference moodCode="EVN" classCode="SBADM">
                  <id root="2.16.840.1.113883.3.100.1" extension="MedicationActiveAntidepressantMedication_precondition_45"/>
                </criteriaReference>
              </precondition>
            </allTrue>
          </precondition>
        </numeratorCriteria>
      </component>
      <component typeCode="COMP">
        <denominatorCriteria classCode="OBS" moodCode="EVN" isCriterionInd="true">
          <id root="c75181d0-73eb-11de-8a39-0800200c9a66" extension="F0559744-C3F0-420E-A434-7EE37B5667D6"/>
          <code codeSystem="2.16.840.1.113883.5.1063" codeSystemName="HL7 Observation Value" code="DENOM">
            <displayName value="Denominator"/>
          </code>
          <precondition typeCode="PRCN" nullFlavor="NA">
            <allTrue>
              <id/>
            </allTrue>
          </precondition>
        </denominatorCriteria>
      </component>
      <component typeCode="COMP">
        <initialPopulationCriteria classCode="OBS" moodCode="EVN" isCriterionInd="true">
          <id root="c75181d0-73eb-11de-8a39-0800200c9a66" extension="D9A5F327-7FE8-4BB5-93CD-140C1C3D9631"/>
          <code codeSystem="2.16.840.1.113883.5.1063" codeSystemName="HL7 Observation Value" code="IPP">
            <displayName value="Initial Patient Population"/>
          </code>
          <precondition typeCode="PRCN">
            <allTrue>
              <id/>
              <precondition typeCode="PRCN">
                <criteriaReference moodCode="EVN" classCode="OBS">
                  <id root="2.16.840.1.113883.3.100.1" extension="PatientCharacteristicBirthdateBirthDate_precondition_3"/>
                </criteriaReference>
              </precondition>
              <precondition typeCode="PRCN">
                <criteriaReference moodCode="EVN" classCode="GROUPER">
                  <id root="2.16.840.1.113883.3.100.1" extension="GROUP_FIRST_49"/>
                </criteriaReference>
              </precondition>
              <precondition typeCode="PRCN">
                <criteriaReference moodCode="EVN" classCode="GROUPER">
                  <id root="2.16.840.1.113883.3.100.1" extension="GROUP_FIRST_51"/>
                </criteriaReference>
              </precondition>
              <precondition typeCode="PRCN">
                <atLeastOneTrue>
                  <id/>
                  <precondition typeCode="PRCN">
                    <criteriaReference moodCode="EVN" classCode="ENC">
                      <id root="2.16.840.1.113883.3.100.1" extension="EncounterPerformedOfficeVisit_precondition_19"/>
                    </criteriaReference>
                  </precondition>
                  <precondition typeCode="PRCN">
                    <criteriaReference moodCode="EVN" classCode="ENC">
                      <id root="2.16.840.1.113883.3.100.1" extension="EncounterPerformedFaceToFaceInteraction_precondition_21"/>
                    </criteriaReference>
                  </precondition>
                  <precondition typeCode="PRCN">
                    <criteriaReference moodCode="EVN" classCode="ENC">
                      <id root="2.16.840.1.113883.3.100.1" extension="EncounterPerformedPreventiveCareServicesEstablishedOfficeVisit18AndUp_precondition_23"/>
                    </criteriaReference>
                  </precondition>
                  <precondition typeCode="PRCN">
                    <criteriaReference moodCode="EVN" classCode="ENC">
                      <id root="2.16.840.1.113883.3.100.1" extension="EncounterPerformedPreventiveCareServicesInitialOfficeVisit18AndUp_precondition_25"/>
                    </criteriaReference>
                  </precondition>
                  <precondition typeCode="PRCN">
                    <criteriaReference moodCode="EVN" classCode="ENC">
                      <id root="2.16.840.1.113883.3.100.1" extension="EncounterPerformedHomeHealthcareServices_precondition_27"/>
                    </criteriaReference>
                  </precondition>
                  <precondition typeCode="PRCN">
                    <criteriaReference moodCode="EVN" classCode="ENC">
                      <id root="2.16.840.1.113883.3.100.1" extension="EncounterPerformedAnnualWellnessVisit_precondition_29"/>
                    </criteriaReference>
                  </precondition>
                  <precondition typeCode="PRCN">
                    <criteriaReference moodCode="EVN" classCode="ENC">
                      <id root="2.16.840.1.113883.3.100.1" extension="EncounterPerformedPsychVisitDiagnosticEvaluation_precondition_31"/>
                    </criteriaReference>
                  </precondition>
                  <precondition typeCode="PRCN">
                    <criteriaReference moodCode="EVN" classCode="ENC">
                      <id root="2.16.840.1.113883.3.100.1" extension="EncounterPerformedPsychVisitPsychotherapy_precondition_33"/>
                    </criteriaReference>
                  </precondition>
                </atLeastOneTrue>
              </precondition>
            </allTrue>
          </precondition>
        </initialPopulationCriteria>
      </component>
      <component typeCode="COMP">
        <denominatorExclusionCriteria classCode="OBS" moodCode="EVN" isCriterionInd="true">
          <id root="c75181d0-73eb-11de-8a39-0800200c9a66" extension="00C95F29-CD87-41ED-A3CA-7ED8AE2C0AA8"/>
          <code codeSystem="2.16.840.1.113883.5.1063" codeSystemName="HL7 Observation Value" code="DENEX">
            <displayName value="Denominator"/>
          </code>
          <precondition typeCode="PRCN">
            <allTrue>
              <id/>
              <precondition typeCode="PRCN">
                <criteriaReference moodCode="EVN" classCode="SBADM">
                  <id root="2.16.840.1.113883.3.100.1" extension="MedicationActiveAntidepressantMedication_precondition_39"/>
                </criteriaReference>
              </precondition>
            </allTrue>
          </precondition>
        </denominatorExclusionCriteria>
      </component>
    </populationCriteriaSection>
  </component>
</QualityMeasureDocument>
