<?xml version="1.0" encoding="utf-8"?>
<QualityMeasureDocument xmlns="urn:hl7-org:v3" xmlns:xsi="http://www.w3.org/2001/XMLSchema-instance" xmlns:qdm="urn:hhs-qdm:hqmf-r2-extensions:v1">
  <typeId root="2.16.840.1.113883.1.3" extension="POQM_MT000001UV03"/>
  <templateId>
    <item root="2.16.840.1.113883.10.20.28.1.1"/>
  </templateId>
  <id root="2.16.840.1.113883.3.100.1" extension="40280381-4555-E1C1-0145-75EEED891B1B"/>
  <code code="57024-2" codeSystem="2.16.840.1.113883.6.1"/>
  <title value="Prostate Cancer: Avoidance of Overuse of Bone Scan for Staging Low Risk Prostate Cancer Patients"/>
  <text value="Percentage of patients, regardless of age, with a diagnosis of prostate cancer at low risk of recurrence receiving interstitial prostate brachytherapy, OR external beam radiotherapy to the prostate, OR radical prostatectomy, OR cryotherapy who did not have a bone scan performed at any time since diagnosis of prostate cancer"/>
  <statusCode code="completed"/>
  <setId root="2.16.840.1.113883.3.100.1" extension="1635C14D-E612-4FA6-96CD-285361AA7F7B"/>
  <versionNumber value="4"/>
  <author typeCode="AUT">
    <responsibleParty classCode="ASSIGNED"/>
  </author>
  <custodian typeCode="CST">
    <responsibleParty classCode="ASSIGNED"/>
  </custodian>
  <controlVariable>
    <measurePeriod>
      <code code="MSRTP" codeSystem="2.16.840.1.113883.3.560">
        <displayName value="Measurement period"/>
      </code>
      <value xsi:type="PIVL_TS">
        <phase lowClosed="true" highClosed="true">
          <low value="201201010000"/>
          <high value="201212312359"/>
          <width xsi:type="PQ" value="1" unit="a"/>
        </phase>
      </value>
    </measurePeriod>
  </controlVariable>
  <subjectOf>
    <measureAttribute classCode="OBS" moodCode="EVN">
      <code nullFlavor="OTH">
        <originalText value="Finalized Date/Time"/>
      </code>
      <value xsi:type="ANY" flavorId="ANY.NONNULL"/>
    </measureAttribute>
  </subjectOf>
  <subjectOf>
    <measureAttribute classCode="OBS" moodCode="EVN">
      <code codeSystem="2.16.840.1.113883.5.4" code="COPY">
        <displayName value="Copyright"/>
      </code>
      <value xsi:type="ED" mediaType="text/plain" value="Copyright 2013 American Medical Association. All Rights Reserved."/>
    </measureAttribute>
  </subjectOf>
  <subjectOf>
    <measureAttribute classCode="OBS" moodCode="EVN">
      <code codeSystem="2.16.840.1.113883.5.4" code="MSRSCORE">
        <displayName value="Measure Scoring"/>
      </code>
      <value xsi:type="CD" codeSystem="2.16.840.1.113883.1.11.20367" code="PROPOR">
        <displayName value="Proportion"/>
      </value>
    </measureAttribute>
  </subjectOf>
  <subjectOf>
    <measureAttribute classCode="OBS" moodCode="EVN">
      <code codeSystem="2.16.840.1.113883.5.4" code="MSRTYPE">
        <displayName value="Measure Type"/>
      </code>
      <value xsi:type="CD" codeSystem="2.16.840.1.113883.1.11.20368" code="PROCESS">
        <displayName value="Process"/>
      </value>
    </measureAttribute>
  </subjectOf>
  <subjectOf>
    <measureAttribute classCode="OBS" moodCode="EVN">
      <code codeSystem="2.16.840.1.113883.5.4" code="STRAT">
        <displayName value="Stratification"/>
      </code>
      <value xsi:type="ED" mediaType="text/plain" value="None"/>
    </measureAttribute>
  </subjectOf>
  <subjectOf>
    <measureAttribute classCode="OBS" moodCode="EVN">
      <code codeSystem="2.16.840.1.113883.5.4" code="MSRADJ">
        <displayName value="Risk Adjustment"/>
      </code>
      <value xsi:type="ED" mediaType="text/plain" value="None"/>
    </measureAttribute>
  </subjectOf>
  <subjectOf>
    <measureAttribute classCode="OBS" moodCode="EVN">
      <code codeSystem="2.16.840.1.113883.5.4" code="MSRAGG">
        <displayName value="Rate Aggregation"/>
      </code>
      <value xsi:type="ED" mediaType="text/plain" value="None"/>
    </measureAttribute>
  </subjectOf>
  <subjectOf>
    <measureAttribute classCode="OBS" moodCode="EVN">
      <code codeSystem="2.16.840.1.113883.5.4" code="RAT">
        <displayName value="Rationale"/>
      </code>
      <value xsi:type="ED" mediaType="text/plain" value="A bone scan is generally not required for staging prostate cancer in men with a low risk of recurrence and receiving primary therapy. This measure is written as a negative measure so that the performance goal is 100%, consistent with the other measures for this condition."/>
    </measureAttribute>
  </subjectOf>
  <subjectOf>
    <measureAttribute classCode="OBS" moodCode="EVN">
      <code codeSystem="2.16.840.1.113883.3.560" code="CRS">
        <displayName value="Clinical Recommendation Statement"/>
      </code>
      <value xsi:type="ED" mediaType="text/plain" value="Routine use of a bone scan is not required for staging asymptomatic men with clinically localized prostate cancer when their PSA is equal to or less than 20.0 ng/mL. (AUA, 2009)  For symptomatic patients and/or those with a life expectancy of greater than 5 years, a bone scan is appropriate for patients with any of the following: 1) T1 disease with PSA over 20 ng/mL or T2 disease with PSA over 10 ng/mL; 2) a Gleason score of 8 or higher; 3) T3 to T4 tumors or symptomatic disease. (NCCN, 2011) (Category 2A)"/>
    </measureAttribute>
  </subjectOf>
  <subjectOf>
    <measureAttribute classCode="OBS" moodCode="EVN">
      <code codeSystem="2.16.840.1.113883.3.560" code="IDUR">
        <displayName value="Improvement Notation"/>
      </code>
      <value xsi:type="ED" mediaType="text/plain" value="Higher score indicates better quality"/>
    </measureAttribute>
  </subjectOf>
  <subjectOf>
    <measureAttribute classCode="OBS" moodCode="EVN">
      <code nullFlavor="OTH">
        <originalText value="NQF ID Number"/>
      </code>
      <value xsi:type="II" root="2.16.840.1.113883.3.560.1" extension="0389"/>
    </measureAttribute>
  </subjectOf>
  <subjectOf>
    <measureAttribute classCode="OBS" moodCode="EVN">
      <code codeSystem="2.16.840.1.113883.5.4" code="DISC">
        <displayName value="Disclaimer"/>
        <originalText value="Disclaimer"/>
      </code>
      <value xsi:type="ED" mediaType="text/plain" value="Physician Performance Measures (Measures) and related data specifications have been developed by the American Medical Association (AMA) - convened Physician Consortium for Performance Improvement(R) (PCPI[R]). These Measures are not clinical guidelines and do not establish a standard of medical care, and have not been tested for all potential applications. The Measures, while copyrighted, can be reproduced and distributed, without modification, for noncommercial purposes, eg, use by health care providers in connection with their practices. Commercial use is defined as the sale, license, or distribution of the Measures for commercial gain, or incorporation of the Measures into a product or service that is sold, licensed or distributed for commercial gain. Commercial uses of the Measures require a license agreement between the user and the AMA, (on behalf of the PCPI). Neither the AMA, PCPI nor its members shall be responsible for any use of the Measures.   THE MEASURES AND SPECIFICATIONS ARE PROVIDED “AS IS” WITHOUT WARRANTY OF ANY KIND.   Limited proprietary coding is contained in the Measure specifications for convenience. Users of the proprietary code sets should obtain all necessary licenses from the owners of these code sets. The AMA, the PCPI and its members disclaim all liability for use or accuracy of any Current Procedural Terminology (CPT[R]) or other coding contained in the specifications.   CPT(R) contained in the Measure specifications is copyright 2004-2013 American Medical Association. LOINC(R) copyright 2004-2013 Regenstrief Institute, Inc. This material contains SNOMED Clinical Terms(R) (SNOMED CT[R]) copyright 2004-2013 International Health Terminology Standards Development Organisation. ICD-10 copyright 2013 World Health Organization. All Rights Reserved.  Due to technical limitations, registered trademarks are indicated by (R) or [R] and unregistered trademarks are indicated by (TM) or [TM]."/>
    </measureAttribute>
  </subjectOf>
  <subjectOf>
    <measureAttribute classCode="OBS" moodCode="EVN">
      <code nullFlavor="OTH">
        <originalText value="eMeasure Identifier"/>
      </code>
      <value xsi:type="ED" mediaType="text/plain" value="129"/>
    </measureAttribute>
  </subjectOf>
  <subjectOf>
    <measureAttribute classCode="OBS" moodCode="EVN">
      <code codeSystem="2.16.840.1.113883.5.4" code="REF">
        <displayName value="Reference"/>
      </code>
      <value xsi:type="ED" mediaType="text/plain" value="National Comprehensive Cancer Network (NCCN). Clinical Practice Guidelines in Oncology: Prostate Cancer. Version 4.2011. Available at www.nccn.org"/>
    </measureAttribute>
  </subjectOf>
  <subjectOf>
    <measureAttribute classCode="OBS" moodCode="EVN">
      <code codeSystem="2.16.840.1.113883.3.560" code="DEF">
        <displayName value="Definition"/>
      </code>
      <value xsi:type="ED" mediaType="text/plain" value="Risk Strata Definitions: Low, Intermediate, or High – Low Risk – PSA &lt;= 10 ng/mL; AND Gleason score 6 or less; AND clinical stage T1c or T2a. (AUA, 2007) Intermediate Risk – PSA &gt; 10 to 20 ng/mL; OR Gleason score 7; OR clinical stage T2b, and not qualifying for high risk. (AUA, 2007) High Risk – PSA &gt; 20 ng/mL; OR Gleason score 8 to 10; OR clinically localized stage T3a. (NCCN, 2011)"/>
    </measureAttribute>
  </subjectOf>
  <subjectOf>
    <measureAttribute classCode="OBS" moodCode="EVN">
      <code codeSystem="2.16.840.1.113883.5.4" code="GUIDE">
        <displayName value="Guidance"/>
      </code>
      <value xsi:type="ED" mediaType="text/plain" value="A higher score indicates appropriate treatment of patients with prostate cancer at low risk of recurrence. Only patients with prostate cancer with low risk of recurrence will be counted in the performance denominator of this measure."/>
    </measureAttribute>
  </subjectOf>
  <subjectOf>
    <measureAttribute classCode="OBS" moodCode="EVN">
      <code nullFlavor="OTH">
        <originalText value="Transmission Format"/>
      </code>
      <value xsi:type="ED" mediaType="text/plain" value="TBD"/>
    </measureAttribute>
  </subjectOf>
  <subjectOf>
    <measureAttribute classCode="OBS" moodCode="EVN">
      <code codeSystem="2.16.840.1.113883.5.1063" code="IPP">
        <originalText value="Initial Patient Population"/>
      </code>
      <value xsi:type="ED" mediaType="text/plain" value="All patients, regardless of age, with a diagnosis of prostate cancer"/>
    </measureAttribute>
  </subjectOf>
  <subjectOf>
    <measureAttribute classCode="OBS" moodCode="EVN">
      <code codeSystem="2.16.840.1.113883.5.1063" code="DENOM">
        <originalText value="Denominator"/>
      </code>
      <value xsi:type="ED" mediaType="text/plain" value="Equals Initial Patient Population at low risk of recurrence receiving interstitial prostate brachytherapy, OR external beam radiotherapy to the prostate, OR radical prostatectomy, OR cryotherapy"/>
    </measureAttribute>
  </subjectOf>
  <subjectOf>
    <measureAttribute classCode="OBS" moodCode="EVN">
      <code nullFlavor="OTH">
        <originalText value="Denominator Exclusions"/>
      </code>
      <value xsi:type="ED" mediaType="text/plain" value="None"/>
    </measureAttribute>
  </subjectOf>
  <subjectOf>
    <measureAttribute classCode="OBS" moodCode="EVN">
      <code codeSystem="2.16.840.1.113883.5.1063" code="NUMER">
        <originalText value="Numerator"/>
      </code>
      <value xsi:type="ED" mediaType="text/plain" value="Patients who did not have a bone scan performed at any time since diagnosis of prostate cancer"/>
    </measureAttribute>
  </subjectOf>
  <subjectOf>
    <measureAttribute classCode="OBS" moodCode="EVN">
      <code nullFlavor="OTH">
        <originalText value="Numerator Exclusions"/>
      </code>
      <value xsi:type="ED" mediaType="text/plain" value="Not Applicable"/>
    </measureAttribute>
  </subjectOf>
  <subjectOf>
    <measureAttribute classCode="OBS" moodCode="EVN">
      <code codeSystem="2.16.840.1.113883.5.1063" code="DENEXCEP">
        <originalText value="Denominator Exceptions"/>
      </code>
      <value xsi:type="ED" mediaType="text/plain" value="Documentation of reason(s) for performing a bone scan (including documented pain, salvage therapy, other medical reasons, bone scan ordered by someone other than reporting physician)"/>
    </measureAttribute>
  </subjectOf>
  <subjectOf>
    <measureAttribute classCode="OBS" moodCode="EVN">
      <code codeSystem="2.16.840.1.113883.5.1063" code="MSRPOPL">
        <originalText value="Measure Population"/>
      </code>
      <value xsi:type="ED" mediaType="text/plain" value="Not Applicable"/>
    </measureAttribute>
  </subjectOf>
  <subjectOf>
    <measureAttribute classCode="OBS" moodCode="EVN">
      <code nullFlavor="OTH">
        <originalText value="Measure Observations"/>
      </code>
      <value xsi:type="ED" mediaType="text/plain" value="Not Applicable"/>
    </measureAttribute>
  </subjectOf>
  <subjectOf>
    <measureAttribute classCode="OBS" moodCode="EVN">
      <code nullFlavor="OTH">
        <originalText value="Supplemental Data Elements"/>
      </code>
      <value xsi:type="ED" mediaType="text/plain" value="For every patient evaluated by this measure also identify payer, race, ethnicity and sex."/>
    </measureAttribute>
  </subjectOf>
  <component>
    <dataCriteriaSection>
      <templateId>
        <item root="2.16.840.1.113883.10.20.28.2.2"/>
      </templateId>
      <code code="57025-9" codeSystem="2.16.840.1.113883.6.1"/>
      <title value="Data Criteria Section"/>
      <text value="This section describes the data criteria."/>
      <entry typeCode="DRIV">
        <localVariableName value="OccurrenceAOccurrenceAClinicalStagingProcedure1"/>
        <observationCriteria moodCode="EVN" classCode="OBS">
          <id root="2.16.840.1.113883.3.100.1" extension="OccurrenceAClinicalStagingProcedure1"/>
          <outboundRelationship typeCode="OCCR">
            <localVariableName controlInformationRoot="PROCEDURE_RESULT_CLINICAL_STAGING_PROCEDURE" controlInformationExtension="A"/>
            <criteriaReference classCode="OBS" moodCode="EVN">
              <id root="2.16.840.1.113883.3.100.1" extension="OccurrenceAClinicalStagingProcedure1"/>
            </criteriaReference>
          </outboundRelationship>
        </observationCriteria>
      </entry>
      <entry typeCode="DRIV">
        <localVariableName value="OccurrenceAOccurrenceAProstateCancer3"/>
        <observationCriteria moodCode="EVN" classCode="OBS">
          <id root="2.16.840.1.113883.3.100.1" extension="OccurrenceAProstateCancer3"/>
          <statusCode code="active"/>
          <value xsi:type="CD" valueSet="2.16.840.1.113883.3.526.3.319">
            <displayName value="Prostate Cancer"/>
          </value>
          <outboundRelationship typeCode="OCCR">
            <localVariableName controlInformationRoot="DIAGNOSIS_ACTIVE_PROSTATE_CANCER" controlInformationExtension="A"/>
            <criteriaReference classCode="OBS" moodCode="EVN">
              <id root="2.16.840.1.113883.3.100.1" extension="OccurrenceAProstateCancer3"/>
            </criteriaReference>
          </outboundRelationship>
        </observationCriteria>
      </entry>
      <entry typeCode="DRIV">
        <localVariableName value="OccurrenceAOccurrenceAProstateCancerTreatment4"/>
        <procedureCriteria moodCode="EVN" classCode="PROC">
          <id root="2.16.840.1.113883.3.100.1" extension="OccurrenceAProstateCancerTreatment4"/>
          <statusCode code="performed"/>
          <outboundRelationship typeCode="OCCR">
            <localVariableName controlInformationRoot="PROCEDURE_PERFORMED_PROSTATE_CANCER_TREATMENT" controlInformationExtension="A"/>
            <criteriaReference classCode="OBS" moodCode="EVN">
              <id root="2.16.840.1.113883.3.100.1" extension="OccurrenceAProstateCancerTreatment4"/>
            </criteriaReference>
          </outboundRelationship>
        </procedureCriteria>
      </entry>
      <entry typeCode="DRIV">
        <localVariableName value="ProcedureResultClinicalStagingProcedure"/>
        <observationCriteria moodCode="EVN" classCode="OBS">
          <templateId>
            <item root="2.16.840.1.113883.10.20.28.3.69" identifierName="procedure, result template"/>
          </templateId>
          <id root="2.16.840.1.113883.3.100.1" extension="ProcedureResultClinicalStagingProcedure"/>
          <code xsi:type="CD" valueSet="2.16.840.1.113883.3.526.3.1098">
            <displayName value="Clinical Staging Procedure"/>
          </code>
          <text value="Procedure, Result: Clinical Staging Procedure"/>
          <definition>
            <criteriaReference moodCode="EVN" classCode="OBS">
              <id root="2.16.840.1.113883.3.100.1" extension="procedure_result"/>
            </criteriaReference>
          </definition>
          <outboundRelationship typeCode="SUBJ">
            <subsetCode code="SOURCE"/>
            <criteriaReference classCode="OBS" moodCode="EVN">
              <id root="2.16.840.1.113883.3.100.1" extension="ProcedureResultClinicalStagingProcedure"/>
            </criteriaReference>
          </outboundRelationship>
        </observationCriteria>
      </entry>
      <entry typeCode="DRIV">
        <localVariableName value="LaboratoryTestResultGleasonScore"/>
        <observationCriteria moodCode="EVN" classCode="OBS">
          <templateId>
            <item root="2.16.840.1.113883.10.20.28.3.4" identifierName="laboratory test, result template"/>
          </templateId>
          <id root="2.16.840.1.113883.3.100.1" extension="LaboratoryTestResultGleasonScore"/>
          <code xsi:type="CD" valueSet="2.16.840.1.113883.3.526.3.397">
            <displayName value="Gleason Score"/>
          </code>
          <text value="Laboratory Test, Result: Gleason Score"/>
          <definition>
            <criteriaReference moodCode="EVN" classCode="OBS">
              <id root="2.16.840.1.113883.3.100.1" extension="laboratory_test"/>
            </criteriaReference>
          </definition>
          <outboundRelationship typeCode="SUBJ">
            <subsetCode code="SOURCE"/>
            <criteriaReference classCode="OBS" moodCode="EVN">
              <id root="2.16.840.1.113883.3.100.1" extension="LaboratoryTestResultGleasonScore"/>
            </criteriaReference>
          </outboundRelationship>
        </observationCriteria>
      </entry>
      <entry typeCode="DRIV">
        <localVariableName value="DiagnosisActiveProstateCancer"/>
        <observationCriteria moodCode="EVN" classCode="OBS">
          <templateId>
            <item root="2.16.840.1.113883.10.20.28.3.1" identifierName="diagnosis, active template"/>
          </templateId>
          <id root="2.16.840.1.113883.3.100.1" extension="DiagnosisActiveProstateCancer"/>
          <text value="Diagnosis, Active: Prostate Cancer"/>
          <statusCode code="active"/>
          <value xsi:type="CD" valueSet="2.16.840.1.113883.3.526.3.319">
            <displayName value="Prostate Cancer"/>
          </value>
          <definition>
            <criteriaReference moodCode="EVN" classCode="OBS">
              <id root="2.16.840.1.113883.3.100.1" extension="diagnosis"/>
            </criteriaReference>
          </definition>
          <outboundRelationship typeCode="SUBJ">
            <subsetCode code="SOURCE"/>
            <criteriaReference classCode="OBS" moodCode="EVN">
              <id root="2.16.840.1.113883.3.100.1" extension="DiagnosisActiveProstateCancer"/>
            </criteriaReference>
          </outboundRelationship>
        </observationCriteria>
      </entry>
      <entry typeCode="DRIV">
        <localVariableName value="ProcedurePerformedProstateCancerTreatment"/>
        <procedureCriteria moodCode="EVN" classCode="PROC">
          <templateId>
            <item root="2.16.840.1.113883.10.20.28.3.67" identifierName="procedure, performed template"/>
          </templateId>
          <id root="2.16.840.1.113883.3.100.1" extension="ProcedurePerformedProstateCancerTreatment"/>
          <code xsi:type="CD" valueSet="2.16.840.1.113883.3.526.3.398">
            <displayName value="Prostate Cancer Treatment"/>
          </code>
          <text value="Procedure, Performed: Prostate Cancer Treatment"/>
          <statusCode code="performed"/>
          <definition>
            <criteriaReference moodCode="EVN" classCode="PROC">
              <id root="2.16.840.1.113883.3.100.1" extension="procedure"/>
            </criteriaReference>
          </definition>
          <outboundRelationship typeCode="SUBJ">
            <subsetCode code="SOURCE"/>
            <criteriaReference classCode="OBS" moodCode="EVN">
              <id root="2.16.840.1.113883.3.100.1" extension="ProcedurePerformedProstateCancerTreatment"/>
            </criteriaReference>
          </outboundRelationship>
        </procedureCriteria>
      </entry>
      <entry typeCode="DRIV">
        <localVariableName value="LaboratoryTestResultProstateSpecificAntigenTest"/>
        <observationCriteria moodCode="EVN" classCode="OBS">
          <templateId>
            <item root="2.16.840.1.113883.10.20.28.3.4" identifierName="laboratory test, result template"/>
          </templateId>
          <id root="2.16.840.1.113883.3.100.1" extension="LaboratoryTestResultProstateSpecificAntigenTest"/>
          <code xsi:type="CD" valueSet="2.16.840.1.113883.3.526.3.401">
            <displayName value="Prostate Specific Antigen Test"/>
          </code>
          <text value="Laboratory Test, Result: Prostate Specific Antigen Test"/>
          <definition>
            <criteriaReference moodCode="EVN" classCode="OBS">
              <id root="2.16.840.1.113883.3.100.1" extension="laboratory_test"/>
            </criteriaReference>
          </definition>
          <outboundRelationship typeCode="SUBJ">
            <subsetCode code="SOURCE"/>
            <criteriaReference classCode="OBS" moodCode="EVN">
              <id root="2.16.840.1.113883.3.100.1" extension="LaboratoryTestResultProstateSpecificAntigenTest"/>
            </criteriaReference>
          </outboundRelationship>
        </observationCriteria>
      </entry>
      <entry typeCode="DRIV">
        <localVariableName value="PatientCharacteristicEthnicityEthnicity"/>
        <observationCriteria moodCode="EVN" classCode="OBS">
          <templateId>
            <item root="2.16.840.1.113883.10.20.28.3.56" identifierName="patient characteristic, ethnicity template"/>
          </templateId>
          <id root="2.16.840.1.113883.3.100.1" extension="PatientCharacteristicEthnicityEthnicity"/>
          <code xsi:type="CD" valueSet="2.16.840.1.114222.4.11.837">
            <displayName value="Ethnicity"/>
          </code>
          <text value="Patient Characteristic Ethnicity: Ethnicity"/>
          <definition>
            <criteriaReference moodCode="EVN" classCode="OBS">
              <id root="2.16.840.1.113883.3.100.1" extension="patient_characteristic_ethnicity"/>
            </criteriaReference>
          </definition>
          <outboundRelationship typeCode="SUBJ">
            <subsetCode code="SOURCE"/>
            <criteriaReference classCode="OBS" moodCode="EVN">
              <id root="2.16.840.1.113883.3.100.1" extension="PatientCharacteristicEthnicityEthnicity"/>
            </criteriaReference>
          </outboundRelationship>
        </observationCriteria>
      </entry>
      <entry typeCode="DRIV">
        <localVariableName value="PatientCharacteristicSexOncAdministrativeSex"/>
        <observationCriteria moodCode="EVN" classCode="OBS">
          <templateId>
            <item root="2.16.840.1.113883.10.20.28.3.55" identifierName="patient characteristic, gender template"/>
          </templateId>
          <id root="2.16.840.1.113883.3.100.1" extension="PatientCharacteristicSexOncAdministrativeSex"/>
          <code xsi:type="CD" valueSet="2.16.840.1.113762.1.4.1">
            <displayName value="ONC Administrative Sex"/>
          </code>
          <text value="Patient Characteristic Sex: ONC Administrative Sex"/>
          <definition>
            <criteriaReference moodCode="EVN" classCode="OBS">
              <id root="2.16.840.1.113883.3.100.1" extension="patient_characteristic_gender"/>
            </criteriaReference>
          </definition>
          <outboundRelationship typeCode="SUBJ">
            <subsetCode code="SOURCE"/>
            <criteriaReference classCode="OBS" moodCode="EVN">
              <id root="2.16.840.1.113883.3.100.1" extension="PatientCharacteristicSexOncAdministrativeSex"/>
            </criteriaReference>
          </outboundRelationship>
        </observationCriteria>
      </entry>
      <entry typeCode="DRIV">
        <localVariableName value="PatientCharacteristicPayerPayer"/>
        <observationCriteria moodCode="EVN" classCode="OBS">
          <templateId>
            <item root="2.16.840.1.113883.10.20.28.3.58" identifierName="patient characteristic, payer template"/>
          </templateId>
          <id root="2.16.840.1.113883.3.100.1" extension="PatientCharacteristicPayerPayer"/>
          <code xsi:type="CD" valueSet="2.16.840.1.114222.4.11.3591">
            <displayName value="Payer"/>
          </code>
          <text value="Patient Characteristic Payer: Payer"/>
          <definition>
            <criteriaReference moodCode="EVN" classCode="OBS">
              <id root="2.16.840.1.113883.3.100.1" extension="patient_characteristic_payer"/>
            </criteriaReference>
          </definition>
          <outboundRelationship typeCode="SUBJ">
            <subsetCode code="SOURCE"/>
            <criteriaReference classCode="OBS" moodCode="EVN">
              <id root="2.16.840.1.113883.3.100.1" extension="PatientCharacteristicPayerPayer"/>
            </criteriaReference>
          </outboundRelationship>
        </observationCriteria>
      </entry>
      <entry typeCode="DRIV">
        <localVariableName value="PatientCharacteristicRaceRace"/>
        <observationCriteria moodCode="EVN" classCode="OBS">
          <templateId>
            <item root="2.16.840.1.113883.10.20.28.3.59" identifierName="patient characteristic, race template"/>
          </templateId>
          <id root="2.16.840.1.113883.3.100.1" extension="PatientCharacteristicRaceRace"/>
          <code xsi:type="CD" valueSet="2.16.840.1.114222.4.11.836">
            <displayName value="Race"/>
          </code>
          <text value="Patient Characteristic Race: Race"/>
          <definition>
            <criteriaReference moodCode="EVN" classCode="OBS">
              <id root="2.16.840.1.113883.3.100.1" extension="patient_characteristic_race"/>
            </criteriaReference>
          </definition>
          <outboundRelationship typeCode="SUBJ">
            <subsetCode code="SOURCE"/>
            <criteriaReference classCode="OBS" moodCode="EVN">
              <id root="2.16.840.1.113883.3.100.1" extension="PatientCharacteristicRaceRace"/>
            </criteriaReference>
          </outboundRelationship>
        </observationCriteria>
      </entry>
      <entry typeCode="DRIV">
        <localVariableName value="OccurrenceAOccurrenceAProstateCancer3_precondition_6"/>
        <observationCriteria moodCode="EVN" classCode="OBS">
          <id root="2.16.840.1.113883.3.100.1" extension="OccurrenceAProstateCancer3_precondition_6"/>
          <statusCode code="active"/>
          <value xsi:type="CD" valueSet="2.16.840.1.113883.3.526.3.319">
            <displayName value="Prostate Cancer"/>
          </value>
          <temporallyRelatedInformation typeCode="SBE">
            <qdm:temporalInformation precisionUnit="min">
              
            </qdm:temporalInformation>
            <criteriaReference moodCode="EVN" classCode="OBS">
              <id root="2.16.840.1.113883.3.100.1" extension="MeasurePeriod"/>
            </criteriaReference>
          </temporallyRelatedInformation>
          <outboundRelationship typeCode="OCCR">
            <localVariableName controlInformationRoot="DIAGNOSIS_ACTIVE_PROSTATE_CANCER" controlInformationExtension="A"/>
            <criteriaReference classCode="OBS" moodCode="EVN">
              <id root="2.16.840.1.113883.3.100.1" extension="OccurrenceAProstateCancer3"/>
            </criteriaReference>
          </outboundRelationship>
        </observationCriteria>
      </entry>
      <entry typeCode="DRIV">
        <localVariableName value="PatientCharacteristicSexMale_precondition_10"/>
        <observationCriteria moodCode="EVN" classCode="OBS">
          <templateId>
            <item root="2.16.840.1.113883.10.20.28.3.55" identifierName="patient characteristic, gender template"/>
          </templateId>
          <id root="2.16.840.1.113883.3.100.1" extension="PatientCharacteristicSexMale_precondition_10"/>
          <code xsi:type="CD" valueSet="2.16.840.1.113883.3.560.100.1">
            <displayName value="Male"/>
          </code>
          <text value="Patient Characteristic Sex: Male"/>
          <definition>
            <criteriaReference moodCode="EVN" classCode="OBS">
              <id root="2.16.840.1.113883.3.100.1" extension="patient_characteristic_gender"/>
            </criteriaReference>
          </definition>
          <outboundRelationship typeCode="SUBJ">
            <subsetCode code="SOURCE"/>
            <criteriaReference classCode="OBS" moodCode="EVN">
              <id root="2.16.840.1.113883.3.100.1" extension="PatientCharacteristicSexMale"/>
            </criteriaReference>
          </outboundRelationship>
        </observationCriteria>
      </entry>
      <entry typeCode="DRIV">
        <localVariableName value="OccurrenceAOccurrenceAProstateCancer3_precondition_8"/>
        <observationCriteria moodCode="EVN" classCode="OBS">
          <id root="2.16.840.1.113883.3.100.1" extension="OccurrenceAProstateCancer3_precondition_8"/>
          <statusCode code="active"/>
          <value xsi:type="CD" valueSet="2.16.840.1.113883.3.526.3.319">
            <displayName value="Prostate Cancer"/>
          </value>
          <temporallyRelatedInformation typeCode="EBS">
            <qdm:temporalInformation precisionUnit="min">
              
            </qdm:temporalInformation>
            <criteriaReference moodCode="EVN" classCode="OBS">
              <id root="2.16.840.1.113883.3.100.1" extension="MeasurePeriod"/>
            </criteriaReference>
          </temporallyRelatedInformation>
          <outboundRelationship typeCode="OCCR">
            <localVariableName controlInformationRoot="DIAGNOSIS_ACTIVE_PROSTATE_CANCER" controlInformationExtension="A"/>
            <criteriaReference classCode="OBS" moodCode="EVN">
              <id root="2.16.840.1.113883.3.100.1" extension="OccurrenceAProstateCancer3"/>
            </criteriaReference>
          </outboundRelationship>
        </observationCriteria>
      </entry>
      <entry typeCode="DRIV">
        <localVariableName value="OccurrenceAOccurrenceAProstateCancerTreatment4_precondition_14"/>
        <procedureCriteria moodCode="EVN" classCode="PROC">
          <id root="2.16.840.1.113883.3.100.1" extension="OccurrenceAProstateCancerTreatment4_precondition_14"/>
          <statusCode code="performed"/>
          <temporallyRelatedInformation typeCode="DURING">
            <qdm:temporalInformation precisionUnit="min">
              
            </qdm:temporalInformation>
            <criteriaReference moodCode="EVN" classCode="OBS">
              <id root="2.16.840.1.113883.3.100.1" extension="MeasurePeriod"/>
            </criteriaReference>
          </temporallyRelatedInformation>
          <outboundRelationship typeCode="OCCR">
            <localVariableName controlInformationRoot="PROCEDURE_PERFORMED_PROSTATE_CANCER_TREATMENT" controlInformationExtension="A"/>
            <criteriaReference classCode="OBS" moodCode="EVN">
              <id root="2.16.840.1.113883.3.100.1" extension="OccurrenceAProstateCancerTreatment4"/>
            </criteriaReference>
          </outboundRelationship>
          <excerpt typeCode="XCRPT">
            <!-- Subset operator for: FIRST -->
            <sequenceNumber value="1"/>
            <procedureCriteria moodCode="EVN" classCode="PROC">
              <id root="2.16.840.1.113883.3.100.1" extension="OccurrenceAProstateCancerTreatment4_precondition_14"/>
            </procedureCriteria>
          </excerpt>
        </procedureCriteria>
      </entry>
      <entry typeCode="DRIV">
        <localVariableName value="OccurrenceAOccurrenceAProstateSpecificAntigenTest5_precondition_17"/>
        <observationCriteria moodCode="EVN" classCode="OBS">
          <id root="2.16.840.1.113883.3.100.1" extension="OccurrenceAProstateSpecificAntigenTest5_precondition_17"/>
          <temporallyRelatedInformation typeCode="SBS">
            <qdm:temporalInformation precisionUnit="min">
              
            </qdm:temporalInformation>
            <criteriaReference moodCode="EVN" classCode="PROC">
              <id root="2.16.840.1.113883.3.100.1" extension="OccurrenceAClinicalStagingProcedure1"/>
            </criteriaReference>
          </temporallyRelatedInformation>
          <outboundRelationship typeCode="OCCR">
            <localVariableName controlInformationRoot="LABORATORY_TEST_RESULT_PROSTATE_SPECIFIC_ANTIGEN_TEST" controlInformationExtension="A"/>
            <criteriaReference classCode="OBS" moodCode="EVN">
              <id root="2.16.840.1.113883.3.100.1" extension="OccurrenceAProstateSpecificAntigenTest5"/>
            </criteriaReference>
          </outboundRelationship>
          <excerpt typeCode="XCRPT">
            <!-- Subset operator for: RECENT -->
            <qdm:subsetCode code="QDM_LAST"/>
            <observationCriteria moodCode="EVN" classCode="OBS">
              <id root="2.16.840.1.113883.3.100.1" extension="OccurrenceAProstateSpecificAntigenTest5_precondition_17"/>
            </observationCriteria>
          </excerpt>
        </observationCriteria>
      </entry>
      <entry typeCode="DRIV">
        <localVariableName value="OccurrenceAOccurrenceAProstateSpecificAntigenTest5_precondition_20"/>
        <observationCriteria moodCode="EVN" classCode="OBS">
          <id root="2.16.840.1.113883.3.100.1" extension="OccurrenceAProstateSpecificAntigenTest5_precondition_20"/>
          <value xsi:type="IVL_PQ" highClosed="true">
            <low nullFlavor="NINF"/>
            <high value="10" unit="ng/mL"/>
          </value>
          <outboundRelationship typeCode="OCCR">
            <localVariableName controlInformationRoot="LABORATORY_TEST_RESULT_PROSTATE_SPECIFIC_ANTIGEN_TEST" controlInformationExtension="A"/>
            <criteriaReference classCode="OBS" moodCode="EVN">
              <id root="2.16.840.1.113883.3.100.1" extension="OccurrenceAProstateSpecificAntigenTest5"/>
            </criteriaReference>
          </outboundRelationship>
        </observationCriteria>
      </entry>
      <entry typeCode="DRIV">
        <localVariableName value="OccurrenceAOccurrenceAGleasonScore2_precondition_24"/>
        <observationCriteria moodCode="EVN" classCode="OBS">
          <id root="2.16.840.1.113883.3.100.1" extension="OccurrenceAGleasonScore2_precondition_24"/>
          <temporallyRelatedInformation typeCode="SBS">
            <qdm:temporalInformation precisionUnit="min">
              
            </qdm:temporalInformation>
            <criteriaReference moodCode="EVN" classCode="PROC">
              <id root="2.16.840.1.113883.3.100.1" extension="OccurrenceAProstateCancerTreatment4"/>
            </criteriaReference>
          </temporallyRelatedInformation>
          <outboundRelationship typeCode="OCCR">
            <localVariableName controlInformationRoot="LABORATORY_TEST_RESULT_GLEASON_SCORE" controlInformationExtension="A"/>
            <criteriaReference classCode="OBS" moodCode="EVN">
              <id root="2.16.840.1.113883.3.100.1" extension="OccurrenceAGleasonScore2"/>
            </criteriaReference>
          </outboundRelationship>
          <excerpt typeCode="XCRPT">
            <!-- Subset operator for: RECENT -->
            <qdm:subsetCode code="QDM_LAST"/>
            <observationCriteria moodCode="EVN" classCode="OBS">
              <id root="2.16.840.1.113883.3.100.1" extension="OccurrenceAGleasonScore2_precondition_24"/>
            </observationCriteria>
          </excerpt>
        </observationCriteria>
      </entry>
      <entry typeCode="DRIV">
        <localVariableName value="OccurrenceAOccurrenceAGleasonScore2_precondition_27"/>
        <observationCriteria moodCode="EVN" classCode="OBS">
          <id root="2.16.840.1.113883.3.100.1" extension="OccurrenceAGleasonScore2_precondition_27"/>
          <value xsi:type="IVL_PQ" highClosed="true">
            <low nullFlavor="NINF"/>
            <high value="6"/>
          </value>
          <outboundRelationship typeCode="OCCR">
            <localVariableName controlInformationRoot="LABORATORY_TEST_RESULT_GLEASON_SCORE" controlInformationExtension="A"/>
            <criteriaReference classCode="OBS" moodCode="EVN">
              <id root="2.16.840.1.113883.3.100.1" extension="OccurrenceAGleasonScore2"/>
            </criteriaReference>
          </outboundRelationship>
        </observationCriteria>
      </entry>
      <entry typeCode="DRIV">
        <localVariableName value="OccurrenceAOccurrenceAClinicalStagingProcedure1_precondition_31"/>
        <observationCriteria moodCode="EVN" classCode="OBS">
          <id root="2.16.840.1.113883.3.100.1" extension="OccurrenceAClinicalStagingProcedure1_precondition_31"/>
          <temporallyRelatedInformation typeCode="SBS">
            <qdm:temporalInformation precisionUnit="min">
              
            </qdm:temporalInformation>
            <criteriaReference moodCode="EVN" classCode="PROC">
              <id root="2.16.840.1.113883.3.100.1" extension="OccurrenceAProstateCancerTreatment4"/>
            </criteriaReference>
          </temporallyRelatedInformation>
          <outboundRelationship typeCode="OCCR">
            <localVariableName controlInformationRoot="PROCEDURE_RESULT_CLINICAL_STAGING_PROCEDURE" controlInformationExtension="A"/>
            <criteriaReference classCode="OBS" moodCode="EVN">
              <id root="2.16.840.1.113883.3.100.1" extension="OccurrenceAClinicalStagingProcedure1"/>
            </criteriaReference>
          </outboundRelationship>
          <excerpt typeCode="XCRPT">
            <!-- Subset operator for: RECENT -->
            <qdm:subsetCode code="QDM_LAST"/>
            <procedureCriteria moodCode="EVN" classCode="PROC">
              <id root="2.16.840.1.113883.3.100.1" extension="OccurrenceAClinicalStagingProcedure1_precondition_31"/>
            </procedureCriteria>
          </excerpt>
        </observationCriteria>
      </entry>
      <entry typeCode="DRIV">
        <localVariableName value="OccurrenceAOccurrenceAClinicalStagingProcedure1_precondition_34"/>
        <observationCriteria moodCode="EVN" classCode="OBS">
          <id root="2.16.840.1.113883.3.100.1" extension="OccurrenceAClinicalStagingProcedure1_precondition_34"/>
          <value xsi:type="CD" valueSet="2.16.840.1.113883.3.526.3.1325">
            <displayName value="result"/>
          </value>
          <outboundRelationship typeCode="OCCR">
            <localVariableName controlInformationRoot="PROCEDURE_RESULT_CLINICAL_STAGING_PROCEDURE" controlInformationExtension="A"/>
            <criteriaReference classCode="OBS" moodCode="EVN">
              <id root="2.16.840.1.113883.3.100.1" extension="OccurrenceAClinicalStagingProcedure1"/>
            </criteriaReference>
          </outboundRelationship>
        </observationCriteria>
      </entry>
      <entry typeCode="DRIV">
        <localVariableName value="OccurrenceAOccurrenceAClinicalStagingProcedure1_precondition_36"/>
        <observationCriteria moodCode="EVN" classCode="OBS">
          <id root="2.16.840.1.113883.3.100.1" extension="OccurrenceAClinicalStagingProcedure1_precondition_36"/>
          <value xsi:type="CD" valueSet="2.16.840.1.113883.3.526.3.1326">
            <displayName value="result"/>
          </value>
          <outboundRelationship typeCode="OCCR">
            <localVariableName controlInformationRoot="PROCEDURE_RESULT_CLINICAL_STAGING_PROCEDURE" controlInformationExtension="A"/>
            <criteriaReference classCode="OBS" moodCode="EVN">
              <id root="2.16.840.1.113883.3.100.1" extension="OccurrenceAClinicalStagingProcedure1"/>
            </criteriaReference>
          </outboundRelationship>
        </observationCriteria>
      </entry>
      <entry typeCode="DRIV">
        <localVariableName value="OccurrenceAOccurrenceAProstateCancer3_precondition_52"/>
        <observationCriteria moodCode="EVN" classCode="OBS">
          <id root="2.16.840.1.113883.3.100.1" extension="OccurrenceAProstateCancer3_precondition_52"/>
          <statusCode code="active"/>
          <value xsi:type="CD" valueSet="2.16.840.1.113883.3.526.3.319">
            <displayName value="Prostate Cancer"/>
          </value>
          <outboundRelationship typeCode="OCCR">
            <localVariableName controlInformationRoot="DIAGNOSIS_ACTIVE_PROSTATE_CANCER" controlInformationExtension="A"/>
            <criteriaReference classCode="OBS" moodCode="EVN">
              <id root="2.16.840.1.113883.3.100.1" extension="OccurrenceAProstateCancer3"/>
            </criteriaReference>
          </outboundRelationship>
        </observationCriteria>
      </entry>
      <entry typeCode="DRIV">
        <localVariableName value="DiagnosisActivePainRelatedToProstateCancer_precondition_45"/>
        <observationCriteria moodCode="EVN" classCode="OBS">
          <templateId>
            <item root="2.16.840.1.113883.10.20.28.3.1" identifierName="diagnosis, active template"/>
          </templateId>
          <id root="2.16.840.1.113883.3.100.1" extension="DiagnosisActivePainRelatedToProstateCancer_precondition_45"/>
          <text value="Diagnosis, Active: Pain Related to Prostate Cancer"/>
          <statusCode code="active"/>
          <value xsi:type="CD" valueSet="2.16.840.1.113883.3.526.3.451">
            <displayName value="Pain Related to Prostate Cancer"/>
          </value>
          <definition>
            <criteriaReference moodCode="EVN" classCode="OBS">
              <id root="2.16.840.1.113883.3.100.1" extension="diagnosis"/>
            </criteriaReference>
          </definition>
          <temporallyRelatedInformation typeCode="SAS">
            <qdm:temporalInformation precisionUnit="min">
              
            </qdm:temporalInformation>
            <criteriaReference moodCode="EVN" classCode="OBS">
              <id root="2.16.840.1.113883.3.100.1" extension="OccurrenceAProstateCancer3_precondition_52"/>
            </criteriaReference>
          </temporallyRelatedInformation>
          <outboundRelationship typeCode="SUBJ">
            <subsetCode code="SOURCE"/>
            <criteriaReference classCode="OBS" moodCode="EVN">
              <id root="2.16.840.1.113883.3.100.1" extension="DiagnosisActivePainRelatedToProstateCancer"/>
            </criteriaReference>
          </outboundRelationship>
        </observationCriteria>
      </entry>
      <entry typeCode="DRIV">
        <localVariableName value="ProcedurePerformedSalvageTherapy_precondition_47"/>
        <procedureCriteria moodCode="EVN" classCode="PROC">
          <templateId>
            <item root="2.16.840.1.113883.10.20.28.3.67" identifierName="procedure, performed template"/>
          </templateId>
          <id root="2.16.840.1.113883.3.100.1" extension="ProcedurePerformedSalvageTherapy_precondition_47"/>
          <code xsi:type="CD" valueSet="2.16.840.1.113883.3.526.3.399">
            <displayName value="Salvage Therapy"/>
          </code>
          <text value="Procedure, Performed: Salvage Therapy"/>
          <statusCode code="performed"/>
          <definition>
            <criteriaReference moodCode="EVN" classCode="PROC">
              <id root="2.16.840.1.113883.3.100.1" extension="procedure"/>
            </criteriaReference>
          </definition>
          <temporallyRelatedInformation typeCode="SAS">
            <qdm:temporalInformation precisionUnit="min">
              
            </qdm:temporalInformation>
            <criteriaReference moodCode="EVN" classCode="OBS">
              <id root="2.16.840.1.113883.3.100.1" extension="OccurrenceAProstateCancer3_precondition_52"/>
            </criteriaReference>
          </temporallyRelatedInformation>
          <outboundRelationship typeCode="SUBJ">
            <subsetCode code="SOURCE"/>
            <criteriaReference classCode="OBS" moodCode="EVN">
              <id root="2.16.840.1.113883.3.100.1" extension="ProcedurePerformedSalvageTherapy"/>
            </criteriaReference>
          </outboundRelationship>
        </procedureCriteria>
      </entry>
      <entry typeCode="DRIV">
        <localVariableName value="DiagnosticStudyPerformedBoneScan_precondition_49"/>
        <procedureCriteria moodCode="EVN" classCode="PROC">
          <id root="2.16.840.1.113883.3.100.1" extension="DiagnosticStudyPerformedBoneScan_precondition_49"/>
          <code xsi:type="CD" valueSet="2.16.840.1.113883.3.526.3.320">
            <displayName value="Bone Scan"/>
          </code>
          <text value="Diagnostic Study, Performed: Bone Scan"/>
          <statusCode code="performed"/>
          <definition>
            <criteriaReference moodCode="EVN" classCode="PROC">
              <id root="2.16.840.1.113883.3.100.1" extension="diagnostic_study"/>
            </criteriaReference>
          </definition>
          <temporallyRelatedInformation typeCode="SAS">
            <qdm:temporalInformation precisionUnit="min">
              
            </qdm:temporalInformation>
            <criteriaReference moodCode="EVN" classCode="OBS">
              <id root="2.16.840.1.113883.3.100.1" extension="OccurrenceAProstateCancer3_precondition_52"/>
            </criteriaReference>
          </temporallyRelatedInformation>
          <outboundRelationship typeCode="SUBJ">
            <observationCriteria classCode="OBS" moodCode="EVN">
              <id root="DiagnosticStudyPerformedBoneScan_precondition_49_REASON"/>
              <code code="410666004" codeSystem="2.16.840.1.113883.6.96" codeSystemName="SNOMED-CT">
                <displayName value="Reason"/>
              </code>
              <value xsi:type="CD" valueSet="2.16.840.1.113883.3.526.3.1494">
                <displayName value="reason"/>
              </value>
            </observationCriteria>
          </outboundRelationship>
          <outboundRelationship typeCode="SUBJ">
            <subsetCode code="SOURCE"/>
            <criteriaReference classCode="OBS" moodCode="EVN">
              <id root="2.16.840.1.113883.3.100.1" extension="DiagnosticStudyPerformedBoneScan"/>
            </criteriaReference>
          </outboundRelationship>
        </procedureCriteria>
      </entry>
      <entry typeCode="DRIV">
        <localVariableName value="DiagnosticStudyPerformedBoneScan_precondition_55"/>
        <procedureCriteria moodCode="EVN" classCode="PROC">
          <id root="2.16.840.1.113883.3.100.1" extension="DiagnosticStudyPerformedBoneScan_precondition_55"/>
          <code xsi:type="CD" valueSet="2.16.840.1.113883.3.526.3.320">
            <displayName value="Bone Scan"/>
          </code>
          <text value="Diagnostic Study, Performed: Bone Scan"/>
          <statusCode code="performed"/>
          <definition>
            <criteriaReference moodCode="EVN" classCode="PROC">
              <id root="2.16.840.1.113883.3.100.1" extension="diagnostic_study"/>
            </criteriaReference>
          </definition>
          <temporallyRelatedInformation typeCode="SAS">
            <qdm:temporalInformation precisionUnit="min">
              
            </qdm:temporalInformation>
            <criteriaReference moodCode="EVN" classCode="OBS">
              <id root="2.16.840.1.113883.3.100.1" extension="OccurrenceAProstateCancer3"/>
            </criteriaReference>
          </temporallyRelatedInformation>
          <outboundRelationship typeCode="SUBJ">
            <subsetCode code="SOURCE"/>
            <criteriaReference classCode="OBS" moodCode="EVN">
              <id root="2.16.840.1.113883.3.100.1" extension="DiagnosticStudyPerformedBoneScan"/>
            </criteriaReference>
          </outboundRelationship>
        </procedureCriteria>
      </entry>
      <entry typeCode="DRIV">
        <localVariableName value="DiagnosticStudyPerformedBoneScan"/>
        <procedureCriteria moodCode="EVN" classCode="PROC">
          <templateId>
            <item root="2.16.840.1.113883.3.100.1.1" identifierName="Source data criteria template"/>
          </templateId>
          <id root="2.16.840.1.113883.3.100.1" extension="DiagnosticStudyPerformedBoneScan"/>
          <code xsi:type="CD" valueSet="2.16.840.1.113883.3.526.3.320">
            <displayName value="Bone Scan"/>
          </code>
          <text value="Diagnostic Study, Performed: Bone Scan"/>
          <statusCode code="performed"/>
          <definition>
            <criteriaReference moodCode="EVN" classCode="PROC">
              <id root="2.16.840.1.113883.3.100.1" extension="diagnostic_study"/>
            </criteriaReference>
          </definition>
          <outboundRelationship typeCode="SUBJ">
            <subsetCode code="SOURCE"/>
            <criteriaReference classCode="OBS" moodCode="EVN">
              <id root="2.16.840.1.113883.3.100.1" extension="DiagnosticStudyPerformedBoneScan"/>
            </criteriaReference>
          </outboundRelationship>
        </procedureCriteria>
      </entry>
      <entry typeCode="DRIV">
        <localVariableName value="OccurrenceAClinicalStagingProcedure1"/>
        <observationCriteria moodCode="EVN" classCode="OBS">
          <templateId>
            <item root="2.16.840.1.113883.10.20.28.3.69" identifierName="procedure, result template"/>
            <item root="2.16.840.1.113883.3.100.1.1" identifierName="Source data criteria template"/>
          </templateId>
          <id root="2.16.840.1.113883.3.100.1" extension="OccurrenceAClinicalStagingProcedure1"/>
          <code xsi:type="CD" valueSet="2.16.840.1.113883.3.526.3.1098">
            <displayName value="Clinical Staging Procedure"/>
          </code>
          <text value="Procedure Result: Clinical Staging Procedure"/>
          <definition>
            <criteriaReference moodCode="EVN" classCode="OBS">
              <id root="2.16.840.1.113883.3.100.1" extension="procedure_result"/>
            </criteriaReference>
          </definition>
        </observationCriteria>
      </entry>
      <entry typeCode="DRIV">
        <localVariableName value="OccurrenceAGleasonScore2"/>
        <observationCriteria moodCode="EVN" classCode="OBS">
          <templateId>
            <item root="2.16.840.1.113883.10.20.28.3.4" identifierName="laboratory test, result template"/>
            <item root="2.16.840.1.113883.3.100.1.1" identifierName="Source data criteria template"/>
          </templateId>
          <id root="2.16.840.1.113883.3.100.1" extension="OccurrenceAGleasonScore2"/>
          <code xsi:type="CD" valueSet="2.16.840.1.113883.3.526.3.397">
            <displayName value="Gleason Score"/>
          </code>
          <text value="Laboratory Test, Result: Gleason Score"/>
          <definition>
            <criteriaReference moodCode="EVN" classCode="OBS">
              <id root="2.16.840.1.113883.3.100.1" extension="laboratory_test"/>
            </criteriaReference>
          </definition>
        </observationCriteria>
      </entry>
      <entry typeCode="DRIV">
        <localVariableName value="PatientCharacteristicSexMale"/>
        <observationCriteria moodCode="EVN" classCode="OBS">
          <templateId>
            <item root="2.16.840.1.113883.10.20.28.3.55" identifierName="patient characteristic, gender template"/>
            <item root="2.16.840.1.113883.3.100.1.1" identifierName="Source data criteria template"/>
          </templateId>
          <id root="2.16.840.1.113883.3.100.1" extension="PatientCharacteristicSexMale"/>
          <code xsi:type="CD" valueSet="2.16.840.1.113883.3.560.100.1">
            <displayName value="Male"/>
          </code>
          <text value="Patient Characteristic Sex: Male"/>
          <definition>
            <criteriaReference moodCode="EVN" classCode="OBS">
              <id root="2.16.840.1.113883.3.100.1" extension="patient_characteristic_gender"/>
            </criteriaReference>
          </definition>
          <outboundRelationship typeCode="SUBJ">
            <subsetCode code="SOURCE"/>
            <criteriaReference classCode="OBS" moodCode="EVN">
              <id root="2.16.840.1.113883.3.100.1" extension="PatientCharacteristicSexMale"/>
            </criteriaReference>
          </outboundRelationship>
        </observationCriteria>
      </entry>
      <entry typeCode="DRIV">
        <localVariableName value="DiagnosisActivePainRelatedToProstateCancer"/>
        <observationCriteria moodCode="EVN" classCode="OBS">
          <templateId>
            <item root="2.16.840.1.113883.10.20.28.3.1" identifierName="diagnosis, active template"/>
            <item root="2.16.840.1.113883.3.100.1.1" identifierName="Source data criteria template"/>
          </templateId>
          <id root="2.16.840.1.113883.3.100.1" extension="DiagnosisActivePainRelatedToProstateCancer"/>
          <text value="Diagnosis, Active: Pain Related to Prostate Cancer"/>
          <statusCode code="active"/>
          <value xsi:type="CD" valueSet="2.16.840.1.113883.3.526.3.451">
            <displayName value="Pain Related to Prostate Cancer"/>
          </value>
          <definition>
            <criteriaReference moodCode="EVN" classCode="OBS">
              <id root="2.16.840.1.113883.3.100.1" extension="diagnosis"/>
            </criteriaReference>
          </definition>
          <outboundRelationship typeCode="SUBJ">
            <subsetCode code="SOURCE"/>
            <criteriaReference classCode="OBS" moodCode="EVN">
              <id root="2.16.840.1.113883.3.100.1" extension="DiagnosisActivePainRelatedToProstateCancer"/>
            </criteriaReference>
          </outboundRelationship>
        </observationCriteria>
      </entry>
      <entry typeCode="DRIV">
        <localVariableName value="OccurrenceAProstateCancer3"/>
        <observationCriteria moodCode="EVN" classCode="OBS">
          <templateId>
            <item root="2.16.840.1.113883.10.20.28.3.1" identifierName="diagnosis, active template"/>
            <item root="2.16.840.1.113883.3.100.1.1" identifierName="Source data criteria template"/>
          </templateId>
          <id root="2.16.840.1.113883.3.100.1" extension="OccurrenceAProstateCancer3"/>
          <text value="Diagnosis, Active: Prostate Cancer"/>
          <statusCode code="active"/>
          <value xsi:type="CD" valueSet="2.16.840.1.113883.3.526.3.319">
            <displayName value="Prostate Cancer"/>
          </value>
          <definition>
            <criteriaReference moodCode="EVN" classCode="OBS">
              <id root="2.16.840.1.113883.3.100.1" extension="diagnosis"/>
            </criteriaReference>
          </definition>
        </observationCriteria>
      </entry>
      <entry typeCode="DRIV">
        <localVariableName value="OccurrenceAProstateCancerTreatment4"/>
        <procedureCriteria moodCode="EVN" classCode="PROC">
          <templateId>
            <item root="2.16.840.1.113883.10.20.28.3.67" identifierName="procedure, performed template"/>
            <item root="2.16.840.1.113883.3.100.1.1" identifierName="Source data criteria template"/>
          </templateId>
          <id root="2.16.840.1.113883.3.100.1" extension="OccurrenceAProstateCancerTreatment4"/>
          <code xsi:type="CD" valueSet="2.16.840.1.113883.3.526.3.398">
            <displayName value="Prostate Cancer Treatment"/>
          </code>
          <text value="Procedure, Performed: Prostate Cancer Treatment"/>
          <statusCode code="performed"/>
          <definition>
            <criteriaReference moodCode="EVN" classCode="PROC">
              <id root="2.16.840.1.113883.3.100.1" extension="procedure"/>
            </criteriaReference>
          </definition>
        </procedureCriteria>
      </entry>
      <entry typeCode="DRIV">
        <localVariableName value="OccurrenceAProstateSpecificAntigenTest5"/>
        <observationCriteria moodCode="EVN" classCode="OBS">
          <templateId>
            <item root="2.16.840.1.113883.10.20.28.3.4" identifierName="laboratory test, result template"/>
            <item root="2.16.840.1.113883.3.100.1.1" identifierName="Source data criteria template"/>
          </templateId>
          <id root="2.16.840.1.113883.3.100.1" extension="OccurrenceAProstateSpecificAntigenTest5"/>
          <code xsi:type="CD" valueSet="2.16.840.1.113883.3.526.3.401">
            <displayName value="Prostate Specific Antigen Test"/>
          </code>
          <text value="Laboratory Test, Result: Prostate Specific Antigen Test"/>
          <definition>
            <criteriaReference moodCode="EVN" classCode="OBS">
              <id root="2.16.840.1.113883.3.100.1" extension="laboratory_test"/>
            </criteriaReference>
          </definition>
        </observationCriteria>
      </entry>
      <entry typeCode="DRIV">
        <localVariableName value="ProcedurePerformedSalvageTherapy"/>
        <procedureCriteria moodCode="EVN" classCode="PROC">
          <templateId>
            <item root="2.16.840.1.113883.10.20.28.3.67" identifierName="procedure, performed template"/>
            <item root="2.16.840.1.113883.3.100.1.1" identifierName="Source data criteria template"/>
          </templateId>
          <id root="2.16.840.1.113883.3.100.1" extension="ProcedurePerformedSalvageTherapy"/>
          <code xsi:type="CD" valueSet="2.16.840.1.113883.3.526.3.399">
            <displayName value="Salvage Therapy"/>
          </code>
          <text value="Procedure, Performed: Salvage Therapy"/>
          <statusCode code="performed"/>
          <definition>
            <criteriaReference moodCode="EVN" classCode="PROC">
              <id root="2.16.840.1.113883.3.100.1" extension="procedure"/>
            </criteriaReference>
          </definition>
          <outboundRelationship typeCode="SUBJ">
            <subsetCode code="SOURCE"/>
            <criteriaReference classCode="OBS" moodCode="EVN">
              <id root="2.16.840.1.113883.3.100.1" extension="ProcedurePerformedSalvageTherapy"/>
            </criteriaReference>
          </outboundRelationship>
        </procedureCriteria>
      </entry>
      <entry typeCode="DRIV">
        <localVariableName value="ProcedureResultClinicalStagingProcedure"/>
        <observationCriteria moodCode="EVN" classCode="OBS">
          <templateId>
            <item root="2.16.840.1.113883.10.20.28.3.69" identifierName="procedure, result template"/>
            <item root="2.16.840.1.113883.3.100.1.1" identifierName="Source data criteria template"/>
          </templateId>
          <id root="2.16.840.1.113883.3.100.1" extension="ProcedureResultClinicalStagingProcedure"/>
          <code xsi:type="CD" valueSet="2.16.840.1.113883.3.526.3.1098">
            <displayName value="Clinical Staging Procedure"/>
          </code>
          <text value="Procedure, Result: Clinical Staging Procedure"/>
          <definition>
            <criteriaReference moodCode="EVN" classCode="OBS">
              <id root="2.16.840.1.113883.3.100.1" extension="procedure_result"/>
            </criteriaReference>
          </definition>
          <outboundRelationship typeCode="SUBJ">
            <subsetCode code="SOURCE"/>
            <criteriaReference classCode="OBS" moodCode="EVN">
              <id root="2.16.840.1.113883.3.100.1" extension="ProcedureResultClinicalStagingProcedure"/>
            </criteriaReference>
          </outboundRelationship>
        </observationCriteria>
      </entry>
      <entry typeCode="DRIV">
        <localVariableName value="LaboratoryTestResultGleasonScore"/>
        <observationCriteria moodCode="EVN" classCode="OBS">
          <templateId>
            <item root="2.16.840.1.113883.10.20.28.3.4" identifierName="laboratory test, result template"/>
            <item root="2.16.840.1.113883.3.100.1.1" identifierName="Source data criteria template"/>
          </templateId>
          <id root="2.16.840.1.113883.3.100.1" extension="LaboratoryTestResultGleasonScore"/>
          <code xsi:type="CD" valueSet="2.16.840.1.113883.3.526.3.397">
            <displayName value="Gleason Score"/>
          </code>
          <text value="Laboratory Test, Result: Gleason Score"/>
          <definition>
            <criteriaReference moodCode="EVN" classCode="OBS">
              <id root="2.16.840.1.113883.3.100.1" extension="laboratory_test"/>
            </criteriaReference>
          </definition>
          <outboundRelationship typeCode="SUBJ">
            <subsetCode code="SOURCE"/>
            <criteriaReference classCode="OBS" moodCode="EVN">
              <id root="2.16.840.1.113883.3.100.1" extension="LaboratoryTestResultGleasonScore"/>
            </criteriaReference>
          </outboundRelationship>
        </observationCriteria>
      </entry>
      <entry typeCode="DRIV">
        <localVariableName value="DiagnosisActiveProstateCancer"/>
        <observationCriteria moodCode="EVN" classCode="OBS">
          <templateId>
            <item root="2.16.840.1.113883.10.20.28.3.1" identifierName="diagnosis, active template"/>
            <item root="2.16.840.1.113883.3.100.1.1" identifierName="Source data criteria template"/>
          </templateId>
          <id root="2.16.840.1.113883.3.100.1" extension="DiagnosisActiveProstateCancer"/>
          <text value="Diagnosis, Active: Prostate Cancer"/>
          <statusCode code="active"/>
          <value xsi:type="CD" valueSet="2.16.840.1.113883.3.526.3.319">
            <displayName value="Prostate Cancer"/>
          </value>
          <definition>
            <criteriaReference moodCode="EVN" classCode="OBS">
              <id root="2.16.840.1.113883.3.100.1" extension="diagnosis"/>
            </criteriaReference>
          </definition>
          <outboundRelationship typeCode="SUBJ">
            <subsetCode code="SOURCE"/>
            <criteriaReference classCode="OBS" moodCode="EVN">
              <id root="2.16.840.1.113883.3.100.1" extension="DiagnosisActiveProstateCancer"/>
            </criteriaReference>
          </outboundRelationship>
        </observationCriteria>
      </entry>
      <entry typeCode="DRIV">
        <localVariableName value="ProcedurePerformedProstateCancerTreatment"/>
        <procedureCriteria moodCode="EVN" classCode="PROC">
          <templateId>
            <item root="2.16.840.1.113883.10.20.28.3.67" identifierName="procedure, performed template"/>
            <item root="2.16.840.1.113883.3.100.1.1" identifierName="Source data criteria template"/>
          </templateId>
          <id root="2.16.840.1.113883.3.100.1" extension="ProcedurePerformedProstateCancerTreatment"/>
          <code xsi:type="CD" valueSet="2.16.840.1.113883.3.526.3.398">
            <displayName value="Prostate Cancer Treatment"/>
          </code>
          <text value="Procedure, Performed: Prostate Cancer Treatment"/>
          <statusCode code="performed"/>
          <definition>
            <criteriaReference moodCode="EVN" classCode="PROC">
              <id root="2.16.840.1.113883.3.100.1" extension="procedure"/>
            </criteriaReference>
          </definition>
          <outboundRelationship typeCode="SUBJ">
            <subsetCode code="SOURCE"/>
            <criteriaReference classCode="OBS" moodCode="EVN">
              <id root="2.16.840.1.113883.3.100.1" extension="ProcedurePerformedProstateCancerTreatment"/>
            </criteriaReference>
          </outboundRelationship>
        </procedureCriteria>
      </entry>
      <entry typeCode="DRIV">
        <localVariableName value="LaboratoryTestResultProstateSpecificAntigenTest"/>
        <observationCriteria moodCode="EVN" classCode="OBS">
          <templateId>
            <item root="2.16.840.1.113883.10.20.28.3.4" identifierName="laboratory test, result template"/>
            <item root="2.16.840.1.113883.3.100.1.1" identifierName="Source data criteria template"/>
          </templateId>
          <id root="2.16.840.1.113883.3.100.1" extension="LaboratoryTestResultProstateSpecificAntigenTest"/>
          <code xsi:type="CD" valueSet="2.16.840.1.113883.3.526.3.401">
            <displayName value="Prostate Specific Antigen Test"/>
          </code>
          <text value="Laboratory Test, Result: Prostate Specific Antigen Test"/>
          <definition>
            <criteriaReference moodCode="EVN" classCode="OBS">
              <id root="2.16.840.1.113883.3.100.1" extension="laboratory_test"/>
            </criteriaReference>
          </definition>
          <outboundRelationship typeCode="SUBJ">
            <subsetCode code="SOURCE"/>
            <criteriaReference classCode="OBS" moodCode="EVN">
              <id root="2.16.840.1.113883.3.100.1" extension="LaboratoryTestResultProstateSpecificAntigenTest"/>
            </criteriaReference>
          </outboundRelationship>
        </observationCriteria>
      </entry>
      <entry typeCode="DRIV">
        <localVariableName value="PatientCharacteristicEthnicityEthnicity"/>
        <observationCriteria moodCode="EVN" classCode="OBS">
          <templateId>
            <item root="2.16.840.1.113883.10.20.28.3.56" identifierName="patient characteristic, ethnicity template"/>
            <item root="2.16.840.1.113883.3.100.1.1" identifierName="Source data criteria template"/>
          </templateId>
          <id root="2.16.840.1.113883.3.100.1" extension="PatientCharacteristicEthnicityEthnicity"/>
          <code xsi:type="CD" valueSet="2.16.840.1.114222.4.11.837">
            <displayName value="Ethnicity"/>
          </code>
          <text value="Patient Characteristic Ethnicity: Ethnicity"/>
          <definition>
            <criteriaReference moodCode="EVN" classCode="OBS">
              <id root="2.16.840.1.113883.3.100.1" extension="patient_characteristic_ethnicity"/>
            </criteriaReference>
          </definition>
          <outboundRelationship typeCode="SUBJ">
            <subsetCode code="SOURCE"/>
            <criteriaReference classCode="OBS" moodCode="EVN">
              <id root="2.16.840.1.113883.3.100.1" extension="PatientCharacteristicEthnicityEthnicity"/>
            </criteriaReference>
          </outboundRelationship>
        </observationCriteria>
      </entry>
      <entry typeCode="DRIV">
        <localVariableName value="PatientCharacteristicSexOncAdministrativeSex"/>
        <observationCriteria moodCode="EVN" classCode="OBS">
          <templateId>
            <item root="2.16.840.1.113883.10.20.28.3.55" identifierName="patient characteristic, gender template"/>
            <item root="2.16.840.1.113883.3.100.1.1" identifierName="Source data criteria template"/>
          </templateId>
          <id root="2.16.840.1.113883.3.100.1" extension="PatientCharacteristicSexOncAdministrativeSex"/>
          <code xsi:type="CD" valueSet="2.16.840.1.113762.1.4.1">
            <displayName value="ONC Administrative Sex"/>
          </code>
          <text value="Patient Characteristic Sex: ONC Administrative Sex"/>
          <definition>
            <criteriaReference moodCode="EVN" classCode="OBS">
              <id root="2.16.840.1.113883.3.100.1" extension="patient_characteristic_gender"/>
            </criteriaReference>
          </definition>
          <outboundRelationship typeCode="SUBJ">
            <subsetCode code="SOURCE"/>
            <criteriaReference classCode="OBS" moodCode="EVN">
              <id root="2.16.840.1.113883.3.100.1" extension="PatientCharacteristicSexOncAdministrativeSex"/>
            </criteriaReference>
          </outboundRelationship>
        </observationCriteria>
      </entry>
      <entry typeCode="DRIV">
        <localVariableName value="PatientCharacteristicPayerPayer"/>
        <observationCriteria moodCode="EVN" classCode="OBS">
          <templateId>
            <item root="2.16.840.1.113883.10.20.28.3.58" identifierName="patient characteristic, payer template"/>
            <item root="2.16.840.1.113883.3.100.1.1" identifierName="Source data criteria template"/>
          </templateId>
          <id root="2.16.840.1.113883.3.100.1" extension="PatientCharacteristicPayerPayer"/>
          <code xsi:type="CD" valueSet="2.16.840.1.114222.4.11.3591">
            <displayName value="Payer"/>
          </code>
          <text value="Patient Characteristic Payer: Payer"/>
          <definition>
            <criteriaReference moodCode="EVN" classCode="OBS">
              <id root="2.16.840.1.113883.3.100.1" extension="patient_characteristic_payer"/>
            </criteriaReference>
          </definition>
          <outboundRelationship typeCode="SUBJ">
            <subsetCode code="SOURCE"/>
            <criteriaReference classCode="OBS" moodCode="EVN">
              <id root="2.16.840.1.113883.3.100.1" extension="PatientCharacteristicPayerPayer"/>
            </criteriaReference>
          </outboundRelationship>
        </observationCriteria>
      </entry>
      <entry typeCode="DRIV">
        <localVariableName value="PatientCharacteristicRaceRace"/>
        <observationCriteria moodCode="EVN" classCode="OBS">
          <templateId>
            <item root="2.16.840.1.113883.10.20.28.3.59" identifierName="patient characteristic, race template"/>
            <item root="2.16.840.1.113883.3.100.1.1" identifierName="Source data criteria template"/>
          </templateId>
          <id root="2.16.840.1.113883.3.100.1" extension="PatientCharacteristicRaceRace"/>
          <code xsi:type="CD" valueSet="2.16.840.1.114222.4.11.836">
            <displayName value="Race"/>
          </code>
          <text value="Patient Characteristic Race: Race"/>
          <definition>
            <criteriaReference moodCode="EVN" classCode="OBS">
              <id root="2.16.840.1.113883.3.100.1" extension="patient_characteristic_race"/>
            </criteriaReference>
          </definition>
          <outboundRelationship typeCode="SUBJ">
            <subsetCode code="SOURCE"/>
            <criteriaReference classCode="OBS" moodCode="EVN">
              <id root="2.16.840.1.113883.3.100.1" extension="PatientCharacteristicRaceRace"/>
            </criteriaReference>
          </outboundRelationship>
        </observationCriteria>
      </entry>
    </dataCriteriaSection>
  </component>
  <component>
    <populationCriteriaSection>
      <templateId>
        <item root="2.16.840.1.113883.10.20.28.2.1"/>
      </templateId>
      <id root="2.16.840.1.113883.3.100.1" extension="Population0"/>
      <code code="57026-7" codeSystem="2.16.840.1.113883.6.1"/>
      <title value=""/>
      <text value="This section describes the Initial Patient Population, Numerator, Denominator, Denominator Exceptions, and Measure Populations"/>
      <component typeCode="COMP">
        <initialPopulationCriteria classCode="OBS" moodCode="EVN" isCriterionInd="true">
          <id root="c75181d0-73eb-11de-8a39-0800200c9a66" extension="8AA79152-295C-49E8-B4F3-966384290032"/>
          <code codeSystem="2.16.840.1.113883.5.1063" codeSystemName="HL7 Observation Value" code="IPP">
            <displayName value="Initial Patient Population"/>
          </code>
          <precondition typeCode="PRCN">
            <allTrue>
              <id/>
              <precondition typeCode="PRCN">
                <criteriaReference moodCode="EVN" classCode="OBS">
                  <id root="2.16.840.1.113883.3.100.1" extension="OccurrenceAProstateCancer3_precondition_6"/>
                </criteriaReference>
              </precondition>
              <precondition typeCode="PRCN">
                <criteriaReference moodCode="EVN" classCode="OBS">
                  <id root="2.16.840.1.113883.3.100.1" extension="PatientCharacteristicSexMale_precondition_10"/>
                </criteriaReference>
              </precondition>
              <precondition typeCode="PRCN">
                <allFalse>
                  <id/>
                  <precondition typeCode="PRCN">
                    <criteriaReference moodCode="EVN" classCode="OBS">
                      <id root="2.16.840.1.113883.3.100.1" extension="OccurrenceAProstateCancer3_precondition_8"/>
                    </criteriaReference>
                  </precondition>
                </allFalse>
              </precondition>
            </allTrue>
          </precondition>
        </initialPopulationCriteria>
      </component>
      <component typeCode="COMP">
        <denominatorCriteria classCode="OBS" moodCode="EVN" isCriterionInd="true">
          <id root="c75181d0-73eb-11de-8a39-0800200c9a66" extension="9BC32102-1C28-4B0D-AE81-BCF059743738"/>
          <code codeSystem="2.16.840.1.113883.5.1063" codeSystemName="HL7 Observation Value" code="DENOM">
            <displayName value="Denominator"/>
          </code>
          <precondition typeCode="PRCN">
            <allTrue>
              <id/>
              <precondition typeCode="PRCN">
                <criteriaReference moodCode="EVN" classCode="PROC">
                  <id root="2.16.840.1.113883.3.100.1" extension="OccurrenceAProstateCancerTreatment4_precondition_14"/>
                </criteriaReference>
              </precondition>
              <precondition typeCode="PRCN">
                <allTrue>
                  <id/>
                  <precondition typeCode="PRCN">
                    <allTrue>
                      <id/>
                      <precondition typeCode="PRCN">
                        <criteriaReference moodCode="EVN" classCode="OBS">
                          <id root="2.16.840.1.113883.3.100.1" extension="OccurrenceAProstateSpecificAntigenTest5_precondition_17"/>
                        </criteriaReference>
                      </precondition>
                      <precondition typeCode="PRCN">
                        <criteriaReference moodCode="EVN" classCode="OBS">
                          <id root="2.16.840.1.113883.3.100.1" extension="OccurrenceAProstateSpecificAntigenTest5_precondition_20"/>
                        </criteriaReference>
                      </precondition>
                    </allTrue>
                  </precondition>
                  <precondition typeCode="PRCN">
                    <allTrue>
                      <id/>
                      <precondition typeCode="PRCN">
                        <criteriaReference moodCode="EVN" classCode="OBS">
                          <id root="2.16.840.1.113883.3.100.1" extension="OccurrenceAGleasonScore2_precondition_24"/>
                        </criteriaReference>
                      </precondition>
                      <precondition typeCode="PRCN">
                        <criteriaReference moodCode="EVN" classCode="OBS">
                          <id root="2.16.840.1.113883.3.100.1" extension="OccurrenceAGleasonScore2_precondition_27"/>
                        </criteriaReference>
                      </precondition>
                    </allTrue>
                  </precondition>
                  <precondition typeCode="PRCN">
                    <allTrue>
                      <id/>
                      <precondition typeCode="PRCN">
                        <criteriaReference moodCode="EVN" classCode="PROC">
                          <id root="2.16.840.1.113883.3.100.1" extension="OccurrenceAClinicalStagingProcedure1_precondition_31"/>
                        </criteriaReference>
                      </precondition>
                      <precondition typeCode="PRCN">
                        <atLeastOneTrue>
                          <id/>
                          <precondition typeCode="PRCN">
                            <criteriaReference moodCode="EVN" classCode="PROC">
                              <id root="2.16.840.1.113883.3.100.1" extension="OccurrenceAClinicalStagingProcedure1_precondition_34"/>
                            </criteriaReference>
                          </precondition>
                          <precondition typeCode="PRCN">
                            <criteriaReference moodCode="EVN" classCode="PROC">
                              <id root="2.16.840.1.113883.3.100.1" extension="OccurrenceAClinicalStagingProcedure1_precondition_36"/>
                            </criteriaReference>
                          </precondition>
                        </atLeastOneTrue>
                      </precondition>
                    </allTrue>
                  </precondition>
                </allTrue>
              </precondition>
            </allTrue>
          </precondition>
        </denominatorCriteria>
      </component>
      <component typeCode="COMP">
        <numeratorCriteria classCode="OBS" moodCode="EVN" isCriterionInd="true">
          <id root="c75181d0-73eb-11de-8a39-0800200c9a66" extension="863BCA26-5D89-4E0E-A527-6D0B3B3B5B1F"/>
          <code codeSystem="2.16.840.1.113883.5.1063" codeSystemName="HL7 Observation Value" code="NUMER">
            <displayName value="Numerator"/>
          </code>
          <precondition typeCode="PRCN">
            <allFalse>
              <id/>
              <precondition typeCode="PRCN">
                <criteriaReference moodCode="EVN" classCode="OBS">
                  <id root="2.16.840.1.113883.3.100.1" extension="DiagnosticStudyPerformedBoneScan_precondition_55"/>
                </criteriaReference>
              </precondition>
            </allFalse>
          </precondition>
        </numeratorCriteria>
      </component>
      <component typeCode="COMP">
        <denominatorExceptionCriteria classCode="OBS" moodCode="EVN" isCriterionInd="true">
          <id root="c75181d0-73eb-11de-8a39-0800200c9a66" extension="6998DFC8-8732-4A8F-8335-E8D42389DF49"/>
          <code codeSystem="2.16.840.1.113883.5.1063" codeSystemName="HL7 Observation Value" code="DENEXCEP">
            <displayName value="Denominator Exception"/>
          </code>
          <precondition typeCode="PRCN">
            <allTrue>
              <id/>
              <precondition typeCode="PRCN">
                <atLeastOneTrue>
                  <id/>
                  <precondition typeCode="PRCN">
                    <criteriaReference moodCode="EVN" classCode="OBS">
                      <id root="2.16.840.1.113883.3.100.1" extension="DiagnosisActivePainRelatedToProstateCancer_precondition_45"/>
                    </criteriaReference>
                  </precondition>
                  <precondition typeCode="PRCN">
                    <criteriaReference moodCode="EVN" classCode="PROC">
                      <id root="2.16.840.1.113883.3.100.1" extension="ProcedurePerformedSalvageTherapy_precondition_47"/>
                    </criteriaReference>
                  </precondition>
                  <precondition typeCode="PRCN">
                    <criteriaReference moodCode="EVN" classCode="OBS">
                      <id root="2.16.840.1.113883.3.100.1" extension="DiagnosticStudyPerformedBoneScan_precondition_49"/>
                    </criteriaReference>
                  </precondition>
                </atLeastOneTrue>
              </precondition>
            </allTrue>
          </precondition>
        </denominatorExceptionCriteria>
      </component>
    </populationCriteriaSection>
  </component>
</QualityMeasureDocument>
