<?xml version="1.0" encoding="utf-8"?>
<QualityMeasureDocument xmlns="urn:hl7-org:v3" xmlns:xsi="http://www.w3.org/2001/XMLSchema-instance" xmlns:qdm="urn:hhs-qdm:hqmf-r2-extensions:v1">
  <typeId root="2.16.840.1.113883.1.3" extension="POQM_MT000001UV03"/>
  <templateId>
    <item root="2.16.840.1.113883.10.20.28.1.1"/>
  </templateId>
  <id root="2.16.840.1.113883.3.100.1" extension="40280381-4555-E1C1-0145-9500C0B22DC1"/>
  <code code="57024-2" codeSystem="2.16.840.1.113883.6.1"/>
  <title value="Use of Imaging Studies for Low Back Pain"/>
  <text value="Percentage of patients 18-50 years of age with a diagnosis of low back pain who did not have an imaging study (plain X-ray, MRI, CT scan) within 28 days of the diagnosis."/>
  <statusCode code="completed"/>
  <setId root="2.16.840.1.113883.3.100.1" extension="B6016B47-B65D-4BE0-866F-1D397886CA89"/>
  <versionNumber value="4"/>
  <author typeCode="AUT">
    <responsibleParty classCode="ASSIGNED"/>
  </author>
  <custodian typeCode="CST">
    <responsibleParty classCode="ASSIGNED"/>
  </custodian>
  <controlVariable>
    <measurePeriod>
      <code code="MSRTP" codeSystem="2.16.840.1.113883.3.560">
        <displayName value="Measurement period"/>
      </code>
      <value xsi:type="PIVL_TS">
        <phase lowClosed="true" highClosed="true">
          <low value="201201010000"/>
          <high value="201212312359"/>
          <width xsi:type="PQ" value="1" unit="a"/>
        </phase>
      </value>
    </measurePeriod>
  </controlVariable>
  <subjectOf>
    <measureAttribute classCode="OBS" moodCode="EVN">
      <code nullFlavor="OTH">
        <originalText value="Finalized Date/Time"/>
      </code>
      <value xsi:type="ANY" flavorId="ANY.NONNULL"/>
    </measureAttribute>
  </subjectOf>
  <subjectOf>
    <measureAttribute classCode="OBS" moodCode="EVN">
      <code codeSystem="2.16.840.1.113883.5.4" code="COPY">
        <displayName value="Copyright"/>
      </code>
      <value xsi:type="ED" mediaType="text/plain" value="Physician Performance Measure (Measures) and related data specifications were developed by the National Committee for Quality Assurance (NCQA).   The Measures are copyrighted but can be reproduced and distributed, without modification, for noncommercial purposes (eg, use by healthcare providers in connection with their practices). Commercial use is defined as the sale, licensing, or distribution of the Measures for commercial gain, or incorporation of the Measures into a product or service that is sold, licensed or distributed for commercial gain. Commercial use of the Measures requires a license agreement between the user and NCQA. NCQA is not responsible for any use of the Measures.   (c) 2008 -2014 National Committee for Quality Assurance. All Rights Reserved.   Limited proprietary coding is contained in the Measure specifications for user convenience. Users of proprietary code sets should obtain all necessary licenses from the owners of the code sets.  NCQA disclaims all liability for use or accuracy of any CPT or other codes contained in the specifications.  CPT(R) contained in the Measure specifications is copyright 2004-2013 American Medical Association. LOINC(R) copyright 2004-2013 Regenstrief Institute, Inc. This material contains SNOMED Clinical Terms(R) (SNOMED CT[R]) copyright 2004-2013 International Health Terminology Standards Development Organisation. ICD-10 copyright 2013 World Health Organization. All Rights Reserved."/>
    </measureAttribute>
  </subjectOf>
  <subjectOf>
    <measureAttribute classCode="OBS" moodCode="EVN">
      <code codeSystem="2.16.840.1.113883.5.4" code="MSRSCORE">
        <displayName value="Measure Scoring"/>
      </code>
      <value xsi:type="CD" codeSystem="2.16.840.1.113883.1.11.20367" code="PROPOR">
        <displayName value="Proportion"/>
      </value>
    </measureAttribute>
  </subjectOf>
  <subjectOf>
    <measureAttribute classCode="OBS" moodCode="EVN">
      <code codeSystem="2.16.840.1.113883.5.4" code="MSRTYPE">
        <displayName value="Measure Type"/>
      </code>
      <value xsi:type="CD" codeSystem="2.16.840.1.113883.1.11.20368" code="PROCESS">
        <displayName value="Process"/>
      </value>
    </measureAttribute>
  </subjectOf>
  <subjectOf>
    <measureAttribute classCode="OBS" moodCode="EVN">
      <code codeSystem="2.16.840.1.113883.5.4" code="STRAT">
        <displayName value="Stratification"/>
      </code>
      <value xsi:type="ED" mediaType="text/plain" value="None"/>
    </measureAttribute>
  </subjectOf>
  <subjectOf>
    <measureAttribute classCode="OBS" moodCode="EVN">
      <code codeSystem="2.16.840.1.113883.5.4" code="MSRADJ">
        <displayName value="Risk Adjustment"/>
      </code>
      <value xsi:type="ED" mediaType="text/plain" value="None"/>
    </measureAttribute>
  </subjectOf>
  <subjectOf>
    <measureAttribute classCode="OBS" moodCode="EVN">
      <code codeSystem="2.16.840.1.113883.5.4" code="MSRAGG">
        <displayName value="Rate Aggregation"/>
      </code>
      <value xsi:type="ED" mediaType="text/plain" value="None"/>
    </measureAttribute>
  </subjectOf>
  <subjectOf>
    <measureAttribute classCode="OBS" moodCode="EVN">
      <code codeSystem="2.16.840.1.113883.5.4" code="RAT">
        <displayName value="Rationale"/>
      </code>
      <value xsi:type="ED" mediaType="text/plain" value="Low back pain is a pervasive problem that affects three quarters of adults at some time in their lives (Chou, 2012). It ranks among the top ten reasons for patient visits to internists and is the most common and expensive reason for work disability in the U.S.  Low back pain is second only to upper respiratory problems as a symptom-related reason for visits to a physician (Jarvik and Deyo 2002; U.S. Preventive Services Task Force 2004).   Each year in the United States low back pain is experienced by 25 to 50 percent of adults, making it one of the most common reasons for seeking health care services (Haldeman, 2008). Low back pain results in high indirect costs from disability, lost time from work, and decreased productivity while at work, and is the number one cause for activity limitations in younger adults (Chou, 2012). The costs associated with health care services for spine pain (primarily low back pain) in the U.S. increased from $45.9 billion in 1997 to $102.6 billion in 2004 (Martin, 2008)."/>
    </measureAttribute>
  </subjectOf>
  <subjectOf>
    <measureAttribute classCode="OBS" moodCode="EVN">
      <code codeSystem="2.16.840.1.113883.3.560" code="CRS">
        <displayName value="Clinical Recommendation Statement"/>
      </code>
      <value xsi:type="ED" mediaType="text/plain" value="American College of Physicians and the American Pain Society (Chou et al. 2007)   Clinicians should not routinely obtain imaging or other diagnostic tests in patients with nonspecific low back pain (strong recommendation, moderate-quality evidence).   Institute for Clinical Systems Improvement (2012)  Clinicians should not recommend imaging (including computed tomography [CT], magnetic resonance imaging [MRI] and x-ray) for patients with non-specific low back pain (Strong Recommendation, Moderate Quality Evidence).  •Low back pain assessment should include a subjective pain rating, functional status, patient history including notation of presence or absence of &quot;red flags,&quot; psychosocial indicators, assessment of prior treatment and response, employment status, and clinician's objective assessment.  •Reduce or eliminate imaging for diagnosis of non-specific low back pain in patients 18 years and older.  •First-line treatment should emphasize patient education and a core treatment plan, that includes encouraging activity, use of heat, no imaging, cautious and responsible use of opioids, anti-inflammatory and analgesic over-the-counter medications and return to work assessment.  •Patients with acute or subacute low back pain should be advised to stay active and continue ordinary daily activity as tolerated.  •Use opioids cautiously and responsibly in the presence of acute or subacute low back pain.   U.S. Preventive Services Task Force (USPSTF) (2004) The USPSTF concludes that the evidence is insufficient to recommend for or against the routine use of interventions to prevent low back pain in adults in primary care settings. (I recommendation)"/>
    </measureAttribute>
  </subjectOf>
  <subjectOf>
    <measureAttribute classCode="OBS" moodCode="EVN">
      <code codeSystem="2.16.840.1.113883.3.560" code="IDUR">
        <displayName value="Improvement Notation"/>
      </code>
      <value xsi:type="ED" mediaType="text/plain" value="Higher score indicates better quality"/>
    </measureAttribute>
  </subjectOf>
  <subjectOf>
    <measureAttribute classCode="OBS" moodCode="EVN">
      <code nullFlavor="OTH">
        <originalText value="NQF ID Number"/>
      </code>
      <value xsi:type="II" root="2.16.840.1.113883.3.560.1" extension="0052"/>
    </measureAttribute>
  </subjectOf>
  <subjectOf>
    <measureAttribute classCode="OBS" moodCode="EVN">
      <code codeSystem="2.16.840.1.113883.5.4" code="DISC">
        <displayName value="Disclaimer"/>
        <originalText value="Disclaimer"/>
      </code>
      <value xsi:type="ED" mediaType="text/plain" value="These performance Measures are not clinical guidelines and do not establish a standard of medical care, and have not been tested for all potential applications.  THE MEASURES AND SPECIFICATIONS ARE PROVIDED “AS IS” WITHOUT WARRANTY OF ANY KIND.   Due to technical limitations, registered trademarks are indicated by (R) or [R] and unregistered trademarks are indicated by (TM) or [TM]."/>
    </measureAttribute>
  </subjectOf>
  <subjectOf>
    <measureAttribute classCode="OBS" moodCode="EVN">
      <code nullFlavor="OTH">
        <originalText value="eMeasure Identifier"/>
      </code>
      <value xsi:type="ED" mediaType="text/plain" value="166"/>
    </measureAttribute>
  </subjectOf>
  <subjectOf>
    <measureAttribute classCode="OBS" moodCode="EVN">
      <code codeSystem="2.16.840.1.113883.5.4" code="REF">
        <displayName value="Reference"/>
      </code>
      <value xsi:type="ED" mediaType="text/plain" value="U.S. Preventive Services Task Force. 2004. “Primary care interventions to prevent low back pain in adults.” (February) http://www.uspreventiveservicestaskforce.org/uspstf/uspsback.htm"/>
    </measureAttribute>
  </subjectOf>
  <subjectOf>
    <measureAttribute classCode="OBS" moodCode="EVN">
      <code codeSystem="2.16.840.1.113883.3.560" code="DEF">
        <displayName value="Definition"/>
      </code>
      <value xsi:type="ED" mediaType="text/plain" value="This measure applies to the first episode of low back pain during the measurement period."/>
    </measureAttribute>
  </subjectOf>
  <subjectOf>
    <measureAttribute classCode="OBS" moodCode="EVN">
      <code codeSystem="2.16.840.1.113883.5.4" code="GUIDE">
        <displayName value="Guidance"/>
      </code>
      <value xsi:type="ED" mediaType="text/plain" value="The outpatient or emergency department visit in the Initial Patient Population needs to occur during the first 337 days of the measurement period (337 days allows 28 days for the numerator event). This visit must be the first visit for low back pain during the measurement period."/>
    </measureAttribute>
  </subjectOf>
  <subjectOf>
    <measureAttribute classCode="OBS" moodCode="EVN">
      <code nullFlavor="OTH">
        <originalText value="Transmission Format"/>
      </code>
      <value xsi:type="ED" mediaType="text/plain" value="TBD"/>
    </measureAttribute>
  </subjectOf>
  <subjectOf>
    <measureAttribute classCode="OBS" moodCode="EVN">
      <code codeSystem="2.16.840.1.113883.5.1063" code="IPP">
        <originalText value="Initial Patient Population"/>
      </code>
      <value xsi:type="ED" mediaType="text/plain" value="Patients 18-50 years of age with a diagnosis of low back pain during an outpatient or emergency department visit"/>
    </measureAttribute>
  </subjectOf>
  <subjectOf>
    <measureAttribute classCode="OBS" moodCode="EVN">
      <code codeSystem="2.16.840.1.113883.5.1063" code="DENOM">
        <originalText value="Denominator"/>
      </code>
      <value xsi:type="ED" mediaType="text/plain" value="Equals Initial Patient Population"/>
    </measureAttribute>
  </subjectOf>
  <subjectOf>
    <measureAttribute classCode="OBS" moodCode="EVN">
      <code nullFlavor="OTH">
        <originalText value="Denominator Exclusions"/>
      </code>
      <value xsi:type="ED" mediaType="text/plain" value="Exclude patients with a diagnosis of cancer any time in their history or patients with a diagnosis of recent trauma, IV drug abuse, or neurologic impairment during the 12-month period prior to the outpatient or emergency department visit.  Exclude patients with a diagnosis of low back pain within the 180 days prior to the outpatient or emergency department visit."/>
    </measureAttribute>
  </subjectOf>
  <subjectOf>
    <measureAttribute classCode="OBS" moodCode="EVN">
      <code codeSystem="2.16.840.1.113883.5.1063" code="NUMER">
        <originalText value="Numerator"/>
      </code>
      <value xsi:type="ED" mediaType="text/plain" value="Patients without an imaging study conducted on the date of the outpatient or emergency department visit or in the 28 days following the outpatient or emergency department visit"/>
    </measureAttribute>
  </subjectOf>
  <subjectOf>
    <measureAttribute classCode="OBS" moodCode="EVN">
      <code nullFlavor="OTH">
        <originalText value="Numerator Exclusions"/>
      </code>
      <value xsi:type="ED" mediaType="text/plain" value="Not Applicable"/>
    </measureAttribute>
  </subjectOf>
  <subjectOf>
    <measureAttribute classCode="OBS" moodCode="EVN">
      <code codeSystem="2.16.840.1.113883.5.1063" code="DENEXCEP">
        <originalText value="Denominator Exceptions"/>
      </code>
      <value xsi:type="ED" mediaType="text/plain" value="None"/>
    </measureAttribute>
  </subjectOf>
  <subjectOf>
    <measureAttribute classCode="OBS" moodCode="EVN">
      <code codeSystem="2.16.840.1.113883.5.1063" code="MSRPOPL">
        <originalText value="Measure Population"/>
      </code>
      <value xsi:type="ED" mediaType="text/plain" value="Not Applicable"/>
    </measureAttribute>
  </subjectOf>
  <subjectOf>
    <measureAttribute classCode="OBS" moodCode="EVN">
      <code nullFlavor="OTH">
        <originalText value="Measure Observations"/>
      </code>
      <value xsi:type="ED" mediaType="text/plain" value="Not Applicable"/>
    </measureAttribute>
  </subjectOf>
  <subjectOf>
    <measureAttribute classCode="OBS" moodCode="EVN">
      <code nullFlavor="OTH">
        <originalText value="Supplemental Data Elements"/>
      </code>
      <value xsi:type="ED" mediaType="text/plain" value="For every patient evaluated by this measure also identify payer, race, ethnicity and sex."/>
    </measureAttribute>
  </subjectOf>
  <component>
    <dataCriteriaSection>
      <templateId>
        <item root="2.16.840.1.113883.10.20.28.2.2"/>
      </templateId>
      <code code="57025-9" codeSystem="2.16.840.1.113883.6.1"/>
      <title value="Data Criteria Section"/>
      <text value="This section describes the data criteria."/>
      <entry typeCode="DRIV">
        <localVariableName value="OccurrenceAOccurrenceALowBackPain1"/>
        <observationCriteria moodCode="EVN" classCode="OBS">
          <id root="2.16.840.1.113883.3.100.1" extension="OccurrenceALowBackPain1"/>
          <statusCode code="active"/>
          <value xsi:type="CD" valueSet="2.16.840.1.113883.3.464.1003.113.12.1001">
            <displayName value="Low Back Pain"/>
          </value>
          <outboundRelationship typeCode="OCCR">
            <localVariableName controlInformationRoot="DIAGNOSIS_ACTIVE_LOW_BACK_PAIN" controlInformationExtension="A"/>
            <criteriaReference classCode="OBS" moodCode="EVN">
              <id root="2.16.840.1.113883.3.100.1" extension="OccurrenceALowBackPain1"/>
            </criteriaReference>
          </outboundRelationship>
        </observationCriteria>
      </entry>
      <entry typeCode="DRIV">
        <localVariableName value="PatientCharacteristicEthnicityEthnicity"/>
        <observationCriteria moodCode="EVN" classCode="OBS">
          <templateId>
            <item root="2.16.840.1.113883.10.20.28.3.56" identifierName="patient characteristic, ethnicity template"/>
          </templateId>
          <id root="2.16.840.1.113883.3.100.1" extension="PatientCharacteristicEthnicityEthnicity"/>
          <code xsi:type="CD" valueSet="2.16.840.1.114222.4.11.837">
            <displayName value="Ethnicity"/>
          </code>
          <text value="Patient Characteristic Ethnicity: Ethnicity"/>
          <definition>
            <criteriaReference moodCode="EVN" classCode="OBS">
              <id root="2.16.840.1.113883.3.100.1" extension="patient_characteristic_ethnicity"/>
            </criteriaReference>
          </definition>
          <outboundRelationship typeCode="SUBJ">
            <subsetCode code="SOURCE"/>
            <criteriaReference classCode="OBS" moodCode="EVN">
              <id root="2.16.840.1.113883.3.100.1" extension="PatientCharacteristicEthnicityEthnicity"/>
            </criteriaReference>
          </outboundRelationship>
        </observationCriteria>
      </entry>
      <entry typeCode="DRIV">
        <localVariableName value="PatientCharacteristicSexOncAdministrativeSex"/>
        <observationCriteria moodCode="EVN" classCode="OBS">
          <templateId>
            <item root="2.16.840.1.113883.10.20.28.3.55" identifierName="patient characteristic, gender template"/>
          </templateId>
          <id root="2.16.840.1.113883.3.100.1" extension="PatientCharacteristicSexOncAdministrativeSex"/>
          <code xsi:type="CD" valueSet="2.16.840.1.113762.1.4.1">
            <displayName value="ONC Administrative Sex"/>
          </code>
          <text value="Patient Characteristic Sex: ONC Administrative Sex"/>
          <definition>
            <criteriaReference moodCode="EVN" classCode="OBS">
              <id root="2.16.840.1.113883.3.100.1" extension="patient_characteristic_gender"/>
            </criteriaReference>
          </definition>
          <outboundRelationship typeCode="SUBJ">
            <subsetCode code="SOURCE"/>
            <criteriaReference classCode="OBS" moodCode="EVN">
              <id root="2.16.840.1.113883.3.100.1" extension="PatientCharacteristicSexOncAdministrativeSex"/>
            </criteriaReference>
          </outboundRelationship>
        </observationCriteria>
      </entry>
      <entry typeCode="DRIV">
        <localVariableName value="PatientCharacteristicPayerPayer"/>
        <observationCriteria moodCode="EVN" classCode="OBS">
          <templateId>
            <item root="2.16.840.1.113883.10.20.28.3.58" identifierName="patient characteristic, payer template"/>
          </templateId>
          <id root="2.16.840.1.113883.3.100.1" extension="PatientCharacteristicPayerPayer"/>
          <code xsi:type="CD" valueSet="2.16.840.1.114222.4.11.3591">
            <displayName value="Payer"/>
          </code>
          <text value="Patient Characteristic Payer: Payer"/>
          <definition>
            <criteriaReference moodCode="EVN" classCode="OBS">
              <id root="2.16.840.1.113883.3.100.1" extension="patient_characteristic_payer"/>
            </criteriaReference>
          </definition>
          <outboundRelationship typeCode="SUBJ">
            <subsetCode code="SOURCE"/>
            <criteriaReference classCode="OBS" moodCode="EVN">
              <id root="2.16.840.1.113883.3.100.1" extension="PatientCharacteristicPayerPayer"/>
            </criteriaReference>
          </outboundRelationship>
        </observationCriteria>
      </entry>
      <entry typeCode="DRIV">
        <localVariableName value="PatientCharacteristicRaceRace"/>
        <observationCriteria moodCode="EVN" classCode="OBS">
          <templateId>
            <item root="2.16.840.1.113883.10.20.28.3.59" identifierName="patient characteristic, race template"/>
          </templateId>
          <id root="2.16.840.1.113883.3.100.1" extension="PatientCharacteristicRaceRace"/>
          <code xsi:type="CD" valueSet="2.16.840.1.114222.4.11.836">
            <displayName value="Race"/>
          </code>
          <text value="Patient Characteristic Race: Race"/>
          <definition>
            <criteriaReference moodCode="EVN" classCode="OBS">
              <id root="2.16.840.1.113883.3.100.1" extension="patient_characteristic_race"/>
            </criteriaReference>
          </definition>
          <outboundRelationship typeCode="SUBJ">
            <subsetCode code="SOURCE"/>
            <criteriaReference classCode="OBS" moodCode="EVN">
              <id root="2.16.840.1.113883.3.100.1" extension="PatientCharacteristicRaceRace"/>
            </criteriaReference>
          </outboundRelationship>
        </observationCriteria>
      </entry>
      <entry typeCode="DRIV">
        <localVariableName value="OccurrenceAOccurrenceALowBackPain1_precondition_2"/>
        <observationCriteria moodCode="EVN" classCode="OBS">
          <id root="2.16.840.1.113883.3.100.1" extension="OccurrenceALowBackPain1_precondition_2"/>
          <statusCode code="active"/>
          <value xsi:type="CD" valueSet="2.16.840.1.113883.3.464.1003.113.12.1001">
            <displayName value="Low Back Pain"/>
          </value>
          <temporallyRelatedInformation typeCode="SDU">
            <qdm:temporalInformation precisionUnit="min">
              
            </qdm:temporalInformation>
            <criteriaReference moodCode="EVN" classCode="OBS">
              <id root="2.16.840.1.113883.3.100.1" extension="MeasurePeriod"/>
            </criteriaReference>
          </temporallyRelatedInformation>
          <outboundRelationship typeCode="OCCR">
            <localVariableName controlInformationRoot="DIAGNOSIS_ACTIVE_LOW_BACK_PAIN" controlInformationExtension="A"/>
            <criteriaReference classCode="OBS" moodCode="EVN">
              <id root="2.16.840.1.113883.3.100.1" extension="OccurrenceALowBackPain1"/>
            </criteriaReference>
          </outboundRelationship>
          <excerpt typeCode="XCRPT">
            <!-- Subset operator for: FIRST -->
            <sequenceNumber value="1"/>
            <observationCriteria moodCode="EVN" classCode="OBS">
              <id root="2.16.840.1.113883.3.100.1" extension="OccurrenceALowBackPain1_precondition_2"/>
            </observationCriteria>
          </excerpt>
        </observationCriteria>
      </entry>
      <entry typeCode="DRIV">
        <localVariableName value="PatientCharacteristicBirthdateBirthDate_precondition_5"/>
        <observationCriteria moodCode="EVN" classCode="OBS">
          <templateId>
            <item root="2.16.840.1.113883.10.20.28.3.54" identifierName="patient characteristic, birthdate template"/>
          </templateId>
          <id root="2.16.840.1.113883.3.100.1" extension="PatientCharacteristicBirthdateBirthDate_precondition_5"/>
          <code xsi:type="CD" valueSet="2.16.840.1.113883.3.560.100.4">
            <displayName value="birth date"/>
          </code>
          <text value="Patient Characteristic Birthdate: birth date"/>
          <definition>
            <criteriaReference moodCode="EVN" classCode="OBS">
              <id root="2.16.840.1.113883.3.100.1" extension="patient_characteristic_birthdate"/>
            </criteriaReference>
          </definition>
          <temporallyRelatedInformation typeCode="SBS">
            <qdm:temporalInformation precisionUnit="d">
              <qdm:delta lowClosed="true">
                <low value="18" unit="a"/>
                <high nullFlavor="PINF"/>
              </qdm:delta>
            </qdm:temporalInformation>
            <criteriaReference moodCode="EVN" classCode="OBS">
              <id root="2.16.840.1.113883.3.100.1" extension="MeasurePeriod"/>
            </criteriaReference>
          </temporallyRelatedInformation>
          <outboundRelationship typeCode="SUBJ">
            <subsetCode code="SOURCE"/>
            <criteriaReference classCode="OBS" moodCode="EVN">
              <id root="2.16.840.1.113883.3.100.1" extension="PatientCharacteristicBirthdateBirthDate"/>
            </criteriaReference>
          </outboundRelationship>
        </observationCriteria>
      </entry>
      <entry typeCode="DRIV">
        <localVariableName value="PatientCharacteristicBirthdateBirthDate_precondition_7"/>
        <observationCriteria moodCode="EVN" classCode="OBS">
          <templateId>
            <item root="2.16.840.1.113883.10.20.28.3.54" identifierName="patient characteristic, birthdate template"/>
          </templateId>
          <id root="2.16.840.1.113883.3.100.1" extension="PatientCharacteristicBirthdateBirthDate_precondition_7"/>
          <code xsi:type="CD" valueSet="2.16.840.1.113883.3.560.100.4">
            <displayName value="birth date"/>
          </code>
          <text value="Patient Characteristic Birthdate: birth date"/>
          <definition>
            <criteriaReference moodCode="EVN" classCode="OBS">
              <id root="2.16.840.1.113883.3.100.1" extension="patient_characteristic_birthdate"/>
            </criteriaReference>
          </definition>
          <temporallyRelatedInformation typeCode="SBS">
            <qdm:temporalInformation precisionUnit="d">
              <qdm:delta>
                <low nullFlavor="NINF"/>
                <high value="50" unit="a"/>
              </qdm:delta>
            </qdm:temporalInformation>
            <criteriaReference moodCode="EVN" classCode="OBS">
              <id root="2.16.840.1.113883.3.100.1" extension="MeasurePeriod"/>
            </criteriaReference>
          </temporallyRelatedInformation>
          <outboundRelationship typeCode="SUBJ">
            <subsetCode code="SOURCE"/>
            <criteriaReference classCode="OBS" moodCode="EVN">
              <id root="2.16.840.1.113883.3.100.1" extension="PatientCharacteristicBirthdateBirthDate"/>
            </criteriaReference>
          </outboundRelationship>
        </observationCriteria>
      </entry>
      <entry typeCode="DRIV">
        <localVariableName value="EncounterPerformedOfficeVisit_precondition_9"/>
        <encounterCriteria moodCode="EVN" classCode="ENC">
          <templateId>
            <item root="2.16.840.1.113883.10.20.28.3.5" identifierName="encounter, performed template"/>
          </templateId>
          <id root="2.16.840.1.113883.3.100.1" extension="EncounterPerformedOfficeVisit_precondition_9"/>
          <code xsi:type="CD" valueSet="2.16.840.1.113883.3.464.1003.101.12.1001">
            <displayName value="Office Visit"/>
          </code>
          <text value="Encounter, Performed: Office Visit"/>
          <definition>
            <criteriaReference moodCode="EVN" classCode="ENC">
              <id root="2.16.840.1.113883.3.100.1" extension="encounter"/>
            </criteriaReference>
          </definition>
          <temporallyRelatedInformation typeCode="SAS">
            <qdm:temporalInformation precisionUnit="d">
              <qdm:delta highClosed="true">
                <low nullFlavor="NINF"/>
                <high value="337" unit="d"/>
              </qdm:delta>
            </qdm:temporalInformation>
            <criteriaReference moodCode="EVN" classCode="OBS">
              <id root="2.16.840.1.113883.3.100.1" extension="MeasurePeriod"/>
            </criteriaReference>
          </temporallyRelatedInformation>
          <outboundRelationship typeCode="SUBJ">
            <subsetCode code="SOURCE"/>
            <criteriaReference classCode="OBS" moodCode="EVN">
              <id root="2.16.840.1.113883.3.100.1" extension="EncounterPerformedOfficeVisit"/>
            </criteriaReference>
          </outboundRelationship>
        </encounterCriteria>
      </entry>
      <entry typeCode="DRIV">
        <localVariableName value="OccurrenceAOccurrenceALowBackPain1_precondition_10"/>
        <observationCriteria moodCode="EVN" classCode="OBS">
          <id root="2.16.840.1.113883.3.100.1" extension="OccurrenceALowBackPain1_precondition_10"/>
          <statusCode code="active"/>
          <value xsi:type="CD" valueSet="2.16.840.1.113883.3.464.1003.113.12.1001">
            <displayName value="Low Back Pain"/>
          </value>
          <temporallyRelatedInformation typeCode="SDU">
            <qdm:temporalInformation precisionUnit="min">
              
            </qdm:temporalInformation>
            <criteriaReference moodCode="EVN" classCode="ENC">
              <id root="2.16.840.1.113883.3.100.1" extension="EncounterPerformedOfficeVisit_precondition_9"/>
            </criteriaReference>
          </temporallyRelatedInformation>
          <outboundRelationship typeCode="OCCR">
            <localVariableName controlInformationRoot="DIAGNOSIS_ACTIVE_LOW_BACK_PAIN" controlInformationExtension="A"/>
            <criteriaReference classCode="OBS" moodCode="EVN">
              <id root="2.16.840.1.113883.3.100.1" extension="OccurrenceALowBackPain1"/>
            </criteriaReference>
          </outboundRelationship>
        </observationCriteria>
      </entry>
      <entry typeCode="DRIV">
        <localVariableName value="EncounterPerformedEmergencyDepartmentVisit_precondition_12"/>
        <encounterCriteria moodCode="EVN" classCode="ENC">
          <templateId>
            <item root="2.16.840.1.113883.10.20.28.3.5" identifierName="encounter, performed template"/>
          </templateId>
          <id root="2.16.840.1.113883.3.100.1" extension="EncounterPerformedEmergencyDepartmentVisit_precondition_12"/>
          <code xsi:type="CD" valueSet="2.16.840.1.113883.3.464.1003.101.12.1010">
            <displayName value="Emergency Department Visit"/>
          </code>
          <text value="Encounter, Performed: Emergency Department Visit"/>
          <definition>
            <criteriaReference moodCode="EVN" classCode="ENC">
              <id root="2.16.840.1.113883.3.100.1" extension="encounter"/>
            </criteriaReference>
          </definition>
          <temporallyRelatedInformation typeCode="SAS">
            <qdm:temporalInformation precisionUnit="d">
              <qdm:delta highClosed="true">
                <low nullFlavor="NINF"/>
                <high value="337" unit="d"/>
              </qdm:delta>
            </qdm:temporalInformation>
            <criteriaReference moodCode="EVN" classCode="OBS">
              <id root="2.16.840.1.113883.3.100.1" extension="MeasurePeriod"/>
            </criteriaReference>
          </temporallyRelatedInformation>
          <outboundRelationship typeCode="SUBJ">
            <subsetCode code="SOURCE"/>
            <criteriaReference classCode="OBS" moodCode="EVN">
              <id root="2.16.840.1.113883.3.100.1" extension="EncounterPerformedEmergencyDepartmentVisit"/>
            </criteriaReference>
          </outboundRelationship>
        </encounterCriteria>
      </entry>
      <entry typeCode="DRIV">
        <localVariableName value="OccurrenceAOccurrenceALowBackPain1_precondition_13"/>
        <observationCriteria moodCode="EVN" classCode="OBS">
          <id root="2.16.840.1.113883.3.100.1" extension="OccurrenceALowBackPain1_precondition_13"/>
          <statusCode code="active"/>
          <value xsi:type="CD" valueSet="2.16.840.1.113883.3.464.1003.113.12.1001">
            <displayName value="Low Back Pain"/>
          </value>
          <temporallyRelatedInformation typeCode="SDU">
            <qdm:temporalInformation precisionUnit="min">
              
            </qdm:temporalInformation>
            <criteriaReference moodCode="EVN" classCode="ENC">
              <id root="2.16.840.1.113883.3.100.1" extension="EncounterPerformedEmergencyDepartmentVisit_precondition_12"/>
            </criteriaReference>
          </temporallyRelatedInformation>
          <outboundRelationship typeCode="OCCR">
            <localVariableName controlInformationRoot="DIAGNOSIS_ACTIVE_LOW_BACK_PAIN" controlInformationExtension="A"/>
            <criteriaReference classCode="OBS" moodCode="EVN">
              <id root="2.16.840.1.113883.3.100.1" extension="OccurrenceALowBackPain1"/>
            </criteriaReference>
          </outboundRelationship>
        </observationCriteria>
      </entry>
      <entry typeCode="DRIV">
        <localVariableName value="EncounterPerformedFaceToFaceInteraction_precondition_15"/>
        <encounterCriteria moodCode="EVN" classCode="ENC">
          <templateId>
            <item root="2.16.840.1.113883.10.20.28.3.5" identifierName="encounter, performed template"/>
          </templateId>
          <id root="2.16.840.1.113883.3.100.1" extension="EncounterPerformedFaceToFaceInteraction_precondition_15"/>
          <code xsi:type="CD" valueSet="2.16.840.1.113883.3.464.1003.101.12.1048">
            <displayName value="Face-to-Face Interaction"/>
          </code>
          <text value="Encounter, Performed: Face-to-Face Interaction"/>
          <definition>
            <criteriaReference moodCode="EVN" classCode="ENC">
              <id root="2.16.840.1.113883.3.100.1" extension="encounter"/>
            </criteriaReference>
          </definition>
          <temporallyRelatedInformation typeCode="SAS">
            <qdm:temporalInformation precisionUnit="d">
              <qdm:delta highClosed="true">
                <low nullFlavor="NINF"/>
                <high value="337" unit="d"/>
              </qdm:delta>
            </qdm:temporalInformation>
            <criteriaReference moodCode="EVN" classCode="OBS">
              <id root="2.16.840.1.113883.3.100.1" extension="MeasurePeriod"/>
            </criteriaReference>
          </temporallyRelatedInformation>
          <outboundRelationship typeCode="SUBJ">
            <subsetCode code="SOURCE"/>
            <criteriaReference classCode="OBS" moodCode="EVN">
              <id root="2.16.840.1.113883.3.100.1" extension="EncounterPerformedFaceToFaceInteraction"/>
            </criteriaReference>
          </outboundRelationship>
        </encounterCriteria>
      </entry>
      <entry typeCode="DRIV">
        <localVariableName value="OccurrenceAOccurrenceALowBackPain1_precondition_16"/>
        <observationCriteria moodCode="EVN" classCode="OBS">
          <id root="2.16.840.1.113883.3.100.1" extension="OccurrenceALowBackPain1_precondition_16"/>
          <statusCode code="active"/>
          <value xsi:type="CD" valueSet="2.16.840.1.113883.3.464.1003.113.12.1001">
            <displayName value="Low Back Pain"/>
          </value>
          <temporallyRelatedInformation typeCode="SDU">
            <qdm:temporalInformation precisionUnit="min">
              
            </qdm:temporalInformation>
            <criteriaReference moodCode="EVN" classCode="ENC">
              <id root="2.16.840.1.113883.3.100.1" extension="EncounterPerformedFaceToFaceInteraction_precondition_15"/>
            </criteriaReference>
          </temporallyRelatedInformation>
          <outboundRelationship typeCode="OCCR">
            <localVariableName controlInformationRoot="DIAGNOSIS_ACTIVE_LOW_BACK_PAIN" controlInformationExtension="A"/>
            <criteriaReference classCode="OBS" moodCode="EVN">
              <id root="2.16.840.1.113883.3.100.1" extension="OccurrenceALowBackPain1"/>
            </criteriaReference>
          </outboundRelationship>
        </observationCriteria>
      </entry>
      <entry typeCode="DRIV">
        <localVariableName value="DiagnosisActiveLowBackPain_precondition_21"/>
        <observationCriteria moodCode="EVN" classCode="OBS">
          <templateId>
            <item root="2.16.840.1.113883.10.20.28.3.1" identifierName="diagnosis, active template"/>
          </templateId>
          <id root="2.16.840.1.113883.3.100.1" extension="DiagnosisActiveLowBackPain_precondition_21"/>
          <text value="Diagnosis, Active: Low Back Pain"/>
          <statusCode code="active"/>
          <value xsi:type="CD" valueSet="2.16.840.1.113883.3.464.1003.113.12.1001">
            <displayName value="Low Back Pain"/>
          </value>
          <definition>
            <criteriaReference moodCode="EVN" classCode="OBS">
              <id root="2.16.840.1.113883.3.100.1" extension="diagnosis"/>
            </criteriaReference>
          </definition>
          <temporallyRelatedInformation typeCode="SBS">
            <qdm:temporalInformation precisionUnit="d">
              <qdm:delta highClosed="true">
                <low nullFlavor="NINF"/>
                <high value="180" unit="d"/>
              </qdm:delta>
            </qdm:temporalInformation>
            <criteriaReference moodCode="EVN" classCode="OBS">
              <id root="2.16.840.1.113883.3.100.1" extension="OccurrenceALowBackPain1"/>
            </criteriaReference>
          </temporallyRelatedInformation>
          <outboundRelationship typeCode="SUBJ">
            <subsetCode code="SOURCE"/>
            <criteriaReference classCode="OBS" moodCode="EVN">
              <id root="2.16.840.1.113883.3.100.1" extension="DiagnosisActiveLowBackPain"/>
            </criteriaReference>
          </outboundRelationship>
        </observationCriteria>
      </entry>
      <entry typeCode="DRIV">
        <localVariableName value="DiagnosisActiveAllCancer_precondition_23"/>
        <observationCriteria moodCode="EVN" classCode="OBS">
          <templateId>
            <item root="2.16.840.1.113883.10.20.28.3.1" identifierName="diagnosis, active template"/>
          </templateId>
          <id root="2.16.840.1.113883.3.100.1" extension="DiagnosisActiveAllCancer_precondition_23"/>
          <text value="Diagnosis, Active: All Cancer"/>
          <statusCode code="active"/>
          <value xsi:type="CD" valueSet="2.16.840.1.113883.3.464.1003.108.12.1011">
            <displayName value="All Cancer"/>
          </value>
          <definition>
            <criteriaReference moodCode="EVN" classCode="OBS">
              <id root="2.16.840.1.113883.3.100.1" extension="diagnosis"/>
            </criteriaReference>
          </definition>
          <temporallyRelatedInformation typeCode="SBE">
            <qdm:temporalInformation precisionUnit="min">
              
            </qdm:temporalInformation>
            <criteriaReference moodCode="EVN" classCode="OBS">
              <id root="2.16.840.1.113883.3.100.1" extension="MeasurePeriod"/>
            </criteriaReference>
          </temporallyRelatedInformation>
          <outboundRelationship typeCode="SUBJ">
            <subsetCode code="SOURCE"/>
            <criteriaReference classCode="OBS" moodCode="EVN">
              <id root="2.16.840.1.113883.3.100.1" extension="DiagnosisActiveAllCancer"/>
            </criteriaReference>
          </outboundRelationship>
        </observationCriteria>
      </entry>
      <entry typeCode="DRIV">
        <localVariableName value="DiagnosisInactiveAllCancer_precondition_25"/>
        <observationCriteria moodCode="EVN" classCode="OBS">
          <templateId>
            <item root="2.16.840.1.113883.10.20.28.3.18" identifierName="diagnosis, inactive template"/>
          </templateId>
          <id root="2.16.840.1.113883.3.100.1" extension="DiagnosisInactiveAllCancer_precondition_25"/>
          <text value="Diagnosis, Inactive: All Cancer"/>
          <statusCode code="inactive"/>
          <value xsi:type="CD" valueSet="2.16.840.1.113883.3.464.1003.108.12.1011">
            <displayName value="All Cancer"/>
          </value>
          <definition>
            <criteriaReference moodCode="EVN" classCode="OBS">
              <id root="2.16.840.1.113883.3.100.1" extension="diagnosis"/>
            </criteriaReference>
          </definition>
          <temporallyRelatedInformation typeCode="SBE">
            <qdm:temporalInformation precisionUnit="min">
              
            </qdm:temporalInformation>
            <criteriaReference moodCode="EVN" classCode="OBS">
              <id root="2.16.840.1.113883.3.100.1" extension="MeasurePeriod"/>
            </criteriaReference>
          </temporallyRelatedInformation>
          <outboundRelationship typeCode="SUBJ">
            <subsetCode code="SOURCE"/>
            <criteriaReference classCode="OBS" moodCode="EVN">
              <id root="2.16.840.1.113883.3.100.1" extension="DiagnosisInactiveAllCancer"/>
            </criteriaReference>
          </outboundRelationship>
        </observationCriteria>
      </entry>
      <entry typeCode="DRIV">
        <localVariableName value="DiagnosisResolvedAllCancer_precondition_27"/>
        <observationCriteria moodCode="EVN" classCode="OBS">
          <templateId>
            <item root="2.16.840.1.113883.10.20.28.3.19" identifierName="diagnosis, resolved template"/>
          </templateId>
          <id root="2.16.840.1.113883.3.100.1" extension="DiagnosisResolvedAllCancer_precondition_27"/>
          <text value="Diagnosis, Resolved: All Cancer"/>
          <statusCode code="resolved"/>
          <value xsi:type="CD" valueSet="2.16.840.1.113883.3.464.1003.108.12.1011">
            <displayName value="All Cancer"/>
          </value>
          <definition>
            <criteriaReference moodCode="EVN" classCode="OBS">
              <id root="2.16.840.1.113883.3.100.1" extension="diagnosis"/>
            </criteriaReference>
          </definition>
          <temporallyRelatedInformation typeCode="SBE">
            <qdm:temporalInformation precisionUnit="min">
              
            </qdm:temporalInformation>
            <criteriaReference moodCode="EVN" classCode="OBS">
              <id root="2.16.840.1.113883.3.100.1" extension="MeasurePeriod"/>
            </criteriaReference>
          </temporallyRelatedInformation>
          <outboundRelationship typeCode="SUBJ">
            <subsetCode code="SOURCE"/>
            <criteriaReference classCode="OBS" moodCode="EVN">
              <id root="2.16.840.1.113883.3.100.1" extension="DiagnosisResolvedAllCancer"/>
            </criteriaReference>
          </outboundRelationship>
        </observationCriteria>
      </entry>
      <entry typeCode="DRIV">
        <localVariableName value="DiagnosisActiveTrauma_precondition_32"/>
        <observationCriteria moodCode="EVN" classCode="OBS">
          <templateId>
            <item root="2.16.840.1.113883.10.20.28.3.1" identifierName="diagnosis, active template"/>
          </templateId>
          <id root="2.16.840.1.113883.3.100.1" extension="DiagnosisActiveTrauma_precondition_32"/>
          <text value="Diagnosis, Active: Trauma"/>
          <statusCode code="active"/>
          <value xsi:type="CD" valueSet="2.16.840.1.113883.3.464.1003.113.12.1036">
            <displayName value="Trauma"/>
          </value>
          <definition>
            <criteriaReference moodCode="EVN" classCode="OBS">
              <id root="2.16.840.1.113883.3.100.1" extension="diagnosis"/>
            </criteriaReference>
          </definition>
          <temporallyRelatedInformation typeCode="SBE">
            <qdm:temporalInformation precisionUnit="d">
              <qdm:delta highClosed="true">
                <low nullFlavor="NINF"/>
                <high value="365" unit="d"/>
              </qdm:delta>
            </qdm:temporalInformation>
            <criteriaReference moodCode="EVN" classCode="OBS">
              <id root="2.16.840.1.113883.3.100.1" extension="MeasurePeriod"/>
            </criteriaReference>
          </temporallyRelatedInformation>
          <outboundRelationship typeCode="SUBJ">
            <subsetCode code="SOURCE"/>
            <criteriaReference classCode="OBS" moodCode="EVN">
              <id root="2.16.840.1.113883.3.100.1" extension="DiagnosisActiveTrauma"/>
            </criteriaReference>
          </outboundRelationship>
        </observationCriteria>
      </entry>
      <entry typeCode="DRIV">
        <localVariableName value="DiagnosisActiveIvDrugAbuse_precondition_34"/>
        <observationCriteria moodCode="EVN" classCode="OBS">
          <templateId>
            <item root="2.16.840.1.113883.10.20.28.3.1" identifierName="diagnosis, active template"/>
          </templateId>
          <id root="2.16.840.1.113883.3.100.1" extension="DiagnosisActiveIvDrugAbuse_precondition_34"/>
          <text value="Diagnosis, Active: IV Drug Abuse"/>
          <statusCode code="active"/>
          <value xsi:type="CD" valueSet="2.16.840.1.113883.3.464.1003.106.12.1003">
            <displayName value="IV Drug Abuse"/>
          </value>
          <definition>
            <criteriaReference moodCode="EVN" classCode="OBS">
              <id root="2.16.840.1.113883.3.100.1" extension="diagnosis"/>
            </criteriaReference>
          </definition>
          <temporallyRelatedInformation typeCode="SBE">
            <qdm:temporalInformation precisionUnit="d">
              <qdm:delta highClosed="true">
                <low nullFlavor="NINF"/>
                <high value="365" unit="d"/>
              </qdm:delta>
            </qdm:temporalInformation>
            <criteriaReference moodCode="EVN" classCode="OBS">
              <id root="2.16.840.1.113883.3.100.1" extension="MeasurePeriod"/>
            </criteriaReference>
          </temporallyRelatedInformation>
          <outboundRelationship typeCode="SUBJ">
            <subsetCode code="SOURCE"/>
            <criteriaReference classCode="OBS" moodCode="EVN">
              <id root="2.16.840.1.113883.3.100.1" extension="DiagnosisActiveIvDrugAbuse"/>
            </criteriaReference>
          </outboundRelationship>
        </observationCriteria>
      </entry>
      <entry typeCode="DRIV">
        <localVariableName value="DiagnosisActiveNeurologicImpairment_precondition_36"/>
        <observationCriteria moodCode="EVN" classCode="OBS">
          <templateId>
            <item root="2.16.840.1.113883.10.20.28.3.1" identifierName="diagnosis, active template"/>
          </templateId>
          <id root="2.16.840.1.113883.3.100.1" extension="DiagnosisActiveNeurologicImpairment_precondition_36"/>
          <text value="Diagnosis, Active: Neurologic impairment"/>
          <statusCode code="active"/>
          <value xsi:type="CD" valueSet="2.16.840.1.113883.3.464.1003.114.12.1012">
            <displayName value="Neurologic impairment"/>
          </value>
          <definition>
            <criteriaReference moodCode="EVN" classCode="OBS">
              <id root="2.16.840.1.113883.3.100.1" extension="diagnosis"/>
            </criteriaReference>
          </definition>
          <temporallyRelatedInformation typeCode="SBE">
            <qdm:temporalInformation precisionUnit="d">
              <qdm:delta highClosed="true">
                <low nullFlavor="NINF"/>
                <high value="365" unit="d"/>
              </qdm:delta>
            </qdm:temporalInformation>
            <criteriaReference moodCode="EVN" classCode="OBS">
              <id root="2.16.840.1.113883.3.100.1" extension="MeasurePeriod"/>
            </criteriaReference>
          </temporallyRelatedInformation>
          <outboundRelationship typeCode="SUBJ">
            <subsetCode code="SOURCE"/>
            <criteriaReference classCode="OBS" moodCode="EVN">
              <id root="2.16.840.1.113883.3.100.1" extension="DiagnosisActiveNeurologicImpairment"/>
            </criteriaReference>
          </outboundRelationship>
        </observationCriteria>
      </entry>
      <entry typeCode="DRIV">
        <localVariableName value="OccurrenceAOccurrenceALowBackPain1_precondition_51"/>
        <observationCriteria moodCode="EVN" classCode="OBS">
          <id root="2.16.840.1.113883.3.100.1" extension="OccurrenceALowBackPain1_precondition_51"/>
          <statusCode code="active"/>
          <value xsi:type="CD" valueSet="2.16.840.1.113883.3.464.1003.113.12.1001">
            <displayName value="Low Back Pain"/>
          </value>
          <outboundRelationship typeCode="OCCR">
            <localVariableName controlInformationRoot="DIAGNOSIS_ACTIVE_LOW_BACK_PAIN" controlInformationExtension="A"/>
            <criteriaReference classCode="OBS" moodCode="EVN">
              <id root="2.16.840.1.113883.3.100.1" extension="OccurrenceALowBackPain1"/>
            </criteriaReference>
          </outboundRelationship>
        </observationCriteria>
      </entry>
      <entry typeCode="DRIV">
        <localVariableName value="DiagnosticStudyPerformedXRayOfLowerSpine_precondition_44"/>
        <procedureCriteria moodCode="EVN" classCode="PROC">
          <id root="2.16.840.1.113883.3.100.1" extension="DiagnosticStudyPerformedXRayOfLowerSpine_precondition_44"/>
          <code xsi:type="CD" valueSet="2.16.840.1.113883.3.464.1003.113.12.1033">
            <displayName value="X-Ray of Lower Spine"/>
          </code>
          <text value="Diagnostic Study, Performed: X-Ray of Lower Spine"/>
          <statusCode code="performed"/>
          <definition>
            <criteriaReference moodCode="EVN" classCode="PROC">
              <id root="2.16.840.1.113883.3.100.1" extension="diagnostic_study"/>
            </criteriaReference>
          </definition>
          <temporallyRelatedInformation typeCode="SAS">
            <qdm:temporalInformation precisionUnit="d">
              <qdm:delta highClosed="true">
                <low nullFlavor="NINF"/>
                <high value="28" unit="d"/>
              </qdm:delta>
            </qdm:temporalInformation>
            <criteriaReference moodCode="EVN" classCode="OBS">
              <id root="2.16.840.1.113883.3.100.1" extension="OccurrenceALowBackPain1_precondition_51"/>
            </criteriaReference>
          </temporallyRelatedInformation>
          <outboundRelationship typeCode="SUBJ">
            <subsetCode code="SOURCE"/>
            <criteriaReference classCode="OBS" moodCode="EVN">
              <id root="2.16.840.1.113883.3.100.1" extension="DiagnosticStudyPerformedXRayOfLowerSpine"/>
            </criteriaReference>
          </outboundRelationship>
        </procedureCriteria>
      </entry>
      <entry typeCode="DRIV">
        <localVariableName value="DiagnosticStudyPerformedMriOfLowerSpine_precondition_46"/>
        <procedureCriteria moodCode="EVN" classCode="PROC">
          <id root="2.16.840.1.113883.3.100.1" extension="DiagnosticStudyPerformedMriOfLowerSpine_precondition_46"/>
          <code xsi:type="CD" valueSet="2.16.840.1.113883.3.464.1003.113.12.1034">
            <displayName value="MRI of Lower Spine"/>
          </code>
          <text value="Diagnostic Study, Performed: MRI of Lower Spine"/>
          <statusCode code="performed"/>
          <definition>
            <criteriaReference moodCode="EVN" classCode="PROC">
              <id root="2.16.840.1.113883.3.100.1" extension="diagnostic_study"/>
            </criteriaReference>
          </definition>
          <temporallyRelatedInformation typeCode="SAS">
            <qdm:temporalInformation precisionUnit="d">
              <qdm:delta highClosed="true">
                <low nullFlavor="NINF"/>
                <high value="28" unit="d"/>
              </qdm:delta>
            </qdm:temporalInformation>
            <criteriaReference moodCode="EVN" classCode="OBS">
              <id root="2.16.840.1.113883.3.100.1" extension="OccurrenceALowBackPain1_precondition_51"/>
            </criteriaReference>
          </temporallyRelatedInformation>
          <outboundRelationship typeCode="SUBJ">
            <subsetCode code="SOURCE"/>
            <criteriaReference classCode="OBS" moodCode="EVN">
              <id root="2.16.840.1.113883.3.100.1" extension="DiagnosticStudyPerformedMriOfLowerSpine"/>
            </criteriaReference>
          </outboundRelationship>
        </procedureCriteria>
      </entry>
      <entry typeCode="DRIV">
        <localVariableName value="DiagnosticStudyPerformedCtScanOfLowerSpine_precondition_48"/>
        <procedureCriteria moodCode="EVN" classCode="PROC">
          <id root="2.16.840.1.113883.3.100.1" extension="DiagnosticStudyPerformedCtScanOfLowerSpine_precondition_48"/>
          <code xsi:type="CD" valueSet="2.16.840.1.113883.3.464.1003.113.12.1035">
            <displayName value="CT Scan of Lower Spine"/>
          </code>
          <text value="Diagnostic Study, Performed: CT Scan of Lower Spine"/>
          <statusCode code="performed"/>
          <definition>
            <criteriaReference moodCode="EVN" classCode="PROC">
              <id root="2.16.840.1.113883.3.100.1" extension="diagnostic_study"/>
            </criteriaReference>
          </definition>
          <temporallyRelatedInformation typeCode="SAS">
            <qdm:temporalInformation precisionUnit="d">
              <qdm:delta highClosed="true">
                <low nullFlavor="NINF"/>
                <high value="28" unit="d"/>
              </qdm:delta>
            </qdm:temporalInformation>
            <criteriaReference moodCode="EVN" classCode="OBS">
              <id root="2.16.840.1.113883.3.100.1" extension="OccurrenceALowBackPain1_precondition_51"/>
            </criteriaReference>
          </temporallyRelatedInformation>
          <outboundRelationship typeCode="SUBJ">
            <subsetCode code="SOURCE"/>
            <criteriaReference classCode="OBS" moodCode="EVN">
              <id root="2.16.840.1.113883.3.100.1" extension="DiagnosticStudyPerformedCtScanOfLowerSpine"/>
            </criteriaReference>
          </outboundRelationship>
        </procedureCriteria>
      </entry>
      <entry typeCode="DRIV">
        <localVariableName value="DiagnosisActiveAllCancer"/>
        <observationCriteria moodCode="EVN" classCode="OBS">
          <templateId>
            <item root="2.16.840.1.113883.10.20.28.3.1" identifierName="diagnosis, active template"/>
            <item root="2.16.840.1.113883.3.100.1.1" identifierName="Source data criteria template"/>
          </templateId>
          <id root="2.16.840.1.113883.3.100.1" extension="DiagnosisActiveAllCancer"/>
          <text value="Diagnosis, Active: All Cancer"/>
          <statusCode code="active"/>
          <value xsi:type="CD" valueSet="2.16.840.1.113883.3.464.1003.108.12.1011">
            <displayName value="All Cancer"/>
          </value>
          <definition>
            <criteriaReference moodCode="EVN" classCode="OBS">
              <id root="2.16.840.1.113883.3.100.1" extension="diagnosis"/>
            </criteriaReference>
          </definition>
          <outboundRelationship typeCode="SUBJ">
            <subsetCode code="SOURCE"/>
            <criteriaReference classCode="OBS" moodCode="EVN">
              <id root="2.16.840.1.113883.3.100.1" extension="DiagnosisActiveAllCancer"/>
            </criteriaReference>
          </outboundRelationship>
        </observationCriteria>
      </entry>
      <entry typeCode="DRIV">
        <localVariableName value="DiagnosisInactiveAllCancer"/>
        <observationCriteria moodCode="EVN" classCode="OBS">
          <templateId>
            <item root="2.16.840.1.113883.10.20.28.3.18" identifierName="diagnosis, inactive template"/>
            <item root="2.16.840.1.113883.3.100.1.1" identifierName="Source data criteria template"/>
          </templateId>
          <id root="2.16.840.1.113883.3.100.1" extension="DiagnosisInactiveAllCancer"/>
          <text value="Diagnosis, Inactive: All Cancer"/>
          <statusCode code="inactive"/>
          <value xsi:type="CD" valueSet="2.16.840.1.113883.3.464.1003.108.12.1011">
            <displayName value="All Cancer"/>
          </value>
          <definition>
            <criteriaReference moodCode="EVN" classCode="OBS">
              <id root="2.16.840.1.113883.3.100.1" extension="diagnosis"/>
            </criteriaReference>
          </definition>
          <outboundRelationship typeCode="SUBJ">
            <subsetCode code="SOURCE"/>
            <criteriaReference classCode="OBS" moodCode="EVN">
              <id root="2.16.840.1.113883.3.100.1" extension="DiagnosisInactiveAllCancer"/>
            </criteriaReference>
          </outboundRelationship>
        </observationCriteria>
      </entry>
      <entry typeCode="DRIV">
        <localVariableName value="DiagnosisResolvedAllCancer"/>
        <observationCriteria moodCode="EVN" classCode="OBS">
          <templateId>
            <item root="2.16.840.1.113883.10.20.28.3.19" identifierName="diagnosis, resolved template"/>
            <item root="2.16.840.1.113883.3.100.1.1" identifierName="Source data criteria template"/>
          </templateId>
          <id root="2.16.840.1.113883.3.100.1" extension="DiagnosisResolvedAllCancer"/>
          <text value="Diagnosis, Resolved: All Cancer"/>
          <statusCode code="resolved"/>
          <value xsi:type="CD" valueSet="2.16.840.1.113883.3.464.1003.108.12.1011">
            <displayName value="All Cancer"/>
          </value>
          <definition>
            <criteriaReference moodCode="EVN" classCode="OBS">
              <id root="2.16.840.1.113883.3.100.1" extension="diagnosis"/>
            </criteriaReference>
          </definition>
          <outboundRelationship typeCode="SUBJ">
            <subsetCode code="SOURCE"/>
            <criteriaReference classCode="OBS" moodCode="EVN">
              <id root="2.16.840.1.113883.3.100.1" extension="DiagnosisResolvedAllCancer"/>
            </criteriaReference>
          </outboundRelationship>
        </observationCriteria>
      </entry>
      <entry typeCode="DRIV">
        <localVariableName value="PatientCharacteristicBirthdateBirthDate"/>
        <observationCriteria moodCode="EVN" classCode="OBS">
          <templateId>
            <item root="2.16.840.1.113883.10.20.28.3.54" identifierName="patient characteristic, birthdate template"/>
            <item root="2.16.840.1.113883.3.100.1.1" identifierName="Source data criteria template"/>
          </templateId>
          <id root="2.16.840.1.113883.3.100.1" extension="PatientCharacteristicBirthdateBirthDate"/>
          <code xsi:type="CD" valueSet="2.16.840.1.113883.3.560.100.4">
            <displayName value="birth date"/>
          </code>
          <text value="Patient Characteristic Birthdate: birth date"/>
          <definition>
            <criteriaReference moodCode="EVN" classCode="OBS">
              <id root="2.16.840.1.113883.3.100.1" extension="patient_characteristic_birthdate"/>
            </criteriaReference>
          </definition>
          <outboundRelationship typeCode="SUBJ">
            <subsetCode code="SOURCE"/>
            <criteriaReference classCode="OBS" moodCode="EVN">
              <id root="2.16.840.1.113883.3.100.1" extension="PatientCharacteristicBirthdateBirthDate"/>
            </criteriaReference>
          </outboundRelationship>
        </observationCriteria>
      </entry>
      <entry typeCode="DRIV">
        <localVariableName value="DiagnosticStudyPerformedCtScanOfLowerSpine"/>
        <procedureCriteria moodCode="EVN" classCode="PROC">
          <templateId>
            <item root="2.16.840.1.113883.3.100.1.1" identifierName="Source data criteria template"/>
          </templateId>
          <id root="2.16.840.1.113883.3.100.1" extension="DiagnosticStudyPerformedCtScanOfLowerSpine"/>
          <code xsi:type="CD" valueSet="2.16.840.1.113883.3.464.1003.113.12.1035">
            <displayName value="CT Scan of Lower Spine"/>
          </code>
          <text value="Diagnostic Study, Performed: CT Scan of Lower Spine"/>
          <statusCode code="performed"/>
          <definition>
            <criteriaReference moodCode="EVN" classCode="PROC">
              <id root="2.16.840.1.113883.3.100.1" extension="diagnostic_study"/>
            </criteriaReference>
          </definition>
          <outboundRelationship typeCode="SUBJ">
            <subsetCode code="SOURCE"/>
            <criteriaReference classCode="OBS" moodCode="EVN">
              <id root="2.16.840.1.113883.3.100.1" extension="DiagnosticStudyPerformedCtScanOfLowerSpine"/>
            </criteriaReference>
          </outboundRelationship>
        </procedureCriteria>
      </entry>
      <entry typeCode="DRIV">
        <localVariableName value="EncounterPerformedEmergencyDepartmentVisit"/>
        <encounterCriteria moodCode="EVN" classCode="ENC">
          <templateId>
            <item root="2.16.840.1.113883.10.20.28.3.5" identifierName="encounter, performed template"/>
            <item root="2.16.840.1.113883.3.100.1.1" identifierName="Source data criteria template"/>
          </templateId>
          <id root="2.16.840.1.113883.3.100.1" extension="EncounterPerformedEmergencyDepartmentVisit"/>
          <code xsi:type="CD" valueSet="2.16.840.1.113883.3.464.1003.101.12.1010">
            <displayName value="Emergency Department Visit"/>
          </code>
          <text value="Encounter, Performed: Emergency Department Visit"/>
          <definition>
            <criteriaReference moodCode="EVN" classCode="ENC">
              <id root="2.16.840.1.113883.3.100.1" extension="encounter"/>
            </criteriaReference>
          </definition>
          <outboundRelationship typeCode="SUBJ">
            <subsetCode code="SOURCE"/>
            <criteriaReference classCode="OBS" moodCode="EVN">
              <id root="2.16.840.1.113883.3.100.1" extension="EncounterPerformedEmergencyDepartmentVisit"/>
            </criteriaReference>
          </outboundRelationship>
        </encounterCriteria>
      </entry>
      <entry typeCode="DRIV">
        <localVariableName value="EncounterPerformedFaceToFaceInteraction"/>
        <encounterCriteria moodCode="EVN" classCode="ENC">
          <templateId>
            <item root="2.16.840.1.113883.10.20.28.3.5" identifierName="encounter, performed template"/>
            <item root="2.16.840.1.113883.3.100.1.1" identifierName="Source data criteria template"/>
          </templateId>
          <id root="2.16.840.1.113883.3.100.1" extension="EncounterPerformedFaceToFaceInteraction"/>
          <code xsi:type="CD" valueSet="2.16.840.1.113883.3.464.1003.101.12.1048">
            <displayName value="Face-to-Face Interaction"/>
          </code>
          <text value="Encounter, Performed: Face-to-Face Interaction"/>
          <definition>
            <criteriaReference moodCode="EVN" classCode="ENC">
              <id root="2.16.840.1.113883.3.100.1" extension="encounter"/>
            </criteriaReference>
          </definition>
          <outboundRelationship typeCode="SUBJ">
            <subsetCode code="SOURCE"/>
            <criteriaReference classCode="OBS" moodCode="EVN">
              <id root="2.16.840.1.113883.3.100.1" extension="EncounterPerformedFaceToFaceInteraction"/>
            </criteriaReference>
          </outboundRelationship>
        </encounterCriteria>
      </entry>
      <entry typeCode="DRIV">
        <localVariableName value="DiagnosisActiveIvDrugAbuse"/>
        <observationCriteria moodCode="EVN" classCode="OBS">
          <templateId>
            <item root="2.16.840.1.113883.10.20.28.3.1" identifierName="diagnosis, active template"/>
            <item root="2.16.840.1.113883.3.100.1.1" identifierName="Source data criteria template"/>
          </templateId>
          <id root="2.16.840.1.113883.3.100.1" extension="DiagnosisActiveIvDrugAbuse"/>
          <text value="Diagnosis, Active: IV Drug Abuse"/>
          <statusCode code="active"/>
          <value xsi:type="CD" valueSet="2.16.840.1.113883.3.464.1003.106.12.1003">
            <displayName value="IV Drug Abuse"/>
          </value>
          <definition>
            <criteriaReference moodCode="EVN" classCode="OBS">
              <id root="2.16.840.1.113883.3.100.1" extension="diagnosis"/>
            </criteriaReference>
          </definition>
          <outboundRelationship typeCode="SUBJ">
            <subsetCode code="SOURCE"/>
            <criteriaReference classCode="OBS" moodCode="EVN">
              <id root="2.16.840.1.113883.3.100.1" extension="DiagnosisActiveIvDrugAbuse"/>
            </criteriaReference>
          </outboundRelationship>
        </observationCriteria>
      </entry>
      <entry typeCode="DRIV">
        <localVariableName value="OccurrenceALowBackPain1"/>
        <observationCriteria moodCode="EVN" classCode="OBS">
          <templateId>
            <item root="2.16.840.1.113883.10.20.28.3.1" identifierName="diagnosis, active template"/>
            <item root="2.16.840.1.113883.3.100.1.1" identifierName="Source data criteria template"/>
          </templateId>
          <id root="2.16.840.1.113883.3.100.1" extension="OccurrenceALowBackPain1"/>
          <text value="Diagnosis, Active: Low Back Pain"/>
          <statusCode code="active"/>
          <value xsi:type="CD" valueSet="2.16.840.1.113883.3.464.1003.113.12.1001">
            <displayName value="Low Back Pain"/>
          </value>
          <definition>
            <criteriaReference moodCode="EVN" classCode="OBS">
              <id root="2.16.840.1.113883.3.100.1" extension="diagnosis"/>
            </criteriaReference>
          </definition>
        </observationCriteria>
      </entry>
      <entry typeCode="DRIV">
        <localVariableName value="DiagnosticStudyPerformedMriOfLowerSpine"/>
        <procedureCriteria moodCode="EVN" classCode="PROC">
          <templateId>
            <item root="2.16.840.1.113883.3.100.1.1" identifierName="Source data criteria template"/>
          </templateId>
          <id root="2.16.840.1.113883.3.100.1" extension="DiagnosticStudyPerformedMriOfLowerSpine"/>
          <code xsi:type="CD" valueSet="2.16.840.1.113883.3.464.1003.113.12.1034">
            <displayName value="MRI of Lower Spine"/>
          </code>
          <text value="Diagnostic Study, Performed: MRI of Lower Spine"/>
          <statusCode code="performed"/>
          <definition>
            <criteriaReference moodCode="EVN" classCode="PROC">
              <id root="2.16.840.1.113883.3.100.1" extension="diagnostic_study"/>
            </criteriaReference>
          </definition>
          <outboundRelationship typeCode="SUBJ">
            <subsetCode code="SOURCE"/>
            <criteriaReference classCode="OBS" moodCode="EVN">
              <id root="2.16.840.1.113883.3.100.1" extension="DiagnosticStudyPerformedMriOfLowerSpine"/>
            </criteriaReference>
          </outboundRelationship>
        </procedureCriteria>
      </entry>
      <entry typeCode="DRIV">
        <localVariableName value="DiagnosisActiveNeurologicImpairment"/>
        <observationCriteria moodCode="EVN" classCode="OBS">
          <templateId>
            <item root="2.16.840.1.113883.10.20.28.3.1" identifierName="diagnosis, active template"/>
            <item root="2.16.840.1.113883.3.100.1.1" identifierName="Source data criteria template"/>
          </templateId>
          <id root="2.16.840.1.113883.3.100.1" extension="DiagnosisActiveNeurologicImpairment"/>
          <text value="Diagnosis, Active: Neurologic impairment"/>
          <statusCode code="active"/>
          <value xsi:type="CD" valueSet="2.16.840.1.113883.3.464.1003.114.12.1012">
            <displayName value="Neurologic impairment"/>
          </value>
          <definition>
            <criteriaReference moodCode="EVN" classCode="OBS">
              <id root="2.16.840.1.113883.3.100.1" extension="diagnosis"/>
            </criteriaReference>
          </definition>
          <outboundRelationship typeCode="SUBJ">
            <subsetCode code="SOURCE"/>
            <criteriaReference classCode="OBS" moodCode="EVN">
              <id root="2.16.840.1.113883.3.100.1" extension="DiagnosisActiveNeurologicImpairment"/>
            </criteriaReference>
          </outboundRelationship>
        </observationCriteria>
      </entry>
      <entry typeCode="DRIV">
        <localVariableName value="EncounterPerformedOfficeVisit"/>
        <encounterCriteria moodCode="EVN" classCode="ENC">
          <templateId>
            <item root="2.16.840.1.113883.10.20.28.3.5" identifierName="encounter, performed template"/>
            <item root="2.16.840.1.113883.3.100.1.1" identifierName="Source data criteria template"/>
          </templateId>
          <id root="2.16.840.1.113883.3.100.1" extension="EncounterPerformedOfficeVisit"/>
          <code xsi:type="CD" valueSet="2.16.840.1.113883.3.464.1003.101.12.1001">
            <displayName value="Office Visit"/>
          </code>
          <text value="Encounter, Performed: Office Visit"/>
          <definition>
            <criteriaReference moodCode="EVN" classCode="ENC">
              <id root="2.16.840.1.113883.3.100.1" extension="encounter"/>
            </criteriaReference>
          </definition>
          <outboundRelationship typeCode="SUBJ">
            <subsetCode code="SOURCE"/>
            <criteriaReference classCode="OBS" moodCode="EVN">
              <id root="2.16.840.1.113883.3.100.1" extension="EncounterPerformedOfficeVisit"/>
            </criteriaReference>
          </outboundRelationship>
        </encounterCriteria>
      </entry>
      <entry typeCode="DRIV">
        <localVariableName value="DiagnosisActiveTrauma"/>
        <observationCriteria moodCode="EVN" classCode="OBS">
          <templateId>
            <item root="2.16.840.1.113883.10.20.28.3.1" identifierName="diagnosis, active template"/>
            <item root="2.16.840.1.113883.3.100.1.1" identifierName="Source data criteria template"/>
          </templateId>
          <id root="2.16.840.1.113883.3.100.1" extension="DiagnosisActiveTrauma"/>
          <text value="Diagnosis, Active: Trauma"/>
          <statusCode code="active"/>
          <value xsi:type="CD" valueSet="2.16.840.1.113883.3.464.1003.113.12.1036">
            <displayName value="Trauma"/>
          </value>
          <definition>
            <criteriaReference moodCode="EVN" classCode="OBS">
              <id root="2.16.840.1.113883.3.100.1" extension="diagnosis"/>
            </criteriaReference>
          </definition>
          <outboundRelationship typeCode="SUBJ">
            <subsetCode code="SOURCE"/>
            <criteriaReference classCode="OBS" moodCode="EVN">
              <id root="2.16.840.1.113883.3.100.1" extension="DiagnosisActiveTrauma"/>
            </criteriaReference>
          </outboundRelationship>
        </observationCriteria>
      </entry>
      <entry typeCode="DRIV">
        <localVariableName value="DiagnosticStudyPerformedXRayOfLowerSpine"/>
        <procedureCriteria moodCode="EVN" classCode="PROC">
          <templateId>
            <item root="2.16.840.1.113883.3.100.1.1" identifierName="Source data criteria template"/>
          </templateId>
          <id root="2.16.840.1.113883.3.100.1" extension="DiagnosticStudyPerformedXRayOfLowerSpine"/>
          <code xsi:type="CD" valueSet="2.16.840.1.113883.3.464.1003.113.12.1033">
            <displayName value="X-Ray of Lower Spine"/>
          </code>
          <text value="Diagnostic Study, Performed: X-Ray of Lower Spine"/>
          <statusCode code="performed"/>
          <definition>
            <criteriaReference moodCode="EVN" classCode="PROC">
              <id root="2.16.840.1.113883.3.100.1" extension="diagnostic_study"/>
            </criteriaReference>
          </definition>
          <outboundRelationship typeCode="SUBJ">
            <subsetCode code="SOURCE"/>
            <criteriaReference classCode="OBS" moodCode="EVN">
              <id root="2.16.840.1.113883.3.100.1" extension="DiagnosticStudyPerformedXRayOfLowerSpine"/>
            </criteriaReference>
          </outboundRelationship>
        </procedureCriteria>
      </entry>
      <entry typeCode="DRIV">
        <localVariableName value="DiagnosisActiveLowBackPain"/>
        <observationCriteria moodCode="EVN" classCode="OBS">
          <templateId>
            <item root="2.16.840.1.113883.10.20.28.3.1" identifierName="diagnosis, active template"/>
            <item root="2.16.840.1.113883.3.100.1.1" identifierName="Source data criteria template"/>
          </templateId>
          <id root="2.16.840.1.113883.3.100.1" extension="DiagnosisActiveLowBackPain"/>
          <text value="Diagnosis, Active: Low Back Pain"/>
          <statusCode code="active"/>
          <value xsi:type="CD" valueSet="2.16.840.1.113883.3.464.1003.113.12.1001">
            <displayName value="Low Back Pain"/>
          </value>
          <definition>
            <criteriaReference moodCode="EVN" classCode="OBS">
              <id root="2.16.840.1.113883.3.100.1" extension="diagnosis"/>
            </criteriaReference>
          </definition>
          <outboundRelationship typeCode="SUBJ">
            <subsetCode code="SOURCE"/>
            <criteriaReference classCode="OBS" moodCode="EVN">
              <id root="2.16.840.1.113883.3.100.1" extension="DiagnosisActiveLowBackPain"/>
            </criteriaReference>
          </outboundRelationship>
        </observationCriteria>
      </entry>
      <entry typeCode="DRIV">
        <localVariableName value="PatientCharacteristicEthnicityEthnicity"/>
        <observationCriteria moodCode="EVN" classCode="OBS">
          <templateId>
            <item root="2.16.840.1.113883.10.20.28.3.56" identifierName="patient characteristic, ethnicity template"/>
            <item root="2.16.840.1.113883.3.100.1.1" identifierName="Source data criteria template"/>
          </templateId>
          <id root="2.16.840.1.113883.3.100.1" extension="PatientCharacteristicEthnicityEthnicity"/>
          <code xsi:type="CD" valueSet="2.16.840.1.114222.4.11.837">
            <displayName value="Ethnicity"/>
          </code>
          <text value="Patient Characteristic Ethnicity: Ethnicity"/>
          <definition>
            <criteriaReference moodCode="EVN" classCode="OBS">
              <id root="2.16.840.1.113883.3.100.1" extension="patient_characteristic_ethnicity"/>
            </criteriaReference>
          </definition>
          <outboundRelationship typeCode="SUBJ">
            <subsetCode code="SOURCE"/>
            <criteriaReference classCode="OBS" moodCode="EVN">
              <id root="2.16.840.1.113883.3.100.1" extension="PatientCharacteristicEthnicityEthnicity"/>
            </criteriaReference>
          </outboundRelationship>
        </observationCriteria>
      </entry>
      <entry typeCode="DRIV">
        <localVariableName value="PatientCharacteristicSexOncAdministrativeSex"/>
        <observationCriteria moodCode="EVN" classCode="OBS">
          <templateId>
            <item root="2.16.840.1.113883.10.20.28.3.55" identifierName="patient characteristic, gender template"/>
            <item root="2.16.840.1.113883.3.100.1.1" identifierName="Source data criteria template"/>
          </templateId>
          <id root="2.16.840.1.113883.3.100.1" extension="PatientCharacteristicSexOncAdministrativeSex"/>
          <code xsi:type="CD" valueSet="2.16.840.1.113762.1.4.1">
            <displayName value="ONC Administrative Sex"/>
          </code>
          <text value="Patient Characteristic Sex: ONC Administrative Sex"/>
          <definition>
            <criteriaReference moodCode="EVN" classCode="OBS">
              <id root="2.16.840.1.113883.3.100.1" extension="patient_characteristic_gender"/>
            </criteriaReference>
          </definition>
          <outboundRelationship typeCode="SUBJ">
            <subsetCode code="SOURCE"/>
            <criteriaReference classCode="OBS" moodCode="EVN">
              <id root="2.16.840.1.113883.3.100.1" extension="PatientCharacteristicSexOncAdministrativeSex"/>
            </criteriaReference>
          </outboundRelationship>
        </observationCriteria>
      </entry>
      <entry typeCode="DRIV">
        <localVariableName value="PatientCharacteristicPayerPayer"/>
        <observationCriteria moodCode="EVN" classCode="OBS">
          <templateId>
            <item root="2.16.840.1.113883.10.20.28.3.58" identifierName="patient characteristic, payer template"/>
            <item root="2.16.840.1.113883.3.100.1.1" identifierName="Source data criteria template"/>
          </templateId>
          <id root="2.16.840.1.113883.3.100.1" extension="PatientCharacteristicPayerPayer"/>
          <code xsi:type="CD" valueSet="2.16.840.1.114222.4.11.3591">
            <displayName value="Payer"/>
          </code>
          <text value="Patient Characteristic Payer: Payer"/>
          <definition>
            <criteriaReference moodCode="EVN" classCode="OBS">
              <id root="2.16.840.1.113883.3.100.1" extension="patient_characteristic_payer"/>
            </criteriaReference>
          </definition>
          <outboundRelationship typeCode="SUBJ">
            <subsetCode code="SOURCE"/>
            <criteriaReference classCode="OBS" moodCode="EVN">
              <id root="2.16.840.1.113883.3.100.1" extension="PatientCharacteristicPayerPayer"/>
            </criteriaReference>
          </outboundRelationship>
        </observationCriteria>
      </entry>
      <entry typeCode="DRIV">
        <localVariableName value="PatientCharacteristicRaceRace"/>
        <observationCriteria moodCode="EVN" classCode="OBS">
          <templateId>
            <item root="2.16.840.1.113883.10.20.28.3.59" identifierName="patient characteristic, race template"/>
            <item root="2.16.840.1.113883.3.100.1.1" identifierName="Source data criteria template"/>
          </templateId>
          <id root="2.16.840.1.113883.3.100.1" extension="PatientCharacteristicRaceRace"/>
          <code xsi:type="CD" valueSet="2.16.840.1.114222.4.11.836">
            <displayName value="Race"/>
          </code>
          <text value="Patient Characteristic Race: Race"/>
          <definition>
            <criteriaReference moodCode="EVN" classCode="OBS">
              <id root="2.16.840.1.113883.3.100.1" extension="patient_characteristic_race"/>
            </criteriaReference>
          </definition>
          <outboundRelationship typeCode="SUBJ">
            <subsetCode code="SOURCE"/>
            <criteriaReference classCode="OBS" moodCode="EVN">
              <id root="2.16.840.1.113883.3.100.1" extension="PatientCharacteristicRaceRace"/>
            </criteriaReference>
          </outboundRelationship>
        </observationCriteria>
      </entry>
    </dataCriteriaSection>
  </component>
  <component>
    <populationCriteriaSection>
      <templateId>
        <item root="2.16.840.1.113883.10.20.28.2.1"/>
      </templateId>
      <id root="2.16.840.1.113883.3.100.1" extension="Population0"/>
      <code code="57026-7" codeSystem="2.16.840.1.113883.6.1"/>
      <title value=""/>
      <text value="This section describes the Initial Patient Population, Numerator, Denominator, Denominator Exceptions, and Measure Populations"/>
      <component typeCode="COMP">
        <initialPopulationCriteria classCode="OBS" moodCode="EVN" isCriterionInd="true">
          <id root="c75181d0-73eb-11de-8a39-0800200c9a66" extension="ED0F23BC-F811-4F9E-A19C-7263F1C6F174"/>
          <code codeSystem="2.16.840.1.113883.5.1063" codeSystemName="HL7 Observation Value" code="IPP">
            <displayName value="Initial Patient Population"/>
          </code>
          <precondition typeCode="PRCN">
            <allTrue>
              <id/>
              <precondition typeCode="PRCN">
                <criteriaReference moodCode="EVN" classCode="OBS">
                  <id root="2.16.840.1.113883.3.100.1" extension="OccurrenceALowBackPain1_precondition_2"/>
                </criteriaReference>
              </precondition>
              <precondition typeCode="PRCN">
                <criteriaReference moodCode="EVN" classCode="OBS">
                  <id root="2.16.840.1.113883.3.100.1" extension="PatientCharacteristicBirthdateBirthDate_precondition_5"/>
                </criteriaReference>
              </precondition>
              <precondition typeCode="PRCN">
                <criteriaReference moodCode="EVN" classCode="OBS">
                  <id root="2.16.840.1.113883.3.100.1" extension="PatientCharacteristicBirthdateBirthDate_precondition_7"/>
                </criteriaReference>
              </precondition>
              <precondition typeCode="PRCN">
                <atLeastOneTrue>
                  <id/>
                  <precondition typeCode="PRCN">
                    <criteriaReference moodCode="EVN" classCode="OBS">
                      <id root="2.16.840.1.113883.3.100.1" extension="OccurrenceALowBackPain1_precondition_10"/>
                    </criteriaReference>
                  </precondition>
                  <precondition typeCode="PRCN">
                    <criteriaReference moodCode="EVN" classCode="OBS">
                      <id root="2.16.840.1.113883.3.100.1" extension="OccurrenceALowBackPain1_precondition_13"/>
                    </criteriaReference>
                  </precondition>
                  <precondition typeCode="PRCN">
                    <criteriaReference moodCode="EVN" classCode="OBS">
                      <id root="2.16.840.1.113883.3.100.1" extension="OccurrenceALowBackPain1_precondition_16"/>
                    </criteriaReference>
                  </precondition>
                </atLeastOneTrue>
              </precondition>
            </allTrue>
          </precondition>
        </initialPopulationCriteria>
      </component>
      <component typeCode="COMP">
        <denominatorCriteria classCode="OBS" moodCode="EVN" isCriterionInd="true">
          <id root="c75181d0-73eb-11de-8a39-0800200c9a66" extension="77999DD4-72B9-45CB-9B7A-8025D87A7731"/>
          <code codeSystem="2.16.840.1.113883.5.1063" codeSystemName="HL7 Observation Value" code="DENOM">
            <displayName value="Denominator"/>
          </code>
          <precondition typeCode="PRCN" nullFlavor="NA">
            <allTrue>
              <id/>
            </allTrue>
          </precondition>
        </denominatorCriteria>
      </component>
      <component typeCode="COMP">
        <numeratorCriteria classCode="OBS" moodCode="EVN" isCriterionInd="true">
          <id root="c75181d0-73eb-11de-8a39-0800200c9a66" extension="7CEFFFF4-7D1B-411A-9E66-074A8EEA71C8"/>
          <code codeSystem="2.16.840.1.113883.5.1063" codeSystemName="HL7 Observation Value" code="NUMER">
            <displayName value="Numerator"/>
          </code>
          <precondition typeCode="PRCN">
            <allFalse>
              <id/>
              <precondition typeCode="PRCN">
                <atLeastOneTrue>
                  <id/>
                  <precondition typeCode="PRCN">
                    <criteriaReference moodCode="EVN" classCode="OBS">
                      <id root="2.16.840.1.113883.3.100.1" extension="DiagnosticStudyPerformedXRayOfLowerSpine_precondition_44"/>
                    </criteriaReference>
                  </precondition>
                  <precondition typeCode="PRCN">
                    <criteriaReference moodCode="EVN" classCode="OBS">
                      <id root="2.16.840.1.113883.3.100.1" extension="DiagnosticStudyPerformedMriOfLowerSpine_precondition_46"/>
                    </criteriaReference>
                  </precondition>
                  <precondition typeCode="PRCN">
                    <criteriaReference moodCode="EVN" classCode="OBS">
                      <id root="2.16.840.1.113883.3.100.1" extension="DiagnosticStudyPerformedCtScanOfLowerSpine_precondition_48"/>
                    </criteriaReference>
                  </precondition>
                </atLeastOneTrue>
              </precondition>
            </allFalse>
          </precondition>
        </numeratorCriteria>
      </component>
      <component typeCode="COMP">
        <denominatorExclusionCriteria classCode="OBS" moodCode="EVN" isCriterionInd="true">
          <id root="c75181d0-73eb-11de-8a39-0800200c9a66" extension="8C395680-2899-4499-AD44-43FA92369AEF"/>
          <code codeSystem="2.16.840.1.113883.5.1063" codeSystemName="HL7 Observation Value" code="DENEX">
            <displayName value="Denominator"/>
          </code>
          <precondition typeCode="PRCN">
            <allTrue>
              <id/>
              <precondition typeCode="PRCN">
                <atLeastOneTrue>
                  <id/>
                  <precondition typeCode="PRCN">
                    <criteriaReference moodCode="EVN" classCode="OBS">
                      <id root="2.16.840.1.113883.3.100.1" extension="DiagnosisActiveLowBackPain_precondition_21"/>
                    </criteriaReference>
                  </precondition>
                  <precondition typeCode="PRCN">
                    <atLeastOneTrue>
                      <id/>
                      <precondition typeCode="PRCN">
                        <criteriaReference moodCode="EVN" classCode="OBS">
                          <id root="2.16.840.1.113883.3.100.1" extension="DiagnosisActiveAllCancer_precondition_23"/>
                        </criteriaReference>
                      </precondition>
                      <precondition typeCode="PRCN">
                        <criteriaReference moodCode="EVN" classCode="OBS">
                          <id root="2.16.840.1.113883.3.100.1" extension="DiagnosisInactiveAllCancer_precondition_25"/>
                        </criteriaReference>
                      </precondition>
                      <precondition typeCode="PRCN">
                        <criteriaReference moodCode="EVN" classCode="OBS">
                          <id root="2.16.840.1.113883.3.100.1" extension="DiagnosisResolvedAllCancer_precondition_27"/>
                        </criteriaReference>
                      </precondition>
                    </atLeastOneTrue>
                  </precondition>
                  <precondition typeCode="PRCN">
                    <atLeastOneTrue>
                      <id/>
                      <precondition typeCode="PRCN">
                        <criteriaReference moodCode="EVN" classCode="OBS">
                          <id root="2.16.840.1.113883.3.100.1" extension="DiagnosisActiveTrauma_precondition_32"/>
                        </criteriaReference>
                      </precondition>
                      <precondition typeCode="PRCN">
                        <criteriaReference moodCode="EVN" classCode="OBS">
                          <id root="2.16.840.1.113883.3.100.1" extension="DiagnosisActiveIvDrugAbuse_precondition_34"/>
                        </criteriaReference>
                      </precondition>
                      <precondition typeCode="PRCN">
                        <criteriaReference moodCode="EVN" classCode="OBS">
                          <id root="2.16.840.1.113883.3.100.1" extension="DiagnosisActiveNeurologicImpairment_precondition_36"/>
                        </criteriaReference>
                      </precondition>
                    </atLeastOneTrue>
                  </precondition>
                </atLeastOneTrue>
              </precondition>
            </allTrue>
          </precondition>
        </denominatorExclusionCriteria>
      </component>
    </populationCriteriaSection>
  </component>
</QualityMeasureDocument>
