<?xml version="1.0" encoding="utf-8"?>
<QualityMeasureDocument xmlns="urn:hl7-org:v3" xmlns:xsi="http://www.w3.org/2001/XMLSchema-instance" xmlns:qdm="urn:hhs-qdm:hqmf-r2-extensions:v1">
  <typeId root="2.16.840.1.113883.1.3" extension="POQM_MT000001UV03"/>
  <templateId>
    <item root="2.16.840.1.113883.10.20.28.1.1"/>
  </templateId>
  <id root="2.16.840.1.113883.3.100.1" extension="40280381-4555-E1C1-0145-CD28C4E03A73"/>
  <code code="57024-2" codeSystem="2.16.840.1.113883.6.1"/>
  <title value="Primary Caries Prevention Intervention as Offered by Primary Care Providers, including Dentists"/>
  <text value="Percentage of children, age 0-20 years, who received a fluoride varnish application during the measurement period."/>
  <statusCode code="completed"/>
  <setId root="2.16.840.1.113883.3.100.1" extension="0B81B6BA-3B30-41BF-A2F3-95BDC9F558F2"/>
  <versionNumber value="4"/>
  <author typeCode="AUT">
    <responsibleParty classCode="ASSIGNED"/>
  </author>
  <custodian typeCode="CST">
    <responsibleParty classCode="ASSIGNED"/>
  </custodian>
  <controlVariable>
    <measurePeriod>
      <code code="MSRTP" codeSystem="2.16.840.1.113883.3.560">
        <displayName value="Measurement period"/>
      </code>
      <value xsi:type="PIVL_TS">
        <phase lowClosed="true" highClosed="true">
          <low value="201201010000"/>
          <high value="201212312359"/>
          <width xsi:type="PQ" value="1" unit="a"/>
        </phase>
      </value>
    </measurePeriod>
  </controlVariable>
  <subjectOf>
    <measureAttribute classCode="OBS" moodCode="EVN">
      <code nullFlavor="OTH">
        <originalText value="Finalized Date/Time"/>
      </code>
      <value xsi:type="ANY" flavorId="ANY.NONNULL"/>
    </measureAttribute>
  </subjectOf>
  <subjectOf>
    <measureAttribute classCode="OBS" moodCode="EVN">
      <code codeSystem="2.16.840.1.113883.5.4" code="COPY">
        <displayName value="Copyright"/>
      </code>
      <value xsi:type="ED" mediaType="text/plain" value="Limited proprietary coding is contained in the Measure specifications for user convenience. Users of proprietary code sets should obtain all necessary licenses from the owners of the code sets.    CPT(R) contained in the Measure specifications is copyright 2004-2013 American Medical Association. LOINC(R) copyright 2004-2013 Regenstrief Institute, Inc. This material contains SNOMED Clinical Terms(R) (SNOMED CT[R]) copyright 2004-2013 International Health Terminology Standards Development Organisation. ICD-10 copyright 2013 World Health Organization. All Rights Reserved."/>
    </measureAttribute>
  </subjectOf>
  <subjectOf>
    <measureAttribute classCode="OBS" moodCode="EVN">
      <code codeSystem="2.16.840.1.113883.5.4" code="MSRSCORE">
        <displayName value="Measure Scoring"/>
      </code>
      <value xsi:type="CD" codeSystem="2.16.840.1.113883.1.11.20367" code="PROPOR">
        <displayName value="Proportion"/>
      </value>
    </measureAttribute>
  </subjectOf>
  <subjectOf>
    <measureAttribute classCode="OBS" moodCode="EVN">
      <code codeSystem="2.16.840.1.113883.5.4" code="MSRTYPE">
        <displayName value="Measure Type"/>
      </code>
      <value xsi:type="CD" codeSystem="2.16.840.1.113883.1.11.20368" code="PROCESS">
        <displayName value="Process"/>
      </value>
    </measureAttribute>
  </subjectOf>
  <subjectOf>
    <measureAttribute classCode="OBS" moodCode="EVN">
      <code codeSystem="2.16.840.1.113883.5.4" code="STRAT">
        <displayName value="Stratification"/>
      </code>
      <value xsi:type="ED" mediaType="text/plain" value="Population 1: age 0-5 Population 2: age 6-12 Population 3: age 13-20"/>
    </measureAttribute>
  </subjectOf>
  <subjectOf>
    <measureAttribute classCode="OBS" moodCode="EVN">
      <code codeSystem="2.16.840.1.113883.5.4" code="MSRADJ">
        <displayName value="Risk Adjustment"/>
      </code>
      <value xsi:type="ED" mediaType="text/plain" value="None"/>
    </measureAttribute>
  </subjectOf>
  <subjectOf>
    <measureAttribute classCode="OBS" moodCode="EVN">
      <code codeSystem="2.16.840.1.113883.5.4" code="MSRAGG">
        <displayName value="Rate Aggregation"/>
      </code>
      <value xsi:type="ED" mediaType="text/plain" value="None"/>
    </measureAttribute>
  </subjectOf>
  <subjectOf>
    <measureAttribute classCode="OBS" moodCode="EVN">
      <code codeSystem="2.16.840.1.113883.5.4" code="RAT">
        <displayName value="Rationale"/>
      </code>
      <value xsi:type="ED" mediaType="text/plain" value="The literature reflects that fluoride varnish when applied to the teeth of high-risk children, reduces, in conjunction with anticipatory guidance provided to the caregiver, the risk of the child developing caries."/>
    </measureAttribute>
  </subjectOf>
  <subjectOf>
    <measureAttribute classCode="OBS" moodCode="EVN">
      <code codeSystem="2.16.840.1.113883.3.560" code="CRS">
        <displayName value="Clinical Recommendation Statement"/>
      </code>
      <value xsi:type="ED" mediaType="text/plain" value="Fluoride varnish applied every six months is effective in preventing caries in the primary and permanent dentition of children and adolescents.  Two or more applications of fluoride varnish per year are effective in preventing caries in high-risk populations (Hutter 2006)."/>
    </measureAttribute>
  </subjectOf>
  <subjectOf>
    <measureAttribute classCode="OBS" moodCode="EVN">
      <code codeSystem="2.16.840.1.113883.3.560" code="IDUR">
        <displayName value="Improvement Notation"/>
      </code>
      <value xsi:type="ED" mediaType="text/plain" value="A higher score indicates better quality"/>
    </measureAttribute>
  </subjectOf>
  <subjectOf>
    <measureAttribute classCode="OBS" moodCode="EVN">
      <code nullFlavor="OTH">
        <originalText value="NQF ID Number"/>
      </code>
      <value xsi:type="II" root="2.16.840.1.113883.3.560.1" extension="Not Applicable"/>
    </measureAttribute>
  </subjectOf>
  <subjectOf>
    <measureAttribute classCode="OBS" moodCode="EVN">
      <code codeSystem="2.16.840.1.113883.5.4" code="DISC">
        <displayName value="Disclaimer"/>
        <originalText value="Disclaimer"/>
      </code>
      <value xsi:type="ED" mediaType="text/plain" value="These performance Measures are not clinical guidelines and do not establish a standard of medical care, and have not been tested for all potential applications.  THE MEASURES AND SPECIFICATIONS ARE PROVIDED “AS IS” WITHOUT WARRANTY OF ANY KIND.  Due to technical limitations, registered trademarks are indicated by (R) or [R] and unregistered trademarks are indicated by (TM) or [TM]."/>
    </measureAttribute>
  </subjectOf>
  <subjectOf>
    <measureAttribute classCode="OBS" moodCode="EVN">
      <code nullFlavor="OTH">
        <originalText value="eMeasure Identifier"/>
      </code>
      <value xsi:type="ED" mediaType="text/plain" value="74"/>
    </measureAttribute>
  </subjectOf>
  <subjectOf>
    <measureAttribute classCode="OBS" moodCode="EVN">
      <code codeSystem="2.16.840.1.113883.5.4" code="REF">
        <displayName value="Reference"/>
      </code>
      <value xsi:type="ED" mediaType="text/plain" value="Hutter JW, Chan JT, Featherstone JDB, Ismail A, Kingman A, Stamm J, Tinanoff N, Wefel JS, Zero DT.  Professionally Applied Topical Fluoride:  Evidence-Based Clinical Recommendations.  Journal of the American Dental Association, 137(8): 1151-1159, 2006."/>
    </measureAttribute>
  </subjectOf>
  <subjectOf>
    <measureAttribute classCode="OBS" moodCode="EVN">
      <code codeSystem="2.16.840.1.113883.3.560" code="DEF">
        <displayName value="Definition"/>
      </code>
      <value xsi:type="ED" mediaType="text/plain" value="None"/>
    </measureAttribute>
  </subjectOf>
  <subjectOf>
    <measureAttribute classCode="OBS" moodCode="EVN">
      <code codeSystem="2.16.840.1.113883.5.4" code="GUIDE">
        <displayName value="Guidance"/>
      </code>
      <value xsi:type="ED" mediaType="text/plain" value="None"/>
    </measureAttribute>
  </subjectOf>
  <subjectOf>
    <measureAttribute classCode="OBS" moodCode="EVN">
      <code nullFlavor="OTH">
        <originalText value="Transmission Format"/>
      </code>
      <value xsi:type="ED" mediaType="text/plain" value="TBD"/>
    </measureAttribute>
  </subjectOf>
  <subjectOf>
    <measureAttribute classCode="OBS" moodCode="EVN">
      <code codeSystem="2.16.840.1.113883.5.1063" code="IPP">
        <originalText value="Initial Patient Population"/>
      </code>
      <value xsi:type="ED" mediaType="text/plain" value="Children, age 0-20 years, with a visit during the measurement period."/>
    </measureAttribute>
  </subjectOf>
  <subjectOf>
    <measureAttribute classCode="OBS" moodCode="EVN">
      <code codeSystem="2.16.840.1.113883.5.1063" code="DENOM">
        <originalText value="Denominator"/>
      </code>
      <value xsi:type="ED" mediaType="text/plain" value="Equals initial patient population"/>
    </measureAttribute>
  </subjectOf>
  <subjectOf>
    <measureAttribute classCode="OBS" moodCode="EVN">
      <code nullFlavor="OTH">
        <originalText value="Denominator Exclusions"/>
      </code>
      <value xsi:type="ED" mediaType="text/plain" value="None"/>
    </measureAttribute>
  </subjectOf>
  <subjectOf>
    <measureAttribute classCode="OBS" moodCode="EVN">
      <code codeSystem="2.16.840.1.113883.5.1063" code="NUMER">
        <originalText value="Numerator"/>
      </code>
      <value xsi:type="ED" mediaType="text/plain" value="Children who receive a fluoride varnish application"/>
    </measureAttribute>
  </subjectOf>
  <subjectOf>
    <measureAttribute classCode="OBS" moodCode="EVN">
      <code nullFlavor="OTH">
        <originalText value="Numerator Exclusions"/>
      </code>
      <value xsi:type="ED" mediaType="text/plain" value="Not Applicable"/>
    </measureAttribute>
  </subjectOf>
  <subjectOf>
    <measureAttribute classCode="OBS" moodCode="EVN">
      <code codeSystem="2.16.840.1.113883.5.1063" code="DENEXCEP">
        <originalText value="Denominator Exceptions"/>
      </code>
      <value xsi:type="ED" mediaType="text/plain" value="None"/>
    </measureAttribute>
  </subjectOf>
  <subjectOf>
    <measureAttribute classCode="OBS" moodCode="EVN">
      <code codeSystem="2.16.840.1.113883.5.1063" code="MSRPOPL">
        <originalText value="Measure Population"/>
      </code>
      <value xsi:type="ED" mediaType="text/plain" value="Not Applicable"/>
    </measureAttribute>
  </subjectOf>
  <subjectOf>
    <measureAttribute classCode="OBS" moodCode="EVN">
      <code nullFlavor="OTH">
        <originalText value="Measure Observations"/>
      </code>
      <value xsi:type="ED" mediaType="text/plain" value="Not Applicable"/>
    </measureAttribute>
  </subjectOf>
  <subjectOf>
    <measureAttribute classCode="OBS" moodCode="EVN">
      <code nullFlavor="OTH">
        <originalText value="Supplemental Data Elements"/>
      </code>
      <value xsi:type="ED" mediaType="text/plain" value="For every patient evaluated by this measure also identify payer, race, ethnicity and sex."/>
    </measureAttribute>
  </subjectOf>
  <component>
    <dataCriteriaSection>
      <templateId>
        <item root="2.16.840.1.113883.10.20.28.2.2"/>
      </templateId>
      <code code="57025-9" codeSystem="2.16.840.1.113883.6.1"/>
      <title value="Data Criteria Section"/>
      <text value="This section describes the data criteria."/>
      <entry typeCode="DRIV">
        <localVariableName value="PatientCharacteristicSexOncAdministrativeSex"/>
        <observationCriteria moodCode="EVN" classCode="OBS">
          <templateId>
            <item root="2.16.840.1.113883.10.20.28.3.55" identifierName="patient characteristic, gender template"/>
          </templateId>
          <id root="2.16.840.1.113883.3.100.1" extension="PatientCharacteristicSexOncAdministrativeSex"/>
          <code xsi:type="CD" valueSet="2.16.840.1.113762.1.4.1">
            <displayName value="ONC Administrative Sex"/>
          </code>
          <text value="Patient Characteristic Sex: ONC Administrative Sex"/>
          <definition>
            <criteriaReference moodCode="EVN" classCode="OBS">
              <id root="2.16.840.1.113883.3.100.1" extension="patient_characteristic_gender"/>
            </criteriaReference>
          </definition>
          <outboundRelationship typeCode="SUBJ">
            <subsetCode code="SOURCE"/>
            <criteriaReference classCode="OBS" moodCode="EVN">
              <id root="2.16.840.1.113883.3.100.1" extension="PatientCharacteristicSexOncAdministrativeSex"/>
            </criteriaReference>
          </outboundRelationship>
        </observationCriteria>
      </entry>
      <entry typeCode="DRIV">
        <localVariableName value="PatientCharacteristicRaceRace"/>
        <observationCriteria moodCode="EVN" classCode="OBS">
          <templateId>
            <item root="2.16.840.1.113883.10.20.28.3.59" identifierName="patient characteristic, race template"/>
          </templateId>
          <id root="2.16.840.1.113883.3.100.1" extension="PatientCharacteristicRaceRace"/>
          <code xsi:type="CD" valueSet="2.16.840.1.114222.4.11.836">
            <displayName value="Race"/>
          </code>
          <text value="Patient Characteristic Race: Race"/>
          <definition>
            <criteriaReference moodCode="EVN" classCode="OBS">
              <id root="2.16.840.1.113883.3.100.1" extension="patient_characteristic_race"/>
            </criteriaReference>
          </definition>
          <outboundRelationship typeCode="SUBJ">
            <subsetCode code="SOURCE"/>
            <criteriaReference classCode="OBS" moodCode="EVN">
              <id root="2.16.840.1.113883.3.100.1" extension="PatientCharacteristicRaceRace"/>
            </criteriaReference>
          </outboundRelationship>
        </observationCriteria>
      </entry>
      <entry typeCode="DRIV">
        <localVariableName value="PatientCharacteristicEthnicityEthnicity"/>
        <observationCriteria moodCode="EVN" classCode="OBS">
          <templateId>
            <item root="2.16.840.1.113883.10.20.28.3.56" identifierName="patient characteristic, ethnicity template"/>
          </templateId>
          <id root="2.16.840.1.113883.3.100.1" extension="PatientCharacteristicEthnicityEthnicity"/>
          <code xsi:type="CD" valueSet="2.16.840.1.114222.4.11.837">
            <displayName value="Ethnicity"/>
          </code>
          <text value="Patient Characteristic Ethnicity: Ethnicity"/>
          <definition>
            <criteriaReference moodCode="EVN" classCode="OBS">
              <id root="2.16.840.1.113883.3.100.1" extension="patient_characteristic_ethnicity"/>
            </criteriaReference>
          </definition>
          <outboundRelationship typeCode="SUBJ">
            <subsetCode code="SOURCE"/>
            <criteriaReference classCode="OBS" moodCode="EVN">
              <id root="2.16.840.1.113883.3.100.1" extension="PatientCharacteristicEthnicityEthnicity"/>
            </criteriaReference>
          </outboundRelationship>
        </observationCriteria>
      </entry>
      <entry typeCode="DRIV">
        <localVariableName value="PatientCharacteristicPayerPayer"/>
        <observationCriteria moodCode="EVN" classCode="OBS">
          <templateId>
            <item root="2.16.840.1.113883.10.20.28.3.58" identifierName="patient characteristic, payer template"/>
          </templateId>
          <id root="2.16.840.1.113883.3.100.1" extension="PatientCharacteristicPayerPayer"/>
          <code xsi:type="CD" valueSet="2.16.840.1.114222.4.11.3591">
            <displayName value="Payer"/>
          </code>
          <text value="Patient Characteristic Payer: Payer"/>
          <definition>
            <criteriaReference moodCode="EVN" classCode="OBS">
              <id root="2.16.840.1.113883.3.100.1" extension="patient_characteristic_payer"/>
            </criteriaReference>
          </definition>
          <outboundRelationship typeCode="SUBJ">
            <subsetCode code="SOURCE"/>
            <criteriaReference classCode="OBS" moodCode="EVN">
              <id root="2.16.840.1.113883.3.100.1" extension="PatientCharacteristicPayerPayer"/>
            </criteriaReference>
          </outboundRelationship>
        </observationCriteria>
      </entry>
      <entry typeCode="DRIV">
        <localVariableName value="PatientCharacteristicBirthdateBirthDate_precondition_1"/>
        <observationCriteria moodCode="EVN" classCode="OBS">
          <templateId>
            <item root="2.16.840.1.113883.10.20.28.3.54" identifierName="patient characteristic, birthdate template"/>
          </templateId>
          <id root="2.16.840.1.113883.3.100.1" extension="PatientCharacteristicBirthdateBirthDate_precondition_1"/>
          <code xsi:type="CD" valueSet="2.16.840.1.113883.3.560.100.4">
            <displayName value="birth date"/>
          </code>
          <text value="Patient Characteristic Birthdate: birth date"/>
          <definition>
            <criteriaReference moodCode="EVN" classCode="OBS">
              <id root="2.16.840.1.113883.3.100.1" extension="patient_characteristic_birthdate"/>
            </criteriaReference>
          </definition>
          <temporallyRelatedInformation typeCode="SBS">
            <qdm:temporalInformation precisionUnit="d">
              <qdm:delta lowClosed="true">
                <low value="0" unit="a"/>
                <high nullFlavor="PINF"/>
              </qdm:delta>
            </qdm:temporalInformation>
            <criteriaReference moodCode="EVN" classCode="OBS">
              <id root="2.16.840.1.113883.3.100.1" extension="MeasurePeriod"/>
            </criteriaReference>
          </temporallyRelatedInformation>
          <outboundRelationship typeCode="SUBJ">
            <subsetCode code="SOURCE"/>
            <criteriaReference classCode="OBS" moodCode="EVN">
              <id root="2.16.840.1.113883.3.100.1" extension="PatientCharacteristicBirthdateBirthDate"/>
            </criteriaReference>
          </outboundRelationship>
        </observationCriteria>
      </entry>
      <entry typeCode="DRIV">
        <localVariableName value="PatientCharacteristicBirthdateBirthDate_precondition_3"/>
        <observationCriteria moodCode="EVN" classCode="OBS">
          <templateId>
            <item root="2.16.840.1.113883.10.20.28.3.54" identifierName="patient characteristic, birthdate template"/>
          </templateId>
          <id root="2.16.840.1.113883.3.100.1" extension="PatientCharacteristicBirthdateBirthDate_precondition_3"/>
          <code xsi:type="CD" valueSet="2.16.840.1.113883.3.560.100.4">
            <displayName value="birth date"/>
          </code>
          <text value="Patient Characteristic Birthdate: birth date"/>
          <definition>
            <criteriaReference moodCode="EVN" classCode="OBS">
              <id root="2.16.840.1.113883.3.100.1" extension="patient_characteristic_birthdate"/>
            </criteriaReference>
          </definition>
          <temporallyRelatedInformation typeCode="SBS">
            <qdm:temporalInformation precisionUnit="d">
              <qdm:delta>
                <low nullFlavor="NINF"/>
                <high value="20" unit="a"/>
              </qdm:delta>
            </qdm:temporalInformation>
            <criteriaReference moodCode="EVN" classCode="OBS">
              <id root="2.16.840.1.113883.3.100.1" extension="MeasurePeriod"/>
            </criteriaReference>
          </temporallyRelatedInformation>
          <outboundRelationship typeCode="SUBJ">
            <subsetCode code="SOURCE"/>
            <criteriaReference classCode="OBS" moodCode="EVN">
              <id root="2.16.840.1.113883.3.100.1" extension="PatientCharacteristicBirthdateBirthDate"/>
            </criteriaReference>
          </outboundRelationship>
        </observationCriteria>
      </entry>
      <entry typeCode="DRIV">
        <localVariableName value="EncounterPerformedFaceToFaceInteraction_precondition_5"/>
        <encounterCriteria moodCode="EVN" classCode="ENC">
          <templateId>
            <item root="2.16.840.1.113883.10.20.28.3.5" identifierName="encounter, performed template"/>
          </templateId>
          <id root="2.16.840.1.113883.3.100.1" extension="EncounterPerformedFaceToFaceInteraction_precondition_5"/>
          <code xsi:type="CD" valueSet="2.16.840.1.113883.3.464.1003.101.12.1048">
            <displayName value="Face-to-Face Interaction"/>
          </code>
          <text value="Encounter, Performed: Face-to-Face Interaction"/>
          <definition>
            <criteriaReference moodCode="EVN" classCode="ENC">
              <id root="2.16.840.1.113883.3.100.1" extension="encounter"/>
            </criteriaReference>
          </definition>
          <temporallyRelatedInformation typeCode="DURING">
            <qdm:temporalInformation precisionUnit="min">
              
            </qdm:temporalInformation>
            <criteriaReference moodCode="EVN" classCode="OBS">
              <id root="2.16.840.1.113883.3.100.1" extension="MeasurePeriod"/>
            </criteriaReference>
          </temporallyRelatedInformation>
          <outboundRelationship typeCode="SUBJ">
            <subsetCode code="SOURCE"/>
            <criteriaReference classCode="OBS" moodCode="EVN">
              <id root="2.16.840.1.113883.3.100.1" extension="EncounterPerformedFaceToFaceInteraction"/>
            </criteriaReference>
          </outboundRelationship>
        </encounterCriteria>
      </entry>
      <entry typeCode="DRIV">
        <localVariableName value="EncounterPerformedPreventiveCareEstablishedOfficeVisit0To17_precondition_7"/>
        <encounterCriteria moodCode="EVN" classCode="ENC">
          <templateId>
            <item root="2.16.840.1.113883.10.20.28.3.5" identifierName="encounter, performed template"/>
          </templateId>
          <id root="2.16.840.1.113883.3.100.1" extension="EncounterPerformedPreventiveCareEstablishedOfficeVisit0To17_precondition_7"/>
          <code xsi:type="CD" valueSet="2.16.840.1.113883.3.464.1003.101.12.1024">
            <displayName value="Preventive Care - Established Office Visit, 0 to 17"/>
          </code>
          <text value="Encounter, Performed: Preventive Care - Established Office Visit, 0 to 17"/>
          <definition>
            <criteriaReference moodCode="EVN" classCode="ENC">
              <id root="2.16.840.1.113883.3.100.1" extension="encounter"/>
            </criteriaReference>
          </definition>
          <temporallyRelatedInformation typeCode="DURING">
            <qdm:temporalInformation precisionUnit="min">
              
            </qdm:temporalInformation>
            <criteriaReference moodCode="EVN" classCode="OBS">
              <id root="2.16.840.1.113883.3.100.1" extension="MeasurePeriod"/>
            </criteriaReference>
          </temporallyRelatedInformation>
          <outboundRelationship typeCode="SUBJ">
            <subsetCode code="SOURCE"/>
            <criteriaReference classCode="OBS" moodCode="EVN">
              <id root="2.16.840.1.113883.3.100.1" extension="EncounterPerformedPreventiveCareEstablishedOfficeVisit0To17"/>
            </criteriaReference>
          </outboundRelationship>
        </encounterCriteria>
      </entry>
      <entry typeCode="DRIV">
        <localVariableName value="EncounterPerformedPreventiveCareInitialOfficeVisit0To17_precondition_9"/>
        <encounterCriteria moodCode="EVN" classCode="ENC">
          <templateId>
            <item root="2.16.840.1.113883.10.20.28.3.5" identifierName="encounter, performed template"/>
          </templateId>
          <id root="2.16.840.1.113883.3.100.1" extension="EncounterPerformedPreventiveCareInitialOfficeVisit0To17_precondition_9"/>
          <code xsi:type="CD" valueSet="2.16.840.1.113883.3.464.1003.101.12.1022">
            <displayName value="Preventive Care- Initial Office Visit, 0 to 17"/>
          </code>
          <text value="Encounter, Performed: Preventive Care- Initial Office Visit, 0 to 17"/>
          <definition>
            <criteriaReference moodCode="EVN" classCode="ENC">
              <id root="2.16.840.1.113883.3.100.1" extension="encounter"/>
            </criteriaReference>
          </definition>
          <temporallyRelatedInformation typeCode="DURING">
            <qdm:temporalInformation precisionUnit="min">
              
            </qdm:temporalInformation>
            <criteriaReference moodCode="EVN" classCode="OBS">
              <id root="2.16.840.1.113883.3.100.1" extension="MeasurePeriod"/>
            </criteriaReference>
          </temporallyRelatedInformation>
          <outboundRelationship typeCode="SUBJ">
            <subsetCode code="SOURCE"/>
            <criteriaReference classCode="OBS" moodCode="EVN">
              <id root="2.16.840.1.113883.3.100.1" extension="EncounterPerformedPreventiveCareInitialOfficeVisit0To17"/>
            </criteriaReference>
          </outboundRelationship>
        </encounterCriteria>
      </entry>
      <entry typeCode="DRIV">
        <localVariableName value="EncounterPerformedPreventiveCareServicesEstablishedOfficeVisit18AndUp_precondition_11"/>
        <encounterCriteria moodCode="EVN" classCode="ENC">
          <templateId>
            <item root="2.16.840.1.113883.10.20.28.3.5" identifierName="encounter, performed template"/>
          </templateId>
          <id root="2.16.840.1.113883.3.100.1" extension="EncounterPerformedPreventiveCareServicesEstablishedOfficeVisit18AndUp_precondition_11"/>
          <code xsi:type="CD" valueSet="2.16.840.1.113883.3.464.1003.101.12.1025">
            <displayName value="Preventive Care Services - Established Office Visit, 18 and Up"/>
          </code>
          <text value="Encounter, Performed: Preventive Care Services - Established Office Visit, 18 and Up"/>
          <definition>
            <criteriaReference moodCode="EVN" classCode="ENC">
              <id root="2.16.840.1.113883.3.100.1" extension="encounter"/>
            </criteriaReference>
          </definition>
          <temporallyRelatedInformation typeCode="DURING">
            <qdm:temporalInformation precisionUnit="min">
              
            </qdm:temporalInformation>
            <criteriaReference moodCode="EVN" classCode="OBS">
              <id root="2.16.840.1.113883.3.100.1" extension="MeasurePeriod"/>
            </criteriaReference>
          </temporallyRelatedInformation>
          <outboundRelationship typeCode="SUBJ">
            <subsetCode code="SOURCE"/>
            <criteriaReference classCode="OBS" moodCode="EVN">
              <id root="2.16.840.1.113883.3.100.1" extension="EncounterPerformedPreventiveCareServicesEstablishedOfficeVisit18AndUp"/>
            </criteriaReference>
          </outboundRelationship>
        </encounterCriteria>
      </entry>
      <entry typeCode="DRIV">
        <localVariableName value="EncounterPerformedPreventiveCareServicesInitialOfficeVisit18AndUp_precondition_13"/>
        <encounterCriteria moodCode="EVN" classCode="ENC">
          <templateId>
            <item root="2.16.840.1.113883.10.20.28.3.5" identifierName="encounter, performed template"/>
          </templateId>
          <id root="2.16.840.1.113883.3.100.1" extension="EncounterPerformedPreventiveCareServicesInitialOfficeVisit18AndUp_precondition_13"/>
          <code xsi:type="CD" valueSet="2.16.840.1.113883.3.464.1003.101.12.1023">
            <displayName value="Preventive Care Services-Initial Office Visit, 18 and Up"/>
          </code>
          <text value="Encounter, Performed: Preventive Care Services-Initial Office Visit, 18 and Up"/>
          <definition>
            <criteriaReference moodCode="EVN" classCode="ENC">
              <id root="2.16.840.1.113883.3.100.1" extension="encounter"/>
            </criteriaReference>
          </definition>
          <temporallyRelatedInformation typeCode="DURING">
            <qdm:temporalInformation precisionUnit="min">
              
            </qdm:temporalInformation>
            <criteriaReference moodCode="EVN" classCode="OBS">
              <id root="2.16.840.1.113883.3.100.1" extension="MeasurePeriod"/>
            </criteriaReference>
          </temporallyRelatedInformation>
          <outboundRelationship typeCode="SUBJ">
            <subsetCode code="SOURCE"/>
            <criteriaReference classCode="OBS" moodCode="EVN">
              <id root="2.16.840.1.113883.3.100.1" extension="EncounterPerformedPreventiveCareServicesInitialOfficeVisit18AndUp"/>
            </criteriaReference>
          </outboundRelationship>
        </encounterCriteria>
      </entry>
      <entry typeCode="DRIV">
        <localVariableName value="EncounterPerformedOfficeVisit_precondition_15"/>
        <encounterCriteria moodCode="EVN" classCode="ENC">
          <templateId>
            <item root="2.16.840.1.113883.10.20.28.3.5" identifierName="encounter, performed template"/>
          </templateId>
          <id root="2.16.840.1.113883.3.100.1" extension="EncounterPerformedOfficeVisit_precondition_15"/>
          <code xsi:type="CD" valueSet="2.16.840.1.113883.3.464.1003.101.12.1001">
            <displayName value="Office Visit"/>
          </code>
          <text value="Encounter, Performed: Office Visit"/>
          <definition>
            <criteriaReference moodCode="EVN" classCode="ENC">
              <id root="2.16.840.1.113883.3.100.1" extension="encounter"/>
            </criteriaReference>
          </definition>
          <temporallyRelatedInformation typeCode="DURING">
            <qdm:temporalInformation precisionUnit="min">
              
            </qdm:temporalInformation>
            <criteriaReference moodCode="EVN" classCode="OBS">
              <id root="2.16.840.1.113883.3.100.1" extension="MeasurePeriod"/>
            </criteriaReference>
          </temporallyRelatedInformation>
          <outboundRelationship typeCode="SUBJ">
            <subsetCode code="SOURCE"/>
            <criteriaReference classCode="OBS" moodCode="EVN">
              <id root="2.16.840.1.113883.3.100.1" extension="EncounterPerformedOfficeVisit"/>
            </criteriaReference>
          </outboundRelationship>
        </encounterCriteria>
      </entry>
      <entry typeCode="DRIV">
        <localVariableName value="EncounterPerformedClinicalOralEvaluation_precondition_17"/>
        <encounterCriteria moodCode="EVN" classCode="ENC">
          <templateId>
            <item root="2.16.840.1.113883.10.20.28.3.5" identifierName="encounter, performed template"/>
          </templateId>
          <id root="2.16.840.1.113883.3.100.1" extension="EncounterPerformedClinicalOralEvaluation_precondition_17"/>
          <code xsi:type="CD" valueSet="2.16.840.1.113883.3.464.1003.125.12.1003">
            <displayName value="Clinical Oral Evaluation"/>
          </code>
          <text value="Encounter, Performed: Clinical Oral Evaluation"/>
          <definition>
            <criteriaReference moodCode="EVN" classCode="ENC">
              <id root="2.16.840.1.113883.3.100.1" extension="encounter"/>
            </criteriaReference>
          </definition>
          <temporallyRelatedInformation typeCode="DURING">
            <qdm:temporalInformation precisionUnit="min">
              
            </qdm:temporalInformation>
            <criteriaReference moodCode="EVN" classCode="OBS">
              <id root="2.16.840.1.113883.3.100.1" extension="MeasurePeriod"/>
            </criteriaReference>
          </temporallyRelatedInformation>
          <outboundRelationship typeCode="SUBJ">
            <subsetCode code="SOURCE"/>
            <criteriaReference classCode="OBS" moodCode="EVN">
              <id root="2.16.840.1.113883.3.100.1" extension="EncounterPerformedClinicalOralEvaluation"/>
            </criteriaReference>
          </outboundRelationship>
        </encounterCriteria>
      </entry>
      <entry typeCode="DRIV">
        <localVariableName value="ProcedurePerformedFluorideVarnishApplicationForChildren_precondition_23"/>
        <procedureCriteria moodCode="EVN" classCode="PROC">
          <templateId>
            <item root="2.16.840.1.113883.10.20.28.3.67" identifierName="procedure, performed template"/>
          </templateId>
          <id root="2.16.840.1.113883.3.100.1" extension="ProcedurePerformedFluorideVarnishApplicationForChildren_precondition_23"/>
          <code xsi:type="CD" valueSet="2.16.840.1.113883.3.464.1003.125.12.1002">
            <displayName value="Fluoride Varnish Application for Children"/>
          </code>
          <text value="Procedure, Performed: Fluoride Varnish Application for Children"/>
          <statusCode code="performed"/>
          <definition>
            <criteriaReference moodCode="EVN" classCode="PROC">
              <id root="2.16.840.1.113883.3.100.1" extension="procedure"/>
            </criteriaReference>
          </definition>
          <temporallyRelatedInformation typeCode="DURING">
            <qdm:temporalInformation precisionUnit="min">
              
            </qdm:temporalInformation>
            <criteriaReference moodCode="EVN" classCode="OBS">
              <id root="2.16.840.1.113883.3.100.1" extension="MeasurePeriod"/>
            </criteriaReference>
          </temporallyRelatedInformation>
          <outboundRelationship typeCode="SUBJ">
            <subsetCode code="SOURCE"/>
            <criteriaReference classCode="OBS" moodCode="EVN">
              <id root="2.16.840.1.113883.3.100.1" extension="ProcedurePerformedFluorideVarnishApplicationForChildren"/>
            </criteriaReference>
          </outboundRelationship>
        </procedureCriteria>
      </entry>
      <entry typeCode="DRIV">
        <localVariableName value="PatientCharacteristicBirthdateBirthDate_precondition_26"/>
        <observationCriteria moodCode="EVN" classCode="OBS">
          <templateId>
            <item root="2.16.840.1.113883.10.20.28.3.54" identifierName="patient characteristic, birthdate template"/>
          </templateId>
          <id root="2.16.840.1.113883.3.100.1" extension="PatientCharacteristicBirthdateBirthDate_precondition_26"/>
          <code xsi:type="CD" valueSet="2.16.840.1.113883.3.560.100.4">
            <displayName value="birth date"/>
          </code>
          <text value="Patient Characteristic Birthdate: birth date"/>
          <definition>
            <criteriaReference moodCode="EVN" classCode="OBS">
              <id root="2.16.840.1.113883.3.100.1" extension="patient_characteristic_birthdate"/>
            </criteriaReference>
          </definition>
          <temporallyRelatedInformation typeCode="SBS">
            <qdm:temporalInformation precisionUnit="d">
              <qdm:delta highClosed="true">
                <low nullFlavor="NINF"/>
                <high value="5" unit="a"/>
              </qdm:delta>
            </qdm:temporalInformation>
            <criteriaReference moodCode="EVN" classCode="OBS">
              <id root="2.16.840.1.113883.3.100.1" extension="MeasurePeriod"/>
            </criteriaReference>
          </temporallyRelatedInformation>
          <outboundRelationship typeCode="SUBJ">
            <subsetCode code="SOURCE"/>
            <criteriaReference classCode="OBS" moodCode="EVN">
              <id root="2.16.840.1.113883.3.100.1" extension="PatientCharacteristicBirthdateBirthDate"/>
            </criteriaReference>
          </outboundRelationship>
        </observationCriteria>
      </entry>
      <entry typeCode="DRIV">
        <localVariableName value="PatientCharacteristicBirthdateBirthDate_precondition_29"/>
        <observationCriteria moodCode="EVN" classCode="OBS">
          <templateId>
            <item root="2.16.840.1.113883.10.20.28.3.54" identifierName="patient characteristic, birthdate template"/>
          </templateId>
          <id root="2.16.840.1.113883.3.100.1" extension="PatientCharacteristicBirthdateBirthDate_precondition_29"/>
          <code xsi:type="CD" valueSet="2.16.840.1.113883.3.560.100.4">
            <displayName value="birth date"/>
          </code>
          <text value="Patient Characteristic Birthdate: birth date"/>
          <definition>
            <criteriaReference moodCode="EVN" classCode="OBS">
              <id root="2.16.840.1.113883.3.100.1" extension="patient_characteristic_birthdate"/>
            </criteriaReference>
          </definition>
          <temporallyRelatedInformation typeCode="SBS">
            <qdm:temporalInformation precisionUnit="d">
              <qdm:delta lowClosed="true">
                <low value="6" unit="a"/>
                <high nullFlavor="PINF"/>
              </qdm:delta>
            </qdm:temporalInformation>
            <criteriaReference moodCode="EVN" classCode="OBS">
              <id root="2.16.840.1.113883.3.100.1" extension="MeasurePeriod"/>
            </criteriaReference>
          </temporallyRelatedInformation>
          <outboundRelationship typeCode="SUBJ">
            <subsetCode code="SOURCE"/>
            <criteriaReference classCode="OBS" moodCode="EVN">
              <id root="2.16.840.1.113883.3.100.1" extension="PatientCharacteristicBirthdateBirthDate"/>
            </criteriaReference>
          </outboundRelationship>
        </observationCriteria>
      </entry>
      <entry typeCode="DRIV">
        <localVariableName value="PatientCharacteristicBirthdateBirthDate_precondition_31"/>
        <observationCriteria moodCode="EVN" classCode="OBS">
          <templateId>
            <item root="2.16.840.1.113883.10.20.28.3.54" identifierName="patient characteristic, birthdate template"/>
          </templateId>
          <id root="2.16.840.1.113883.3.100.1" extension="PatientCharacteristicBirthdateBirthDate_precondition_31"/>
          <code xsi:type="CD" valueSet="2.16.840.1.113883.3.560.100.4">
            <displayName value="birth date"/>
          </code>
          <text value="Patient Characteristic Birthdate: birth date"/>
          <definition>
            <criteriaReference moodCode="EVN" classCode="OBS">
              <id root="2.16.840.1.113883.3.100.1" extension="patient_characteristic_birthdate"/>
            </criteriaReference>
          </definition>
          <temporallyRelatedInformation typeCode="SBS">
            <qdm:temporalInformation precisionUnit="d">
              <qdm:delta highClosed="true">
                <low nullFlavor="NINF"/>
                <high value="12" unit="a"/>
              </qdm:delta>
            </qdm:temporalInformation>
            <criteriaReference moodCode="EVN" classCode="OBS">
              <id root="2.16.840.1.113883.3.100.1" extension="MeasurePeriod"/>
            </criteriaReference>
          </temporallyRelatedInformation>
          <outboundRelationship typeCode="SUBJ">
            <subsetCode code="SOURCE"/>
            <criteriaReference classCode="OBS" moodCode="EVN">
              <id root="2.16.840.1.113883.3.100.1" extension="PatientCharacteristicBirthdateBirthDate"/>
            </criteriaReference>
          </outboundRelationship>
        </observationCriteria>
      </entry>
      <entry typeCode="DRIV">
        <localVariableName value="PatientCharacteristicBirthdateBirthDate_precondition_34"/>
        <observationCriteria moodCode="EVN" classCode="OBS">
          <templateId>
            <item root="2.16.840.1.113883.10.20.28.3.54" identifierName="patient characteristic, birthdate template"/>
          </templateId>
          <id root="2.16.840.1.113883.3.100.1" extension="PatientCharacteristicBirthdateBirthDate_precondition_34"/>
          <code xsi:type="CD" valueSet="2.16.840.1.113883.3.560.100.4">
            <displayName value="birth date"/>
          </code>
          <text value="Patient Characteristic Birthdate: birth date"/>
          <definition>
            <criteriaReference moodCode="EVN" classCode="OBS">
              <id root="2.16.840.1.113883.3.100.1" extension="patient_characteristic_birthdate"/>
            </criteriaReference>
          </definition>
          <temporallyRelatedInformation typeCode="SBS">
            <qdm:temporalInformation precisionUnit="d">
              <qdm:delta lowClosed="true">
                <low value="13" unit="a"/>
                <high nullFlavor="PINF"/>
              </qdm:delta>
            </qdm:temporalInformation>
            <criteriaReference moodCode="EVN" classCode="OBS">
              <id root="2.16.840.1.113883.3.100.1" extension="MeasurePeriod"/>
            </criteriaReference>
          </temporallyRelatedInformation>
          <outboundRelationship typeCode="SUBJ">
            <subsetCode code="SOURCE"/>
            <criteriaReference classCode="OBS" moodCode="EVN">
              <id root="2.16.840.1.113883.3.100.1" extension="PatientCharacteristicBirthdateBirthDate"/>
            </criteriaReference>
          </outboundRelationship>
        </observationCriteria>
      </entry>
      <entry typeCode="DRIV">
        <localVariableName value="PatientCharacteristicBirthdateBirthDate_precondition_36"/>
        <observationCriteria moodCode="EVN" classCode="OBS">
          <templateId>
            <item root="2.16.840.1.113883.10.20.28.3.54" identifierName="patient characteristic, birthdate template"/>
          </templateId>
          <id root="2.16.840.1.113883.3.100.1" extension="PatientCharacteristicBirthdateBirthDate_precondition_36"/>
          <code xsi:type="CD" valueSet="2.16.840.1.113883.3.560.100.4">
            <displayName value="birth date"/>
          </code>
          <text value="Patient Characteristic Birthdate: birth date"/>
          <definition>
            <criteriaReference moodCode="EVN" classCode="OBS">
              <id root="2.16.840.1.113883.3.100.1" extension="patient_characteristic_birthdate"/>
            </criteriaReference>
          </definition>
          <temporallyRelatedInformation typeCode="SBS">
            <qdm:temporalInformation precisionUnit="d">
              <qdm:delta>
                <low nullFlavor="NINF"/>
                <high value="20" unit="a"/>
              </qdm:delta>
            </qdm:temporalInformation>
            <criteriaReference moodCode="EVN" classCode="OBS">
              <id root="2.16.840.1.113883.3.100.1" extension="MeasurePeriod"/>
            </criteriaReference>
          </temporallyRelatedInformation>
          <outboundRelationship typeCode="SUBJ">
            <subsetCode code="SOURCE"/>
            <criteriaReference classCode="OBS" moodCode="EVN">
              <id root="2.16.840.1.113883.3.100.1" extension="PatientCharacteristicBirthdateBirthDate"/>
            </criteriaReference>
          </outboundRelationship>
        </observationCriteria>
      </entry>
      <entry typeCode="DRIV">
        <localVariableName value="PatientCharacteristicBirthdateBirthDate"/>
        <observationCriteria moodCode="EVN" classCode="OBS">
          <templateId>
            <item root="2.16.840.1.113883.10.20.28.3.54" identifierName="patient characteristic, birthdate template"/>
            <item root="2.16.840.1.113883.3.100.1.1" identifierName="Source data criteria template"/>
          </templateId>
          <id root="2.16.840.1.113883.3.100.1" extension="PatientCharacteristicBirthdateBirthDate"/>
          <code xsi:type="CD" valueSet="2.16.840.1.113883.3.560.100.4">
            <displayName value="birth date"/>
          </code>
          <text value="Patient Characteristic Birthdate: birth date"/>
          <definition>
            <criteriaReference moodCode="EVN" classCode="OBS">
              <id root="2.16.840.1.113883.3.100.1" extension="patient_characteristic_birthdate"/>
            </criteriaReference>
          </definition>
          <outboundRelationship typeCode="SUBJ">
            <subsetCode code="SOURCE"/>
            <criteriaReference classCode="OBS" moodCode="EVN">
              <id root="2.16.840.1.113883.3.100.1" extension="PatientCharacteristicBirthdateBirthDate"/>
            </criteriaReference>
          </outboundRelationship>
        </observationCriteria>
      </entry>
      <entry typeCode="DRIV">
        <localVariableName value="EncounterPerformedClinicalOralEvaluation"/>
        <encounterCriteria moodCode="EVN" classCode="ENC">
          <templateId>
            <item root="2.16.840.1.113883.10.20.28.3.5" identifierName="encounter, performed template"/>
            <item root="2.16.840.1.113883.3.100.1.1" identifierName="Source data criteria template"/>
          </templateId>
          <id root="2.16.840.1.113883.3.100.1" extension="EncounterPerformedClinicalOralEvaluation"/>
          <code xsi:type="CD" valueSet="2.16.840.1.113883.3.464.1003.125.12.1003">
            <displayName value="Clinical Oral Evaluation"/>
          </code>
          <text value="Encounter, Performed: Clinical Oral Evaluation"/>
          <definition>
            <criteriaReference moodCode="EVN" classCode="ENC">
              <id root="2.16.840.1.113883.3.100.1" extension="encounter"/>
            </criteriaReference>
          </definition>
          <outboundRelationship typeCode="SUBJ">
            <subsetCode code="SOURCE"/>
            <criteriaReference classCode="OBS" moodCode="EVN">
              <id root="2.16.840.1.113883.3.100.1" extension="EncounterPerformedClinicalOralEvaluation"/>
            </criteriaReference>
          </outboundRelationship>
        </encounterCriteria>
      </entry>
      <entry typeCode="DRIV">
        <localVariableName value="EncounterPerformedFaceToFaceInteraction"/>
        <encounterCriteria moodCode="EVN" classCode="ENC">
          <templateId>
            <item root="2.16.840.1.113883.10.20.28.3.5" identifierName="encounter, performed template"/>
            <item root="2.16.840.1.113883.3.100.1.1" identifierName="Source data criteria template"/>
          </templateId>
          <id root="2.16.840.1.113883.3.100.1" extension="EncounterPerformedFaceToFaceInteraction"/>
          <code xsi:type="CD" valueSet="2.16.840.1.113883.3.464.1003.101.12.1048">
            <displayName value="Face-to-Face Interaction"/>
          </code>
          <text value="Encounter, Performed: Face-to-Face Interaction"/>
          <definition>
            <criteriaReference moodCode="EVN" classCode="ENC">
              <id root="2.16.840.1.113883.3.100.1" extension="encounter"/>
            </criteriaReference>
          </definition>
          <outboundRelationship typeCode="SUBJ">
            <subsetCode code="SOURCE"/>
            <criteriaReference classCode="OBS" moodCode="EVN">
              <id root="2.16.840.1.113883.3.100.1" extension="EncounterPerformedFaceToFaceInteraction"/>
            </criteriaReference>
          </outboundRelationship>
        </encounterCriteria>
      </entry>
      <entry typeCode="DRIV">
        <localVariableName value="ProcedurePerformedFluorideVarnishApplicationForChildren"/>
        <procedureCriteria moodCode="EVN" classCode="PROC">
          <templateId>
            <item root="2.16.840.1.113883.10.20.28.3.67" identifierName="procedure, performed template"/>
            <item root="2.16.840.1.113883.3.100.1.1" identifierName="Source data criteria template"/>
          </templateId>
          <id root="2.16.840.1.113883.3.100.1" extension="ProcedurePerformedFluorideVarnishApplicationForChildren"/>
          <code xsi:type="CD" valueSet="2.16.840.1.113883.3.464.1003.125.12.1002">
            <displayName value="Fluoride Varnish Application for Children"/>
          </code>
          <text value="Procedure, Performed: Fluoride Varnish Application for Children"/>
          <statusCode code="performed"/>
          <definition>
            <criteriaReference moodCode="EVN" classCode="PROC">
              <id root="2.16.840.1.113883.3.100.1" extension="procedure"/>
            </criteriaReference>
          </definition>
          <outboundRelationship typeCode="SUBJ">
            <subsetCode code="SOURCE"/>
            <criteriaReference classCode="OBS" moodCode="EVN">
              <id root="2.16.840.1.113883.3.100.1" extension="ProcedurePerformedFluorideVarnishApplicationForChildren"/>
            </criteriaReference>
          </outboundRelationship>
        </procedureCriteria>
      </entry>
      <entry typeCode="DRIV">
        <localVariableName value="EncounterPerformedOfficeVisit"/>
        <encounterCriteria moodCode="EVN" classCode="ENC">
          <templateId>
            <item root="2.16.840.1.113883.10.20.28.3.5" identifierName="encounter, performed template"/>
            <item root="2.16.840.1.113883.3.100.1.1" identifierName="Source data criteria template"/>
          </templateId>
          <id root="2.16.840.1.113883.3.100.1" extension="EncounterPerformedOfficeVisit"/>
          <code xsi:type="CD" valueSet="2.16.840.1.113883.3.464.1003.101.12.1001">
            <displayName value="Office Visit"/>
          </code>
          <text value="Encounter, Performed: Office Visit"/>
          <definition>
            <criteriaReference moodCode="EVN" classCode="ENC">
              <id root="2.16.840.1.113883.3.100.1" extension="encounter"/>
            </criteriaReference>
          </definition>
          <outboundRelationship typeCode="SUBJ">
            <subsetCode code="SOURCE"/>
            <criteriaReference classCode="OBS" moodCode="EVN">
              <id root="2.16.840.1.113883.3.100.1" extension="EncounterPerformedOfficeVisit"/>
            </criteriaReference>
          </outboundRelationship>
        </encounterCriteria>
      </entry>
      <entry typeCode="DRIV">
        <localVariableName value="EncounterPerformedPreventiveCareEstablishedOfficeVisit0To17"/>
        <encounterCriteria moodCode="EVN" classCode="ENC">
          <templateId>
            <item root="2.16.840.1.113883.10.20.28.3.5" identifierName="encounter, performed template"/>
            <item root="2.16.840.1.113883.3.100.1.1" identifierName="Source data criteria template"/>
          </templateId>
          <id root="2.16.840.1.113883.3.100.1" extension="EncounterPerformedPreventiveCareEstablishedOfficeVisit0To17"/>
          <code xsi:type="CD" valueSet="2.16.840.1.113883.3.464.1003.101.12.1024">
            <displayName value="Preventive Care - Established Office Visit, 0 to 17"/>
          </code>
          <text value="Encounter, Performed: Preventive Care - Established Office Visit, 0 to 17"/>
          <definition>
            <criteriaReference moodCode="EVN" classCode="ENC">
              <id root="2.16.840.1.113883.3.100.1" extension="encounter"/>
            </criteriaReference>
          </definition>
          <outboundRelationship typeCode="SUBJ">
            <subsetCode code="SOURCE"/>
            <criteriaReference classCode="OBS" moodCode="EVN">
              <id root="2.16.840.1.113883.3.100.1" extension="EncounterPerformedPreventiveCareEstablishedOfficeVisit0To17"/>
            </criteriaReference>
          </outboundRelationship>
        </encounterCriteria>
      </entry>
      <entry typeCode="DRIV">
        <localVariableName value="EncounterPerformedPreventiveCareServicesEstablishedOfficeVisit18AndUp"/>
        <encounterCriteria moodCode="EVN" classCode="ENC">
          <templateId>
            <item root="2.16.840.1.113883.10.20.28.3.5" identifierName="encounter, performed template"/>
            <item root="2.16.840.1.113883.3.100.1.1" identifierName="Source data criteria template"/>
          </templateId>
          <id root="2.16.840.1.113883.3.100.1" extension="EncounterPerformedPreventiveCareServicesEstablishedOfficeVisit18AndUp"/>
          <code xsi:type="CD" valueSet="2.16.840.1.113883.3.464.1003.101.12.1025">
            <displayName value="Preventive Care Services - Established Office Visit, 18 and Up"/>
          </code>
          <text value="Encounter, Performed: Preventive Care Services - Established Office Visit, 18 and Up"/>
          <definition>
            <criteriaReference moodCode="EVN" classCode="ENC">
              <id root="2.16.840.1.113883.3.100.1" extension="encounter"/>
            </criteriaReference>
          </definition>
          <outboundRelationship typeCode="SUBJ">
            <subsetCode code="SOURCE"/>
            <criteriaReference classCode="OBS" moodCode="EVN">
              <id root="2.16.840.1.113883.3.100.1" extension="EncounterPerformedPreventiveCareServicesEstablishedOfficeVisit18AndUp"/>
            </criteriaReference>
          </outboundRelationship>
        </encounterCriteria>
      </entry>
      <entry typeCode="DRIV">
        <localVariableName value="EncounterPerformedPreventiveCareServicesInitialOfficeVisit18AndUp"/>
        <encounterCriteria moodCode="EVN" classCode="ENC">
          <templateId>
            <item root="2.16.840.1.113883.10.20.28.3.5" identifierName="encounter, performed template"/>
            <item root="2.16.840.1.113883.3.100.1.1" identifierName="Source data criteria template"/>
          </templateId>
          <id root="2.16.840.1.113883.3.100.1" extension="EncounterPerformedPreventiveCareServicesInitialOfficeVisit18AndUp"/>
          <code xsi:type="CD" valueSet="2.16.840.1.113883.3.464.1003.101.12.1023">
            <displayName value="Preventive Care Services-Initial Office Visit, 18 and Up"/>
          </code>
          <text value="Encounter, Performed: Preventive Care Services-Initial Office Visit, 18 and Up"/>
          <definition>
            <criteriaReference moodCode="EVN" classCode="ENC">
              <id root="2.16.840.1.113883.3.100.1" extension="encounter"/>
            </criteriaReference>
          </definition>
          <outboundRelationship typeCode="SUBJ">
            <subsetCode code="SOURCE"/>
            <criteriaReference classCode="OBS" moodCode="EVN">
              <id root="2.16.840.1.113883.3.100.1" extension="EncounterPerformedPreventiveCareServicesInitialOfficeVisit18AndUp"/>
            </criteriaReference>
          </outboundRelationship>
        </encounterCriteria>
      </entry>
      <entry typeCode="DRIV">
        <localVariableName value="EncounterPerformedPreventiveCareInitialOfficeVisit0To17"/>
        <encounterCriteria moodCode="EVN" classCode="ENC">
          <templateId>
            <item root="2.16.840.1.113883.10.20.28.3.5" identifierName="encounter, performed template"/>
            <item root="2.16.840.1.113883.3.100.1.1" identifierName="Source data criteria template"/>
          </templateId>
          <id root="2.16.840.1.113883.3.100.1" extension="EncounterPerformedPreventiveCareInitialOfficeVisit0To17"/>
          <code xsi:type="CD" valueSet="2.16.840.1.113883.3.464.1003.101.12.1022">
            <displayName value="Preventive Care- Initial Office Visit, 0 to 17"/>
          </code>
          <text value="Encounter, Performed: Preventive Care- Initial Office Visit, 0 to 17"/>
          <definition>
            <criteriaReference moodCode="EVN" classCode="ENC">
              <id root="2.16.840.1.113883.3.100.1" extension="encounter"/>
            </criteriaReference>
          </definition>
          <outboundRelationship typeCode="SUBJ">
            <subsetCode code="SOURCE"/>
            <criteriaReference classCode="OBS" moodCode="EVN">
              <id root="2.16.840.1.113883.3.100.1" extension="EncounterPerformedPreventiveCareInitialOfficeVisit0To17"/>
            </criteriaReference>
          </outboundRelationship>
        </encounterCriteria>
      </entry>
      <entry typeCode="DRIV">
        <localVariableName value="PatientCharacteristicSexOncAdministrativeSex"/>
        <observationCriteria moodCode="EVN" classCode="OBS">
          <templateId>
            <item root="2.16.840.1.113883.10.20.28.3.55" identifierName="patient characteristic, gender template"/>
            <item root="2.16.840.1.113883.3.100.1.1" identifierName="Source data criteria template"/>
          </templateId>
          <id root="2.16.840.1.113883.3.100.1" extension="PatientCharacteristicSexOncAdministrativeSex"/>
          <code xsi:type="CD" valueSet="2.16.840.1.113762.1.4.1">
            <displayName value="ONC Administrative Sex"/>
          </code>
          <text value="Patient Characteristic Sex: ONC Administrative Sex"/>
          <definition>
            <criteriaReference moodCode="EVN" classCode="OBS">
              <id root="2.16.840.1.113883.3.100.1" extension="patient_characteristic_gender"/>
            </criteriaReference>
          </definition>
          <outboundRelationship typeCode="SUBJ">
            <subsetCode code="SOURCE"/>
            <criteriaReference classCode="OBS" moodCode="EVN">
              <id root="2.16.840.1.113883.3.100.1" extension="PatientCharacteristicSexOncAdministrativeSex"/>
            </criteriaReference>
          </outboundRelationship>
        </observationCriteria>
      </entry>
      <entry typeCode="DRIV">
        <localVariableName value="PatientCharacteristicRaceRace"/>
        <observationCriteria moodCode="EVN" classCode="OBS">
          <templateId>
            <item root="2.16.840.1.113883.10.20.28.3.59" identifierName="patient characteristic, race template"/>
            <item root="2.16.840.1.113883.3.100.1.1" identifierName="Source data criteria template"/>
          </templateId>
          <id root="2.16.840.1.113883.3.100.1" extension="PatientCharacteristicRaceRace"/>
          <code xsi:type="CD" valueSet="2.16.840.1.114222.4.11.836">
            <displayName value="Race"/>
          </code>
          <text value="Patient Characteristic Race: Race"/>
          <definition>
            <criteriaReference moodCode="EVN" classCode="OBS">
              <id root="2.16.840.1.113883.3.100.1" extension="patient_characteristic_race"/>
            </criteriaReference>
          </definition>
          <outboundRelationship typeCode="SUBJ">
            <subsetCode code="SOURCE"/>
            <criteriaReference classCode="OBS" moodCode="EVN">
              <id root="2.16.840.1.113883.3.100.1" extension="PatientCharacteristicRaceRace"/>
            </criteriaReference>
          </outboundRelationship>
        </observationCriteria>
      </entry>
      <entry typeCode="DRIV">
        <localVariableName value="PatientCharacteristicEthnicityEthnicity"/>
        <observationCriteria moodCode="EVN" classCode="OBS">
          <templateId>
            <item root="2.16.840.1.113883.10.20.28.3.56" identifierName="patient characteristic, ethnicity template"/>
            <item root="2.16.840.1.113883.3.100.1.1" identifierName="Source data criteria template"/>
          </templateId>
          <id root="2.16.840.1.113883.3.100.1" extension="PatientCharacteristicEthnicityEthnicity"/>
          <code xsi:type="CD" valueSet="2.16.840.1.114222.4.11.837">
            <displayName value="Ethnicity"/>
          </code>
          <text value="Patient Characteristic Ethnicity: Ethnicity"/>
          <definition>
            <criteriaReference moodCode="EVN" classCode="OBS">
              <id root="2.16.840.1.113883.3.100.1" extension="patient_characteristic_ethnicity"/>
            </criteriaReference>
          </definition>
          <outboundRelationship typeCode="SUBJ">
            <subsetCode code="SOURCE"/>
            <criteriaReference classCode="OBS" moodCode="EVN">
              <id root="2.16.840.1.113883.3.100.1" extension="PatientCharacteristicEthnicityEthnicity"/>
            </criteriaReference>
          </outboundRelationship>
        </observationCriteria>
      </entry>
      <entry typeCode="DRIV">
        <localVariableName value="PatientCharacteristicPayerPayer"/>
        <observationCriteria moodCode="EVN" classCode="OBS">
          <templateId>
            <item root="2.16.840.1.113883.10.20.28.3.58" identifierName="patient characteristic, payer template"/>
            <item root="2.16.840.1.113883.3.100.1.1" identifierName="Source data criteria template"/>
          </templateId>
          <id root="2.16.840.1.113883.3.100.1" extension="PatientCharacteristicPayerPayer"/>
          <code xsi:type="CD" valueSet="2.16.840.1.114222.4.11.3591">
            <displayName value="Payer"/>
          </code>
          <text value="Patient Characteristic Payer: Payer"/>
          <definition>
            <criteriaReference moodCode="EVN" classCode="OBS">
              <id root="2.16.840.1.113883.3.100.1" extension="patient_characteristic_payer"/>
            </criteriaReference>
          </definition>
          <outboundRelationship typeCode="SUBJ">
            <subsetCode code="SOURCE"/>
            <criteriaReference classCode="OBS" moodCode="EVN">
              <id root="2.16.840.1.113883.3.100.1" extension="PatientCharacteristicPayerPayer"/>
            </criteriaReference>
          </outboundRelationship>
        </observationCriteria>
      </entry>
    </dataCriteriaSection>
  </component>
  <component>
    <populationCriteriaSection>
      <templateId>
        <item root="2.16.840.1.113883.10.20.28.2.1"/>
      </templateId>
      <id root="2.16.840.1.113883.3.100.1" extension="Population1"/>
      <code code="57026-7" codeSystem="2.16.840.1.113883.6.1"/>
      <title value="Population 1"/>
      <text value="This section describes the Initial Patient Population, Numerator, Denominator, Denominator Exceptions, and Measure Populations"/>
      <component typeCode="COMP">
        <initialPopulationCriteria classCode="OBS" moodCode="EVN" isCriterionInd="true">
          <id root="c75181d0-73eb-11de-8a39-0800200c9a66" extension="C5390426-BD1A-4396-8ACE-8861382D1F20"/>
          <code codeSystem="2.16.840.1.113883.5.1063" codeSystemName="HL7 Observation Value" code="IPP">
            <displayName value="Initial Patient Population"/>
          </code>
          <precondition typeCode="PRCN">
            <allTrue>
              <id/>
              <precondition typeCode="PRCN">
                <criteriaReference moodCode="EVN" classCode="OBS">
                  <id root="2.16.840.1.113883.3.100.1" extension="PatientCharacteristicBirthdateBirthDate_precondition_1"/>
                </criteriaReference>
              </precondition>
              <precondition typeCode="PRCN">
                <criteriaReference moodCode="EVN" classCode="OBS">
                  <id root="2.16.840.1.113883.3.100.1" extension="PatientCharacteristicBirthdateBirthDate_precondition_3"/>
                </criteriaReference>
              </precondition>
              <precondition typeCode="PRCN">
                <atLeastOneTrue>
                  <id/>
                  <precondition typeCode="PRCN">
                    <criteriaReference moodCode="EVN" classCode="ENC">
                      <id root="2.16.840.1.113883.3.100.1" extension="EncounterPerformedFaceToFaceInteraction_precondition_5"/>
                    </criteriaReference>
                  </precondition>
                  <precondition typeCode="PRCN">
                    <criteriaReference moodCode="EVN" classCode="ENC">
                      <id root="2.16.840.1.113883.3.100.1" extension="EncounterPerformedPreventiveCareEstablishedOfficeVisit0To17_precondition_7"/>
                    </criteriaReference>
                  </precondition>
                  <precondition typeCode="PRCN">
                    <criteriaReference moodCode="EVN" classCode="ENC">
                      <id root="2.16.840.1.113883.3.100.1" extension="EncounterPerformedPreventiveCareInitialOfficeVisit0To17_precondition_9"/>
                    </criteriaReference>
                  </precondition>
                  <precondition typeCode="PRCN">
                    <criteriaReference moodCode="EVN" classCode="ENC">
                      <id root="2.16.840.1.113883.3.100.1" extension="EncounterPerformedPreventiveCareServicesEstablishedOfficeVisit18AndUp_precondition_11"/>
                    </criteriaReference>
                  </precondition>
                  <precondition typeCode="PRCN">
                    <criteriaReference moodCode="EVN" classCode="ENC">
                      <id root="2.16.840.1.113883.3.100.1" extension="EncounterPerformedPreventiveCareServicesInitialOfficeVisit18AndUp_precondition_13"/>
                    </criteriaReference>
                  </precondition>
                  <precondition typeCode="PRCN">
                    <criteriaReference moodCode="EVN" classCode="ENC">
                      <id root="2.16.840.1.113883.3.100.1" extension="EncounterPerformedOfficeVisit_precondition_15"/>
                    </criteriaReference>
                  </precondition>
                  <precondition typeCode="PRCN">
                    <criteriaReference moodCode="EVN" classCode="ENC">
                      <id root="2.16.840.1.113883.3.100.1" extension="EncounterPerformedClinicalOralEvaluation_precondition_17"/>
                    </criteriaReference>
                  </precondition>
                </atLeastOneTrue>
              </precondition>
            </allTrue>
          </precondition>
        </initialPopulationCriteria>
      </component>
      <component typeCode="COMP">
        <denominatorCriteria classCode="OBS" moodCode="EVN" isCriterionInd="true">
          <id root="c75181d0-73eb-11de-8a39-0800200c9a66" extension="8CE4B09D-AF4B-44B0-A1D8-3F98D66DD4CF"/>
          <code codeSystem="2.16.840.1.113883.5.1063" codeSystemName="HL7 Observation Value" code="DENOM">
            <displayName value="Denominator"/>
          </code>
          <precondition typeCode="PRCN" nullFlavor="NA">
            <allTrue>
              <id/>
            </allTrue>
          </precondition>
        </denominatorCriteria>
      </component>
      <component typeCode="COMP">
        <numeratorCriteria classCode="OBS" moodCode="EVN" isCriterionInd="true">
          <id root="c75181d0-73eb-11de-8a39-0800200c9a66" extension="3F3B5FF7-2527-4F8E-8FF9-15E593C618C4"/>
          <code codeSystem="2.16.840.1.113883.5.1063" codeSystemName="HL7 Observation Value" code="NUMER">
            <displayName value="Numerator"/>
          </code>
          <precondition typeCode="PRCN">
            <allTrue>
              <id/>
              <precondition typeCode="PRCN">
                <criteriaReference moodCode="EVN" classCode="PROC">
                  <id root="2.16.840.1.113883.3.100.1" extension="ProcedurePerformedFluorideVarnishApplicationForChildren_precondition_23"/>
                </criteriaReference>
              </precondition>
            </allTrue>
          </precondition>
        </numeratorCriteria>
      </component>
    </populationCriteriaSection>
  </component>
  <component>
    <populationCriteriaSection>
      <templateId>
        <item root="2.16.840.1.113883.3.100.1.2" identifierName="Stratified" controlInformationRoot="40280381-3E93-D1AF-013E-E72A14EC22D9"/>
      </templateId>
      <id root="2.16.840.1.113883.3.100.1" extension="Population2"/>
      <code code="57026-7" codeSystem="2.16.840.1.113883.6.1"/>
      <title value="Population 2"/>
      <text value="This section describes the Initial Patient Population, Numerator, Denominator, Denominator Exceptions, and Measure Populations"/>
      <component typeCode="COMP">
        <initialPopulationCriteria classCode="OBS" moodCode="EVN" isCriterionInd="true">
          <id root="c75181d0-73eb-11de-8a39-0800200c9a66" extension="C5390426-BD1A-4396-8ACE-8861382D1F20"/>
          <code codeSystem="2.16.840.1.113883.5.1063" codeSystemName="HL7 Observation Value" code="IPP">
            <displayName value="Initial Patient Population"/>
          </code>
          <precondition typeCode="PRCN">
            <allTrue>
              <id/>
              <precondition typeCode="PRCN">
                <criteriaReference moodCode="EVN" classCode="OBS">
                  <id root="2.16.840.1.113883.3.100.1" extension="PatientCharacteristicBirthdateBirthDate_precondition_1"/>
                </criteriaReference>
              </precondition>
              <precondition typeCode="PRCN">
                <criteriaReference moodCode="EVN" classCode="OBS">
                  <id root="2.16.840.1.113883.3.100.1" extension="PatientCharacteristicBirthdateBirthDate_precondition_3"/>
                </criteriaReference>
              </precondition>
              <precondition typeCode="PRCN">
                <atLeastOneTrue>
                  <id/>
                  <precondition typeCode="PRCN">
                    <criteriaReference moodCode="EVN" classCode="ENC">
                      <id root="2.16.840.1.113883.3.100.1" extension="EncounterPerformedFaceToFaceInteraction_precondition_5"/>
                    </criteriaReference>
                  </precondition>
                  <precondition typeCode="PRCN">
                    <criteriaReference moodCode="EVN" classCode="ENC">
                      <id root="2.16.840.1.113883.3.100.1" extension="EncounterPerformedPreventiveCareEstablishedOfficeVisit0To17_precondition_7"/>
                    </criteriaReference>
                  </precondition>
                  <precondition typeCode="PRCN">
                    <criteriaReference moodCode="EVN" classCode="ENC">
                      <id root="2.16.840.1.113883.3.100.1" extension="EncounterPerformedPreventiveCareInitialOfficeVisit0To17_precondition_9"/>
                    </criteriaReference>
                  </precondition>
                  <precondition typeCode="PRCN">
                    <criteriaReference moodCode="EVN" classCode="ENC">
                      <id root="2.16.840.1.113883.3.100.1" extension="EncounterPerformedPreventiveCareServicesEstablishedOfficeVisit18AndUp_precondition_11"/>
                    </criteriaReference>
                  </precondition>
                  <precondition typeCode="PRCN">
                    <criteriaReference moodCode="EVN" classCode="ENC">
                      <id root="2.16.840.1.113883.3.100.1" extension="EncounterPerformedPreventiveCareServicesInitialOfficeVisit18AndUp_precondition_13"/>
                    </criteriaReference>
                  </precondition>
                  <precondition typeCode="PRCN">
                    <criteriaReference moodCode="EVN" classCode="ENC">
                      <id root="2.16.840.1.113883.3.100.1" extension="EncounterPerformedOfficeVisit_precondition_15"/>
                    </criteriaReference>
                  </precondition>
                  <precondition typeCode="PRCN">
                    <criteriaReference moodCode="EVN" classCode="ENC">
                      <id root="2.16.840.1.113883.3.100.1" extension="EncounterPerformedClinicalOralEvaluation_precondition_17"/>
                    </criteriaReference>
                  </precondition>
                </atLeastOneTrue>
              </precondition>
            </allTrue>
          </precondition>
        </initialPopulationCriteria>
      </component>
      <component typeCode="COMP">
        <denominatorCriteria classCode="OBS" moodCode="EVN" isCriterionInd="true">
          <id root="c75181d0-73eb-11de-8a39-0800200c9a66" extension="8CE4B09D-AF4B-44B0-A1D8-3F98D66DD4CF"/>
          <code codeSystem="2.16.840.1.113883.5.1063" codeSystemName="HL7 Observation Value" code="DENOM">
            <displayName value="Denominator"/>
          </code>
          <precondition typeCode="PRCN" nullFlavor="NA">
            <allTrue>
              <id/>
            </allTrue>
          </precondition>
        </denominatorCriteria>
      </component>
      <component typeCode="COMP">
        <numeratorCriteria classCode="OBS" moodCode="EVN" isCriterionInd="true">
          <id root="c75181d0-73eb-11de-8a39-0800200c9a66" extension="3F3B5FF7-2527-4F8E-8FF9-15E593C618C4"/>
          <code codeSystem="2.16.840.1.113883.5.1063" codeSystemName="HL7 Observation Value" code="NUMER">
            <displayName value="Numerator"/>
          </code>
          <precondition typeCode="PRCN">
            <allTrue>
              <id/>
              <precondition typeCode="PRCN">
                <criteriaReference moodCode="EVN" classCode="PROC">
                  <id root="2.16.840.1.113883.3.100.1" extension="ProcedurePerformedFluorideVarnishApplicationForChildren_precondition_23"/>
                </criteriaReference>
              </precondition>
            </allTrue>
          </precondition>
        </numeratorCriteria>
      </component>
      <component typeCode="COMP">
        <stratifierCriteria classCode="OBS" moodCode="EVN" isCriterionInd="true">
          <id root="c75181d0-73eb-11de-8a39-0800200c9a66" extension="40280381-3E93-D1AF-013E-E72A14EC22D9"/>
          <code codeSystem="2.16.840.1.113883.5.1063" codeSystemName="HL7 Observation Value" code="STRAT">
            <displayName value=""/>
          </code>
          <precondition typeCode="PRCN">
            <allTrue>
              <id/>
              <precondition typeCode="PRCN">
                <criteriaReference moodCode="EVN" classCode="OBS">
                  <id root="2.16.840.1.113883.3.100.1" extension="PatientCharacteristicBirthdateBirthDate_precondition_26"/>
                </criteriaReference>
              </precondition>
            </allTrue>
          </precondition>
        </stratifierCriteria>
      </component>
    </populationCriteriaSection>
  </component>
  <component>
    <populationCriteriaSection>
      <templateId>
        <item root="2.16.840.1.113883.3.100.1.2" identifierName="Stratified" controlInformationRoot="40280381-3E93-D1AF-013E-E72A164322DB"/>
      </templateId>
      <id root="2.16.840.1.113883.3.100.1" extension="Population3"/>
      <code code="57026-7" codeSystem="2.16.840.1.113883.6.1"/>
      <title value="Population 3"/>
      <text value="This section describes the Initial Patient Population, Numerator, Denominator, Denominator Exceptions, and Measure Populations"/>
      <component typeCode="COMP">
        <initialPopulationCriteria classCode="OBS" moodCode="EVN" isCriterionInd="true">
          <id root="c75181d0-73eb-11de-8a39-0800200c9a66" extension="C5390426-BD1A-4396-8ACE-8861382D1F20"/>
          <code codeSystem="2.16.840.1.113883.5.1063" codeSystemName="HL7 Observation Value" code="IPP">
            <displayName value="Initial Patient Population"/>
          </code>
          <precondition typeCode="PRCN">
            <allTrue>
              <id/>
              <precondition typeCode="PRCN">
                <criteriaReference moodCode="EVN" classCode="OBS">
                  <id root="2.16.840.1.113883.3.100.1" extension="PatientCharacteristicBirthdateBirthDate_precondition_1"/>
                </criteriaReference>
              </precondition>
              <precondition typeCode="PRCN">
                <criteriaReference moodCode="EVN" classCode="OBS">
                  <id root="2.16.840.1.113883.3.100.1" extension="PatientCharacteristicBirthdateBirthDate_precondition_3"/>
                </criteriaReference>
              </precondition>
              <precondition typeCode="PRCN">
                <atLeastOneTrue>
                  <id/>
                  <precondition typeCode="PRCN">
                    <criteriaReference moodCode="EVN" classCode="ENC">
                      <id root="2.16.840.1.113883.3.100.1" extension="EncounterPerformedFaceToFaceInteraction_precondition_5"/>
                    </criteriaReference>
                  </precondition>
                  <precondition typeCode="PRCN">
                    <criteriaReference moodCode="EVN" classCode="ENC">
                      <id root="2.16.840.1.113883.3.100.1" extension="EncounterPerformedPreventiveCareEstablishedOfficeVisit0To17_precondition_7"/>
                    </criteriaReference>
                  </precondition>
                  <precondition typeCode="PRCN">
                    <criteriaReference moodCode="EVN" classCode="ENC">
                      <id root="2.16.840.1.113883.3.100.1" extension="EncounterPerformedPreventiveCareInitialOfficeVisit0To17_precondition_9"/>
                    </criteriaReference>
                  </precondition>
                  <precondition typeCode="PRCN">
                    <criteriaReference moodCode="EVN" classCode="ENC">
                      <id root="2.16.840.1.113883.3.100.1" extension="EncounterPerformedPreventiveCareServicesEstablishedOfficeVisit18AndUp_precondition_11"/>
                    </criteriaReference>
                  </precondition>
                  <precondition typeCode="PRCN">
                    <criteriaReference moodCode="EVN" classCode="ENC">
                      <id root="2.16.840.1.113883.3.100.1" extension="EncounterPerformedPreventiveCareServicesInitialOfficeVisit18AndUp_precondition_13"/>
                    </criteriaReference>
                  </precondition>
                  <precondition typeCode="PRCN">
                    <criteriaReference moodCode="EVN" classCode="ENC">
                      <id root="2.16.840.1.113883.3.100.1" extension="EncounterPerformedOfficeVisit_precondition_15"/>
                    </criteriaReference>
                  </precondition>
                  <precondition typeCode="PRCN">
                    <criteriaReference moodCode="EVN" classCode="ENC">
                      <id root="2.16.840.1.113883.3.100.1" extension="EncounterPerformedClinicalOralEvaluation_precondition_17"/>
                    </criteriaReference>
                  </precondition>
                </atLeastOneTrue>
              </precondition>
            </allTrue>
          </precondition>
        </initialPopulationCriteria>
      </component>
      <component typeCode="COMP">
        <denominatorCriteria classCode="OBS" moodCode="EVN" isCriterionInd="true">
          <id root="c75181d0-73eb-11de-8a39-0800200c9a66" extension="8CE4B09D-AF4B-44B0-A1D8-3F98D66DD4CF"/>
          <code codeSystem="2.16.840.1.113883.5.1063" codeSystemName="HL7 Observation Value" code="DENOM">
            <displayName value="Denominator"/>
          </code>
          <precondition typeCode="PRCN" nullFlavor="NA">
            <allTrue>
              <id/>
            </allTrue>
          </precondition>
        </denominatorCriteria>
      </component>
      <component typeCode="COMP">
        <numeratorCriteria classCode="OBS" moodCode="EVN" isCriterionInd="true">
          <id root="c75181d0-73eb-11de-8a39-0800200c9a66" extension="3F3B5FF7-2527-4F8E-8FF9-15E593C618C4"/>
          <code codeSystem="2.16.840.1.113883.5.1063" codeSystemName="HL7 Observation Value" code="NUMER">
            <displayName value="Numerator"/>
          </code>
          <precondition typeCode="PRCN">
            <allTrue>
              <id/>
              <precondition typeCode="PRCN">
                <criteriaReference moodCode="EVN" classCode="PROC">
                  <id root="2.16.840.1.113883.3.100.1" extension="ProcedurePerformedFluorideVarnishApplicationForChildren_precondition_23"/>
                </criteriaReference>
              </precondition>
            </allTrue>
          </precondition>
        </numeratorCriteria>
      </component>
      <component typeCode="COMP">
        <stratifierCriteria classCode="OBS" moodCode="EVN" isCriterionInd="true">
          <id root="c75181d0-73eb-11de-8a39-0800200c9a66" extension="40280381-3E93-D1AF-013E-E72A164322DB"/>
          <code codeSystem="2.16.840.1.113883.5.1063" codeSystemName="HL7 Observation Value" code="STRAT">
            <displayName value=""/>
          </code>
          <precondition typeCode="PRCN">
            <allTrue>
              <id/>
              <precondition typeCode="PRCN">
                <criteriaReference moodCode="EVN" classCode="OBS">
                  <id root="2.16.840.1.113883.3.100.1" extension="PatientCharacteristicBirthdateBirthDate_precondition_29"/>
                </criteriaReference>
              </precondition>
              <precondition typeCode="PRCN">
                <criteriaReference moodCode="EVN" classCode="OBS">
                  <id root="2.16.840.1.113883.3.100.1" extension="PatientCharacteristicBirthdateBirthDate_precondition_31"/>
                </criteriaReference>
              </precondition>
            </allTrue>
          </precondition>
        </stratifierCriteria>
      </component>
    </populationCriteriaSection>
  </component>
  <component>
    <populationCriteriaSection>
      <templateId>
        <item root="2.16.840.1.113883.3.100.1.2" identifierName="Stratified" controlInformationRoot="40280381-3E93-D1AF-013E-E72A179D22DD"/>
      </templateId>
      <id root="2.16.840.1.113883.3.100.1" extension="Population4"/>
      <code code="57026-7" codeSystem="2.16.840.1.113883.6.1"/>
      <title value="Population 4"/>
      <text value="This section describes the Initial Patient Population, Numerator, Denominator, Denominator Exceptions, and Measure Populations"/>
      <component typeCode="COMP">
        <initialPopulationCriteria classCode="OBS" moodCode="EVN" isCriterionInd="true">
          <id root="c75181d0-73eb-11de-8a39-0800200c9a66" extension="C5390426-BD1A-4396-8ACE-8861382D1F20"/>
          <code codeSystem="2.16.840.1.113883.5.1063" codeSystemName="HL7 Observation Value" code="IPP">
            <displayName value="Initial Patient Population"/>
          </code>
          <precondition typeCode="PRCN">
            <allTrue>
              <id/>
              <precondition typeCode="PRCN">
                <criteriaReference moodCode="EVN" classCode="OBS">
                  <id root="2.16.840.1.113883.3.100.1" extension="PatientCharacteristicBirthdateBirthDate_precondition_1"/>
                </criteriaReference>
              </precondition>
              <precondition typeCode="PRCN">
                <criteriaReference moodCode="EVN" classCode="OBS">
                  <id root="2.16.840.1.113883.3.100.1" extension="PatientCharacteristicBirthdateBirthDate_precondition_3"/>
                </criteriaReference>
              </precondition>
              <precondition typeCode="PRCN">
                <atLeastOneTrue>
                  <id/>
                  <precondition typeCode="PRCN">
                    <criteriaReference moodCode="EVN" classCode="ENC">
                      <id root="2.16.840.1.113883.3.100.1" extension="EncounterPerformedFaceToFaceInteraction_precondition_5"/>
                    </criteriaReference>
                  </precondition>
                  <precondition typeCode="PRCN">
                    <criteriaReference moodCode="EVN" classCode="ENC">
                      <id root="2.16.840.1.113883.3.100.1" extension="EncounterPerformedPreventiveCareEstablishedOfficeVisit0To17_precondition_7"/>
                    </criteriaReference>
                  </precondition>
                  <precondition typeCode="PRCN">
                    <criteriaReference moodCode="EVN" classCode="ENC">
                      <id root="2.16.840.1.113883.3.100.1" extension="EncounterPerformedPreventiveCareInitialOfficeVisit0To17_precondition_9"/>
                    </criteriaReference>
                  </precondition>
                  <precondition typeCode="PRCN">
                    <criteriaReference moodCode="EVN" classCode="ENC">
                      <id root="2.16.840.1.113883.3.100.1" extension="EncounterPerformedPreventiveCareServicesEstablishedOfficeVisit18AndUp_precondition_11"/>
                    </criteriaReference>
                  </precondition>
                  <precondition typeCode="PRCN">
                    <criteriaReference moodCode="EVN" classCode="ENC">
                      <id root="2.16.840.1.113883.3.100.1" extension="EncounterPerformedPreventiveCareServicesInitialOfficeVisit18AndUp_precondition_13"/>
                    </criteriaReference>
                  </precondition>
                  <precondition typeCode="PRCN">
                    <criteriaReference moodCode="EVN" classCode="ENC">
                      <id root="2.16.840.1.113883.3.100.1" extension="EncounterPerformedOfficeVisit_precondition_15"/>
                    </criteriaReference>
                  </precondition>
                  <precondition typeCode="PRCN">
                    <criteriaReference moodCode="EVN" classCode="ENC">
                      <id root="2.16.840.1.113883.3.100.1" extension="EncounterPerformedClinicalOralEvaluation_precondition_17"/>
                    </criteriaReference>
                  </precondition>
                </atLeastOneTrue>
              </precondition>
            </allTrue>
          </precondition>
        </initialPopulationCriteria>
      </component>
      <component typeCode="COMP">
        <denominatorCriteria classCode="OBS" moodCode="EVN" isCriterionInd="true">
          <id root="c75181d0-73eb-11de-8a39-0800200c9a66" extension="8CE4B09D-AF4B-44B0-A1D8-3F98D66DD4CF"/>
          <code codeSystem="2.16.840.1.113883.5.1063" codeSystemName="HL7 Observation Value" code="DENOM">
            <displayName value="Denominator"/>
          </code>
          <precondition typeCode="PRCN" nullFlavor="NA">
            <allTrue>
              <id/>
            </allTrue>
          </precondition>
        </denominatorCriteria>
      </component>
      <component typeCode="COMP">
        <numeratorCriteria classCode="OBS" moodCode="EVN" isCriterionInd="true">
          <id root="c75181d0-73eb-11de-8a39-0800200c9a66" extension="3F3B5FF7-2527-4F8E-8FF9-15E593C618C4"/>
          <code codeSystem="2.16.840.1.113883.5.1063" codeSystemName="HL7 Observation Value" code="NUMER">
            <displayName value="Numerator"/>
          </code>
          <precondition typeCode="PRCN">
            <allTrue>
              <id/>
              <precondition typeCode="PRCN">
                <criteriaReference moodCode="EVN" classCode="PROC">
                  <id root="2.16.840.1.113883.3.100.1" extension="ProcedurePerformedFluorideVarnishApplicationForChildren_precondition_23"/>
                </criteriaReference>
              </precondition>
            </allTrue>
          </precondition>
        </numeratorCriteria>
      </component>
      <component typeCode="COMP">
        <stratifierCriteria classCode="OBS" moodCode="EVN" isCriterionInd="true">
          <id root="c75181d0-73eb-11de-8a39-0800200c9a66" extension="40280381-3E93-D1AF-013E-E72A179D22DD"/>
          <code codeSystem="2.16.840.1.113883.5.1063" codeSystemName="HL7 Observation Value" code="STRAT">
            <displayName value=""/>
          </code>
          <precondition typeCode="PRCN">
            <allTrue>
              <id/>
              <precondition typeCode="PRCN">
                <criteriaReference moodCode="EVN" classCode="OBS">
                  <id root="2.16.840.1.113883.3.100.1" extension="PatientCharacteristicBirthdateBirthDate_precondition_34"/>
                </criteriaReference>
              </precondition>
              <precondition typeCode="PRCN">
                <criteriaReference moodCode="EVN" classCode="OBS">
                  <id root="2.16.840.1.113883.3.100.1" extension="PatientCharacteristicBirthdateBirthDate_precondition_36"/>
                </criteriaReference>
              </precondition>
            </allTrue>
          </precondition>
        </stratifierCriteria>
      </component>
    </populationCriteriaSection>
  </component>
</QualityMeasureDocument>
