<?xml version="1.0" encoding="utf-8"?>
<QualityMeasureDocument xmlns="urn:hl7-org:v3" xmlns:xsi="http://www.w3.org/2001/XMLSchema-instance" xmlns:qdm="urn:hhs-qdm:hqmf-r2-extensions:v1">
  <typeId root="2.16.840.1.113883.1.3" extension="POQM_MT000001UV03"/>
  <templateId>
    <item root="2.16.840.1.113883.10.20.28.1.1"/>
  </templateId>
  <id root="2.16.840.1.113883.3.100.1" extension="40280381-4555-E1C1-0145-CD2ED45C3A9E"/>
  <code code="57024-2" codeSystem="2.16.840.1.113883.6.1"/>
  <title value="HIV/AIDS: RNA Control for Patients with HIV"/>
  <text value="Percentage of patients aged 13 years and older with a diagnosis of HIV/AIDS, with at least two visits during the measurement year, with at least 90 days between each visit, whose most recent HIV RNA level is &lt;200 copies/mL."/>
  <statusCode code="completed"/>
  <setId root="2.16.840.1.113883.3.100.1" extension="E0A07809-7B74-473F-BCC4-1891BE506AAA"/>
  <versionNumber value="3"/>
  <author typeCode="AUT">
    <responsibleParty classCode="ASSIGNED"/>
  </author>
  <custodian typeCode="CST">
    <responsibleParty classCode="ASSIGNED"/>
  </custodian>
  <controlVariable>
    <measurePeriod>
      <code code="MSRTP" codeSystem="2.16.840.1.113883.3.560">
        <displayName value="Measurement period"/>
      </code>
      <value xsi:type="PIVL_TS">
        <phase lowClosed="true" highClosed="true">
          <low value="201201010000"/>
          <high value="201212312359"/>
          <width xsi:type="PQ" value="1" unit="a"/>
        </phase>
      </value>
    </measurePeriod>
  </controlVariable>
  <subjectOf>
    <measureAttribute classCode="OBS" moodCode="EVN">
      <code nullFlavor="OTH">
        <originalText value="Finalized Date/Time"/>
      </code>
      <value xsi:type="ANY" flavorId="ANY.NONNULL"/>
    </measureAttribute>
  </subjectOf>
  <subjectOf>
    <measureAttribute classCode="OBS" moodCode="EVN">
      <code codeSystem="2.16.840.1.113883.5.4" code="COPY">
        <displayName value="Copyright"/>
      </code>
      <value xsi:type="ED" mediaType="text/plain" value="Limited proprietary coding is contained in the Measure specifications for user convenience. Users of proprietary code sets should obtain all necessary licenses from the owners of the code sets.    CPT(R) contained in the Measure specifications is copyright 2004-2013 American Medical Association. LOINC(R) copyright 2004-2013 Regenstrief Institute, Inc. This material contains SNOMED Clinical Terms(R) (SNOMED CT[R]) copyright 2004-2013 International Health Terminology Standards Development Organisation. ICD-10 copyright 2013 World Health Organization. All Rights Reserved."/>
    </measureAttribute>
  </subjectOf>
  <subjectOf>
    <measureAttribute classCode="OBS" moodCode="EVN">
      <code codeSystem="2.16.840.1.113883.5.4" code="MSRSCORE">
        <displayName value="Measure Scoring"/>
      </code>
      <value xsi:type="CD" codeSystem="2.16.840.1.113883.1.11.20367" code="PROPOR">
        <displayName value="Proportion"/>
      </value>
    </measureAttribute>
  </subjectOf>
  <subjectOf>
    <measureAttribute classCode="OBS" moodCode="EVN">
      <code codeSystem="2.16.840.1.113883.5.4" code="MSRTYPE">
        <displayName value="Measure Type"/>
      </code>
      <value xsi:type="CD" codeSystem="2.16.840.1.113883.1.11.20368" code="OUTCOME">
        <displayName value="Outcome"/>
      </value>
    </measureAttribute>
  </subjectOf>
  <subjectOf>
    <measureAttribute classCode="OBS" moodCode="EVN">
      <code codeSystem="2.16.840.1.113883.5.4" code="STRAT">
        <displayName value="Stratification"/>
      </code>
      <value xsi:type="ED" mediaType="text/plain" value="None"/>
    </measureAttribute>
  </subjectOf>
  <subjectOf>
    <measureAttribute classCode="OBS" moodCode="EVN">
      <code codeSystem="2.16.840.1.113883.5.4" code="MSRADJ">
        <displayName value="Risk Adjustment"/>
      </code>
      <value xsi:type="ED" mediaType="text/plain" value="None"/>
    </measureAttribute>
  </subjectOf>
  <subjectOf>
    <measureAttribute classCode="OBS" moodCode="EVN">
      <code codeSystem="2.16.840.1.113883.5.4" code="MSRAGG">
        <displayName value="Rate Aggregation"/>
      </code>
      <value xsi:type="ED" mediaType="text/plain" value="Not Applicable"/>
    </measureAttribute>
  </subjectOf>
  <subjectOf>
    <measureAttribute classCode="OBS" moodCode="EVN">
      <code codeSystem="2.16.840.1.113883.5.4" code="RAT">
        <displayName value="Rationale"/>
      </code>
      <value xsi:type="ED" mediaType="text/plain" value="TBD"/>
    </measureAttribute>
  </subjectOf>
  <subjectOf>
    <measureAttribute classCode="OBS" moodCode="EVN">
      <code codeSystem="2.16.840.1.113883.3.560" code="CRS">
        <displayName value="Clinical Recommendation Statement"/>
      </code>
      <value xsi:type="ED" mediaType="text/plain" value="TBD"/>
    </measureAttribute>
  </subjectOf>
  <subjectOf>
    <measureAttribute classCode="OBS" moodCode="EVN">
      <code codeSystem="2.16.840.1.113883.3.560" code="IDUR">
        <displayName value="Improvement Notation"/>
      </code>
      <value xsi:type="ED" mediaType="text/plain" value="A higher score indicates better quality"/>
    </measureAttribute>
  </subjectOf>
  <subjectOf>
    <measureAttribute classCode="OBS" moodCode="EVN">
      <code nullFlavor="OTH">
        <originalText value="NQF ID Number"/>
      </code>
      <value xsi:type="II" root="2.16.840.1.113883.3.560.1" extension="Not Applicable"/>
    </measureAttribute>
  </subjectOf>
  <subjectOf>
    <measureAttribute classCode="OBS" moodCode="EVN">
      <code codeSystem="2.16.840.1.113883.5.4" code="DISC">
        <displayName value="Disclaimer"/>
        <originalText value="Disclaimer"/>
      </code>
      <value xsi:type="ED" mediaType="text/plain" value="These performance Measures are not clinical guidelines and do not establish a standard of medical care, and have not been tested for all potential applications.  THE MEASURES AND SPECIFICATIONS ARE PROVIDED “AS IS” WITHOUT WARRANTY OF ANY KIND.  Due to technical limitations, registered trademarks are indicated by (R) or [R] and unregistered trademarks are indicated by (TM) or [TM]."/>
    </measureAttribute>
  </subjectOf>
  <subjectOf>
    <measureAttribute classCode="OBS" moodCode="EVN">
      <code nullFlavor="OTH">
        <originalText value="eMeasure Identifier"/>
      </code>
      <value xsi:type="ED" mediaType="text/plain" value="77"/>
    </measureAttribute>
  </subjectOf>
  <subjectOf>
    <measureAttribute classCode="OBS" moodCode="EVN">
      <code codeSystem="2.16.840.1.113883.5.4" code="REF">
        <displayName value="Reference"/>
      </code>
      <value xsi:type="ED" mediaType="text/plain" value="None"/>
    </measureAttribute>
  </subjectOf>
  <subjectOf>
    <measureAttribute classCode="OBS" moodCode="EVN">
      <code codeSystem="2.16.840.1.113883.3.560" code="DEF">
        <displayName value="Definition"/>
      </code>
      <value xsi:type="ED" mediaType="text/plain" value="None"/>
    </measureAttribute>
  </subjectOf>
  <subjectOf>
    <measureAttribute classCode="OBS" moodCode="EVN">
      <code codeSystem="2.16.840.1.113883.5.4" code="GUIDE">
        <displayName value="Guidance"/>
      </code>
      <value xsi:type="ED" mediaType="text/plain" value="None"/>
    </measureAttribute>
  </subjectOf>
  <subjectOf>
    <measureAttribute classCode="OBS" moodCode="EVN">
      <code nullFlavor="OTH">
        <originalText value="Transmission Format"/>
      </code>
      <value xsi:type="ED" mediaType="text/plain" value="TBD"/>
    </measureAttribute>
  </subjectOf>
  <subjectOf>
    <measureAttribute classCode="OBS" moodCode="EVN">
      <code codeSystem="2.16.840.1.113883.5.1063" code="IPP">
        <originalText value="Initial Patient Population"/>
      </code>
      <value xsi:type="ED" mediaType="text/plain" value="All patients aged 13 years and older with a diagnosis of HIV/AIDS with at least two visits during the measurement year, with at least 90 days between each visit."/>
    </measureAttribute>
  </subjectOf>
  <subjectOf>
    <measureAttribute classCode="OBS" moodCode="EVN">
      <code codeSystem="2.16.840.1.113883.5.1063" code="DENOM">
        <originalText value="Denominator"/>
      </code>
      <value xsi:type="ED" mediaType="text/plain" value="Equals initial patient population"/>
    </measureAttribute>
  </subjectOf>
  <subjectOf>
    <measureAttribute classCode="OBS" moodCode="EVN">
      <code nullFlavor="OTH">
        <originalText value="Denominator Exclusions"/>
      </code>
      <value xsi:type="ED" mediaType="text/plain" value="Not Applicable"/>
    </measureAttribute>
  </subjectOf>
  <subjectOf>
    <measureAttribute classCode="OBS" moodCode="EVN">
      <code codeSystem="2.16.840.1.113883.5.1063" code="NUMER">
        <originalText value="Numerator"/>
      </code>
      <value xsi:type="ED" mediaType="text/plain" value="Patients whose most recent HIV RNA level is &lt;200 copies/mL."/>
    </measureAttribute>
  </subjectOf>
  <subjectOf>
    <measureAttribute classCode="OBS" moodCode="EVN">
      <code nullFlavor="OTH">
        <originalText value="Numerator Exclusions"/>
      </code>
      <value xsi:type="ED" mediaType="text/plain" value="Not Applicable"/>
    </measureAttribute>
  </subjectOf>
  <subjectOf>
    <measureAttribute classCode="OBS" moodCode="EVN">
      <code codeSystem="2.16.840.1.113883.5.1063" code="DENEXCEP">
        <originalText value="Denominator Exceptions"/>
      </code>
      <value xsi:type="ED" mediaType="text/plain" value="None"/>
    </measureAttribute>
  </subjectOf>
  <subjectOf>
    <measureAttribute classCode="OBS" moodCode="EVN">
      <code codeSystem="2.16.840.1.113883.5.1063" code="MSRPOPL">
        <originalText value="Measure Population"/>
      </code>
      <value xsi:type="ED" mediaType="text/plain" value="Not Applicable"/>
    </measureAttribute>
  </subjectOf>
  <subjectOf>
    <measureAttribute classCode="OBS" moodCode="EVN">
      <code nullFlavor="OTH">
        <originalText value="Measure Observations"/>
      </code>
      <value xsi:type="ED" mediaType="text/plain" value="Not Applicable"/>
    </measureAttribute>
  </subjectOf>
  <subjectOf>
    <measureAttribute classCode="OBS" moodCode="EVN">
      <code nullFlavor="OTH">
        <originalText value="Supplemental Data Elements"/>
      </code>
      <value xsi:type="ED" mediaType="text/plain" value="For every patient evaluated by this measure also identify payer, race, ethnicity and sex."/>
    </measureAttribute>
  </subjectOf>
  <component>
    <dataCriteriaSection>
      <templateId>
        <item root="2.16.840.1.113883.10.20.28.2.2"/>
      </templateId>
      <code code="57025-9" codeSystem="2.16.840.1.113883.6.1"/>
      <title value="Data Criteria Section"/>
      <text value="This section describes the data criteria."/>
      <entry typeCode="DRIV">
        <localVariableName value="OccurrenceAOccurrenceAHivVisit1"/>
        <encounterCriteria moodCode="EVN" classCode="ENC">
          <id root="2.16.840.1.113883.3.100.1" extension="OccurrenceAHivVisit1"/>
          <outboundRelationship typeCode="OCCR">
            <localVariableName controlInformationRoot="ENCOUNTER_PERFORMED_HIV_VISIT" controlInformationExtension="A"/>
            <criteriaReference classCode="OBS" moodCode="EVN">
              <id root="2.16.840.1.113883.3.100.1" extension="OccurrenceAHivVisit1"/>
            </criteriaReference>
          </outboundRelationship>
        </encounterCriteria>
      </entry>
      <entry typeCode="DRIV">
        <localVariableName value="EncounterPerformedHivVisit"/>
        <encounterCriteria moodCode="EVN" classCode="ENC">
          <templateId>
            <item root="2.16.840.1.113883.10.20.28.3.5" identifierName="encounter, performed template"/>
          </templateId>
          <id root="2.16.840.1.113883.3.100.1" extension="EncounterPerformedHivVisit"/>
          <code xsi:type="CD" valueSet="2.16.840.1.113883.3.464.1003.101.12.1047">
            <displayName value="HIV Visit"/>
          </code>
          <text value="Encounter, Performed: HIV Visit"/>
          <definition>
            <criteriaReference moodCode="EVN" classCode="ENC">
              <id root="2.16.840.1.113883.3.100.1" extension="encounter"/>
            </criteriaReference>
          </definition>
          <outboundRelationship typeCode="SUBJ">
            <subsetCode code="SOURCE"/>
            <criteriaReference classCode="OBS" moodCode="EVN">
              <id root="2.16.840.1.113883.3.100.1" extension="EncounterPerformedHivVisit"/>
            </criteriaReference>
          </outboundRelationship>
        </encounterCriteria>
      </entry>
      <entry typeCode="DRIV">
        <localVariableName value="LaboratoryTestResultHivViralLoad"/>
        <observationCriteria moodCode="EVN" classCode="OBS">
          <templateId>
            <item root="2.16.840.1.113883.10.20.28.3.4" identifierName="laboratory test, result template"/>
          </templateId>
          <id root="2.16.840.1.113883.3.100.1" extension="LaboratoryTestResultHivViralLoad"/>
          <code xsi:type="CD" valueSet="2.16.840.1.113883.3.464.1003.120.12.1002">
            <displayName value="HIV Viral Load"/>
          </code>
          <text value="Laboratory Test, Result: HIV Viral Load"/>
          <definition>
            <criteriaReference moodCode="EVN" classCode="OBS">
              <id root="2.16.840.1.113883.3.100.1" extension="laboratory_test"/>
            </criteriaReference>
          </definition>
          <outboundRelationship typeCode="SUBJ">
            <subsetCode code="SOURCE"/>
            <criteriaReference classCode="OBS" moodCode="EVN">
              <id root="2.16.840.1.113883.3.100.1" extension="LaboratoryTestResultHivViralLoad"/>
            </criteriaReference>
          </outboundRelationship>
        </observationCriteria>
      </entry>
      <entry typeCode="DRIV">
        <localVariableName value="PatientCharacteristicSexOncAdministrativeSex"/>
        <observationCriteria moodCode="EVN" classCode="OBS">
          <templateId>
            <item root="2.16.840.1.113883.10.20.28.3.55" identifierName="patient characteristic, gender template"/>
          </templateId>
          <id root="2.16.840.1.113883.3.100.1" extension="PatientCharacteristicSexOncAdministrativeSex"/>
          <code xsi:type="CD" valueSet="2.16.840.1.113762.1.4.1">
            <displayName value="ONC Administrative Sex"/>
          </code>
          <text value="Patient Characteristic Sex: ONC Administrative Sex"/>
          <definition>
            <criteriaReference moodCode="EVN" classCode="OBS">
              <id root="2.16.840.1.113883.3.100.1" extension="patient_characteristic_gender"/>
            </criteriaReference>
          </definition>
          <outboundRelationship typeCode="SUBJ">
            <subsetCode code="SOURCE"/>
            <criteriaReference classCode="OBS" moodCode="EVN">
              <id root="2.16.840.1.113883.3.100.1" extension="PatientCharacteristicSexOncAdministrativeSex"/>
            </criteriaReference>
          </outboundRelationship>
        </observationCriteria>
      </entry>
      <entry typeCode="DRIV">
        <localVariableName value="PatientCharacteristicRaceRace"/>
        <observationCriteria moodCode="EVN" classCode="OBS">
          <templateId>
            <item root="2.16.840.1.113883.10.20.28.3.59" identifierName="patient characteristic, race template"/>
          </templateId>
          <id root="2.16.840.1.113883.3.100.1" extension="PatientCharacteristicRaceRace"/>
          <code xsi:type="CD" valueSet="2.16.840.1.114222.4.11.836">
            <displayName value="Race"/>
          </code>
          <text value="Patient Characteristic Race: Race"/>
          <definition>
            <criteriaReference moodCode="EVN" classCode="OBS">
              <id root="2.16.840.1.113883.3.100.1" extension="patient_characteristic_race"/>
            </criteriaReference>
          </definition>
          <outboundRelationship typeCode="SUBJ">
            <subsetCode code="SOURCE"/>
            <criteriaReference classCode="OBS" moodCode="EVN">
              <id root="2.16.840.1.113883.3.100.1" extension="PatientCharacteristicRaceRace"/>
            </criteriaReference>
          </outboundRelationship>
        </observationCriteria>
      </entry>
      <entry typeCode="DRIV">
        <localVariableName value="PatientCharacteristicEthnicityEthnicity"/>
        <observationCriteria moodCode="EVN" classCode="OBS">
          <templateId>
            <item root="2.16.840.1.113883.10.20.28.3.56" identifierName="patient characteristic, ethnicity template"/>
          </templateId>
          <id root="2.16.840.1.113883.3.100.1" extension="PatientCharacteristicEthnicityEthnicity"/>
          <code xsi:type="CD" valueSet="2.16.840.1.114222.4.11.837">
            <displayName value="Ethnicity"/>
          </code>
          <text value="Patient Characteristic Ethnicity: Ethnicity"/>
          <definition>
            <criteriaReference moodCode="EVN" classCode="OBS">
              <id root="2.16.840.1.113883.3.100.1" extension="patient_characteristic_ethnicity"/>
            </criteriaReference>
          </definition>
          <outboundRelationship typeCode="SUBJ">
            <subsetCode code="SOURCE"/>
            <criteriaReference classCode="OBS" moodCode="EVN">
              <id root="2.16.840.1.113883.3.100.1" extension="PatientCharacteristicEthnicityEthnicity"/>
            </criteriaReference>
          </outboundRelationship>
        </observationCriteria>
      </entry>
      <entry typeCode="DRIV">
        <localVariableName value="PatientCharacteristicPayerPayer"/>
        <observationCriteria moodCode="EVN" classCode="OBS">
          <templateId>
            <item root="2.16.840.1.113883.10.20.28.3.58" identifierName="patient characteristic, payer template"/>
          </templateId>
          <id root="2.16.840.1.113883.3.100.1" extension="PatientCharacteristicPayerPayer"/>
          <code xsi:type="CD" valueSet="2.16.840.1.114222.4.11.3591">
            <displayName value="Payer"/>
          </code>
          <text value="Patient Characteristic Payer: Payer"/>
          <definition>
            <criteriaReference moodCode="EVN" classCode="OBS">
              <id root="2.16.840.1.113883.3.100.1" extension="patient_characteristic_payer"/>
            </criteriaReference>
          </definition>
          <outboundRelationship typeCode="SUBJ">
            <subsetCode code="SOURCE"/>
            <criteriaReference classCode="OBS" moodCode="EVN">
              <id root="2.16.840.1.113883.3.100.1" extension="PatientCharacteristicPayerPayer"/>
            </criteriaReference>
          </outboundRelationship>
        </observationCriteria>
      </entry>
      <entry typeCode="DRIV">
        <localVariableName value="PatientCharacteristicBirthdateBirthDate_precondition_4"/>
        <observationCriteria moodCode="EVN" classCode="OBS">
          <templateId>
            <item root="2.16.840.1.113883.10.20.28.3.54" identifierName="patient characteristic, birthdate template"/>
          </templateId>
          <id root="2.16.840.1.113883.3.100.1" extension="PatientCharacteristicBirthdateBirthDate_precondition_4"/>
          <code xsi:type="CD" valueSet="2.16.840.1.113883.3.560.100.4">
            <displayName value="birth date"/>
          </code>
          <text value="Patient Characteristic Birthdate: birth date"/>
          <definition>
            <criteriaReference moodCode="EVN" classCode="OBS">
              <id root="2.16.840.1.113883.3.100.1" extension="patient_characteristic_birthdate"/>
            </criteriaReference>
          </definition>
          <temporallyRelatedInformation typeCode="SBS">
            <qdm:temporalInformation precisionUnit="d">
              <qdm:delta lowClosed="true">
                <low value="13" unit="a"/>
                <high nullFlavor="PINF"/>
              </qdm:delta>
            </qdm:temporalInformation>
            <criteriaReference moodCode="EVN" classCode="OBS">
              <id root="2.16.840.1.113883.3.100.1" extension="MeasurePeriod"/>
            </criteriaReference>
          </temporallyRelatedInformation>
          <outboundRelationship typeCode="SUBJ">
            <subsetCode code="SOURCE"/>
            <criteriaReference classCode="OBS" moodCode="EVN">
              <id root="2.16.840.1.113883.3.100.1" extension="PatientCharacteristicBirthdateBirthDate"/>
            </criteriaReference>
          </outboundRelationship>
        </observationCriteria>
      </entry>
      <entry typeCode="DRIV">
        <localVariableName value="OccurrenceAOccurrenceAHivVisit1_precondition_6"/>
        <encounterCriteria moodCode="EVN" classCode="ENC">
          <id root="2.16.840.1.113883.3.100.1" extension="OccurrenceAHivVisit1_precondition_6"/>
          <temporallyRelatedInformation typeCode="DURING">
            <qdm:temporalInformation precisionUnit="min">
              
            </qdm:temporalInformation>
            <criteriaReference moodCode="EVN" classCode="OBS">
              <id root="2.16.840.1.113883.3.100.1" extension="MeasurePeriod"/>
            </criteriaReference>
          </temporallyRelatedInformation>
          <outboundRelationship typeCode="OCCR">
            <localVariableName controlInformationRoot="ENCOUNTER_PERFORMED_HIV_VISIT" controlInformationExtension="A"/>
            <criteriaReference classCode="OBS" moodCode="EVN">
              <id root="2.16.840.1.113883.3.100.1" extension="OccurrenceAHivVisit1"/>
            </criteriaReference>
          </outboundRelationship>
        </encounterCriteria>
      </entry>
      <entry typeCode="DRIV">
        <localVariableName value="OccurrenceBOccurrenceBHivVisit2_precondition_8"/>
        <encounterCriteria moodCode="EVN" classCode="ENC">
          <id root="2.16.840.1.113883.3.100.1" extension="OccurrenceBHivVisit2_precondition_8"/>
          <temporallyRelatedInformation typeCode="DURING">
            <qdm:temporalInformation precisionUnit="min">
              
            </qdm:temporalInformation>
            <criteriaReference moodCode="EVN" classCode="OBS">
              <id root="2.16.840.1.113883.3.100.1" extension="MeasurePeriod"/>
            </criteriaReference>
          </temporallyRelatedInformation>
          <outboundRelationship typeCode="OCCR">
            <localVariableName controlInformationRoot="ENCOUNTER_PERFORMED_HIV_VISIT" controlInformationExtension="B"/>
            <criteriaReference classCode="OBS" moodCode="EVN">
              <id root="2.16.840.1.113883.3.100.1" extension="OccurrenceBHivVisit2"/>
            </criteriaReference>
          </outboundRelationship>
        </encounterCriteria>
      </entry>
      <entry typeCode="DRIV">
        <localVariableName value="DiagnosisActiveHiv_precondition_10"/>
        <observationCriteria moodCode="EVN" classCode="OBS">
          <templateId>
            <item root="2.16.840.1.113883.10.20.28.3.1" identifierName="diagnosis, active template"/>
          </templateId>
          <id root="2.16.840.1.113883.3.100.1" extension="DiagnosisActiveHiv_precondition_10"/>
          <text value="Diagnosis, Active: HIV"/>
          <statusCode code="active"/>
          <value xsi:type="CD" valueSet="2.16.840.1.113883.3.464.1003.120.12.1003">
            <displayName value="HIV"/>
          </value>
          <definition>
            <criteriaReference moodCode="EVN" classCode="OBS">
              <id root="2.16.840.1.113883.3.100.1" extension="diagnosis"/>
            </criteriaReference>
          </definition>
          <temporallyRelatedInformation typeCode="SBE">
            <qdm:temporalInformation precisionUnit="min">
              
            </qdm:temporalInformation>
            <criteriaReference moodCode="EVN" classCode="OBS">
              <id root="2.16.840.1.113883.3.100.1" extension="MeasurePeriod"/>
            </criteriaReference>
          </temporallyRelatedInformation>
          <outboundRelationship typeCode="SUBJ">
            <subsetCode code="SOURCE"/>
            <criteriaReference classCode="OBS" moodCode="EVN">
              <id root="2.16.840.1.113883.3.100.1" extension="DiagnosisActiveHiv"/>
            </criteriaReference>
          </outboundRelationship>
        </observationCriteria>
      </entry>
      <entry typeCode="DRIV">
        <localVariableName value="OccurrenceBOccurrenceBHivVisit2_precondition_12"/>
        <encounterCriteria moodCode="EVN" classCode="ENC">
          <id root="2.16.840.1.113883.3.100.1" extension="OccurrenceBHivVisit2_precondition_12"/>
          <temporallyRelatedInformation typeCode="SAE">
            <qdm:temporalInformation precisionUnit="d">
              <qdm:delta lowClosed="true">
                <low value="90" unit="d"/>
                <high nullFlavor="PINF"/>
              </qdm:delta>
            </qdm:temporalInformation>
            <criteriaReference moodCode="EVN" classCode="ENC">
              <id root="2.16.840.1.113883.3.100.1" extension="OccurrenceAHivVisit1"/>
            </criteriaReference>
          </temporallyRelatedInformation>
          <outboundRelationship typeCode="OCCR">
            <localVariableName controlInformationRoot="ENCOUNTER_PERFORMED_HIV_VISIT" controlInformationExtension="B"/>
            <criteriaReference classCode="OBS" moodCode="EVN">
              <id root="2.16.840.1.113883.3.100.1" extension="OccurrenceBHivVisit2"/>
            </criteriaReference>
          </outboundRelationship>
        </encounterCriteria>
      </entry>
      <entry typeCode="DRIV">
        <localVariableName value="OccurrenceAOccurrenceAHivViralLoad3_precondition_15"/>
        <observationCriteria moodCode="EVN" classCode="OBS">
          <id root="2.16.840.1.113883.3.100.1" extension="OccurrenceAHivViralLoad3_precondition_15"/>
          <value xsi:type="ANY" flavorId="ANY.NONNULL"/>
          <temporallyRelatedInformation typeCode="DURING">
            <qdm:temporalInformation precisionUnit="min">
              
            </qdm:temporalInformation>
            <criteriaReference moodCode="EVN" classCode="OBS">
              <id root="2.16.840.1.113883.3.100.1" extension="MeasurePeriod"/>
            </criteriaReference>
          </temporallyRelatedInformation>
          <outboundRelationship typeCode="OCCR">
            <localVariableName controlInformationRoot="LABORATORY_TEST_RESULT_HIV_VIRAL_LOAD" controlInformationExtension="A"/>
            <criteriaReference classCode="OBS" moodCode="EVN">
              <id root="2.16.840.1.113883.3.100.1" extension="OccurrenceAHivViralLoad3"/>
            </criteriaReference>
          </outboundRelationship>
          <excerpt typeCode="XCRPT">
            <!-- Subset operator for: RECENT -->
            <qdm:subsetCode code="QDM_LAST"/>
            <observationCriteria moodCode="EVN" classCode="OBS">
              <id root="2.16.840.1.113883.3.100.1" extension="OccurrenceAHivViralLoad3_precondition_15"/>
            </observationCriteria>
          </excerpt>
        </observationCriteria>
      </entry>
      <entry typeCode="DRIV">
        <localVariableName value="OccurrenceAOccurrenceAHivViralLoad3_precondition_18"/>
        <observationCriteria moodCode="EVN" classCode="OBS">
          <id root="2.16.840.1.113883.3.100.1" extension="OccurrenceAHivViralLoad3_precondition_18"/>
          <value xsi:type="IVL_PQ">
            <low nullFlavor="NINF"/>
            <high value="200" unit="[copies]/mL"/>
          </value>
          <outboundRelationship typeCode="OCCR">
            <localVariableName controlInformationRoot="LABORATORY_TEST_RESULT_HIV_VIRAL_LOAD" controlInformationExtension="A"/>
            <criteriaReference classCode="OBS" moodCode="EVN">
              <id root="2.16.840.1.113883.3.100.1" extension="OccurrenceAHivViralLoad3"/>
            </criteriaReference>
          </outboundRelationship>
        </observationCriteria>
      </entry>
      <entry typeCode="DRIV">
        <localVariableName value="PatientCharacteristicBirthdateBirthDate"/>
        <observationCriteria moodCode="EVN" classCode="OBS">
          <templateId>
            <item root="2.16.840.1.113883.10.20.28.3.54" identifierName="patient characteristic, birthdate template"/>
            <item root="2.16.840.1.113883.3.100.1.1" identifierName="Source data criteria template"/>
          </templateId>
          <id root="2.16.840.1.113883.3.100.1" extension="PatientCharacteristicBirthdateBirthDate"/>
          <code xsi:type="CD" valueSet="2.16.840.1.113883.3.560.100.4">
            <displayName value="birth date"/>
          </code>
          <text value="Patient Characteristic Birthdate: birth date"/>
          <definition>
            <criteriaReference moodCode="EVN" classCode="OBS">
              <id root="2.16.840.1.113883.3.100.1" extension="patient_characteristic_birthdate"/>
            </criteriaReference>
          </definition>
          <outboundRelationship typeCode="SUBJ">
            <subsetCode code="SOURCE"/>
            <criteriaReference classCode="OBS" moodCode="EVN">
              <id root="2.16.840.1.113883.3.100.1" extension="PatientCharacteristicBirthdateBirthDate"/>
            </criteriaReference>
          </outboundRelationship>
        </observationCriteria>
      </entry>
      <entry typeCode="DRIV">
        <localVariableName value="DiagnosisActiveHiv"/>
        <observationCriteria moodCode="EVN" classCode="OBS">
          <templateId>
            <item root="2.16.840.1.113883.10.20.28.3.1" identifierName="diagnosis, active template"/>
            <item root="2.16.840.1.113883.3.100.1.1" identifierName="Source data criteria template"/>
          </templateId>
          <id root="2.16.840.1.113883.3.100.1" extension="DiagnosisActiveHiv"/>
          <text value="Diagnosis, Active: HIV"/>
          <statusCode code="active"/>
          <value xsi:type="CD" valueSet="2.16.840.1.113883.3.464.1003.120.12.1003">
            <displayName value="HIV"/>
          </value>
          <definition>
            <criteriaReference moodCode="EVN" classCode="OBS">
              <id root="2.16.840.1.113883.3.100.1" extension="diagnosis"/>
            </criteriaReference>
          </definition>
          <outboundRelationship typeCode="SUBJ">
            <subsetCode code="SOURCE"/>
            <criteriaReference classCode="OBS" moodCode="EVN">
              <id root="2.16.840.1.113883.3.100.1" extension="DiagnosisActiveHiv"/>
            </criteriaReference>
          </outboundRelationship>
        </observationCriteria>
      </entry>
      <entry typeCode="DRIV">
        <localVariableName value="OccurrenceAHivVisit1"/>
        <encounterCriteria moodCode="EVN" classCode="ENC">
          <templateId>
            <item root="2.16.840.1.113883.10.20.28.3.5" identifierName="encounter, performed template"/>
            <item root="2.16.840.1.113883.3.100.1.1" identifierName="Source data criteria template"/>
          </templateId>
          <id root="2.16.840.1.113883.3.100.1" extension="OccurrenceAHivVisit1"/>
          <code xsi:type="CD" valueSet="2.16.840.1.113883.3.464.1003.101.12.1047">
            <displayName value="HIV Visit"/>
          </code>
          <text value="Encounter, Performed: HIV Visit"/>
          <definition>
            <criteriaReference moodCode="EVN" classCode="ENC">
              <id root="2.16.840.1.113883.3.100.1" extension="encounter"/>
            </criteriaReference>
          </definition>
        </encounterCriteria>
      </entry>
      <entry typeCode="DRIV">
        <localVariableName value="OccurrenceBHivVisit2"/>
        <encounterCriteria moodCode="EVN" classCode="ENC">
          <templateId>
            <item root="2.16.840.1.113883.10.20.28.3.5" identifierName="encounter, performed template"/>
            <item root="2.16.840.1.113883.3.100.1.1" identifierName="Source data criteria template"/>
          </templateId>
          <id root="2.16.840.1.113883.3.100.1" extension="OccurrenceBHivVisit2"/>
          <code xsi:type="CD" valueSet="2.16.840.1.113883.3.464.1003.101.12.1047">
            <displayName value="HIV Visit"/>
          </code>
          <text value="Encounter, Performed: HIV Visit"/>
          <definition>
            <criteriaReference moodCode="EVN" classCode="ENC">
              <id root="2.16.840.1.113883.3.100.1" extension="encounter"/>
            </criteriaReference>
          </definition>
        </encounterCriteria>
      </entry>
      <entry typeCode="DRIV">
        <localVariableName value="OccurrenceAHivViralLoad3"/>
        <observationCriteria moodCode="EVN" classCode="OBS">
          <templateId>
            <item root="2.16.840.1.113883.10.20.28.3.4" identifierName="laboratory test, result template"/>
            <item root="2.16.840.1.113883.3.100.1.1" identifierName="Source data criteria template"/>
          </templateId>
          <id root="2.16.840.1.113883.3.100.1" extension="OccurrenceAHivViralLoad3"/>
          <code xsi:type="CD" valueSet="2.16.840.1.113883.3.464.1003.120.12.1002">
            <displayName value="HIV Viral Load"/>
          </code>
          <text value="Laboratory Test, Result: HIV Viral Load"/>
          <definition>
            <criteriaReference moodCode="EVN" classCode="OBS">
              <id root="2.16.840.1.113883.3.100.1" extension="laboratory_test"/>
            </criteriaReference>
          </definition>
        </observationCriteria>
      </entry>
      <entry typeCode="DRIV">
        <localVariableName value="EncounterPerformedHivVisit"/>
        <encounterCriteria moodCode="EVN" classCode="ENC">
          <templateId>
            <item root="2.16.840.1.113883.10.20.28.3.5" identifierName="encounter, performed template"/>
            <item root="2.16.840.1.113883.3.100.1.1" identifierName="Source data criteria template"/>
          </templateId>
          <id root="2.16.840.1.113883.3.100.1" extension="EncounterPerformedHivVisit"/>
          <code xsi:type="CD" valueSet="2.16.840.1.113883.3.464.1003.101.12.1047">
            <displayName value="HIV Visit"/>
          </code>
          <text value="Encounter, Performed: HIV Visit"/>
          <definition>
            <criteriaReference moodCode="EVN" classCode="ENC">
              <id root="2.16.840.1.113883.3.100.1" extension="encounter"/>
            </criteriaReference>
          </definition>
          <outboundRelationship typeCode="SUBJ">
            <subsetCode code="SOURCE"/>
            <criteriaReference classCode="OBS" moodCode="EVN">
              <id root="2.16.840.1.113883.3.100.1" extension="EncounterPerformedHivVisit"/>
            </criteriaReference>
          </outboundRelationship>
        </encounterCriteria>
      </entry>
      <entry typeCode="DRIV">
        <localVariableName value="LaboratoryTestResultHivViralLoad"/>
        <observationCriteria moodCode="EVN" classCode="OBS">
          <templateId>
            <item root="2.16.840.1.113883.10.20.28.3.4" identifierName="laboratory test, result template"/>
            <item root="2.16.840.1.113883.3.100.1.1" identifierName="Source data criteria template"/>
          </templateId>
          <id root="2.16.840.1.113883.3.100.1" extension="LaboratoryTestResultHivViralLoad"/>
          <code xsi:type="CD" valueSet="2.16.840.1.113883.3.464.1003.120.12.1002">
            <displayName value="HIV Viral Load"/>
          </code>
          <text value="Laboratory Test, Result: HIV Viral Load"/>
          <definition>
            <criteriaReference moodCode="EVN" classCode="OBS">
              <id root="2.16.840.1.113883.3.100.1" extension="laboratory_test"/>
            </criteriaReference>
          </definition>
          <outboundRelationship typeCode="SUBJ">
            <subsetCode code="SOURCE"/>
            <criteriaReference classCode="OBS" moodCode="EVN">
              <id root="2.16.840.1.113883.3.100.1" extension="LaboratoryTestResultHivViralLoad"/>
            </criteriaReference>
          </outboundRelationship>
        </observationCriteria>
      </entry>
      <entry typeCode="DRIV">
        <localVariableName value="PatientCharacteristicSexOncAdministrativeSex"/>
        <observationCriteria moodCode="EVN" classCode="OBS">
          <templateId>
            <item root="2.16.840.1.113883.10.20.28.3.55" identifierName="patient characteristic, gender template"/>
            <item root="2.16.840.1.113883.3.100.1.1" identifierName="Source data criteria template"/>
          </templateId>
          <id root="2.16.840.1.113883.3.100.1" extension="PatientCharacteristicSexOncAdministrativeSex"/>
          <code xsi:type="CD" valueSet="2.16.840.1.113762.1.4.1">
            <displayName value="ONC Administrative Sex"/>
          </code>
          <text value="Patient Characteristic Sex: ONC Administrative Sex"/>
          <definition>
            <criteriaReference moodCode="EVN" classCode="OBS">
              <id root="2.16.840.1.113883.3.100.1" extension="patient_characteristic_gender"/>
            </criteriaReference>
          </definition>
          <outboundRelationship typeCode="SUBJ">
            <subsetCode code="SOURCE"/>
            <criteriaReference classCode="OBS" moodCode="EVN">
              <id root="2.16.840.1.113883.3.100.1" extension="PatientCharacteristicSexOncAdministrativeSex"/>
            </criteriaReference>
          </outboundRelationship>
        </observationCriteria>
      </entry>
      <entry typeCode="DRIV">
        <localVariableName value="PatientCharacteristicRaceRace"/>
        <observationCriteria moodCode="EVN" classCode="OBS">
          <templateId>
            <item root="2.16.840.1.113883.10.20.28.3.59" identifierName="patient characteristic, race template"/>
            <item root="2.16.840.1.113883.3.100.1.1" identifierName="Source data criteria template"/>
          </templateId>
          <id root="2.16.840.1.113883.3.100.1" extension="PatientCharacteristicRaceRace"/>
          <code xsi:type="CD" valueSet="2.16.840.1.114222.4.11.836">
            <displayName value="Race"/>
          </code>
          <text value="Patient Characteristic Race: Race"/>
          <definition>
            <criteriaReference moodCode="EVN" classCode="OBS">
              <id root="2.16.840.1.113883.3.100.1" extension="patient_characteristic_race"/>
            </criteriaReference>
          </definition>
          <outboundRelationship typeCode="SUBJ">
            <subsetCode code="SOURCE"/>
            <criteriaReference classCode="OBS" moodCode="EVN">
              <id root="2.16.840.1.113883.3.100.1" extension="PatientCharacteristicRaceRace"/>
            </criteriaReference>
          </outboundRelationship>
        </observationCriteria>
      </entry>
      <entry typeCode="DRIV">
        <localVariableName value="PatientCharacteristicEthnicityEthnicity"/>
        <observationCriteria moodCode="EVN" classCode="OBS">
          <templateId>
            <item root="2.16.840.1.113883.10.20.28.3.56" identifierName="patient characteristic, ethnicity template"/>
            <item root="2.16.840.1.113883.3.100.1.1" identifierName="Source data criteria template"/>
          </templateId>
          <id root="2.16.840.1.113883.3.100.1" extension="PatientCharacteristicEthnicityEthnicity"/>
          <code xsi:type="CD" valueSet="2.16.840.1.114222.4.11.837">
            <displayName value="Ethnicity"/>
          </code>
          <text value="Patient Characteristic Ethnicity: Ethnicity"/>
          <definition>
            <criteriaReference moodCode="EVN" classCode="OBS">
              <id root="2.16.840.1.113883.3.100.1" extension="patient_characteristic_ethnicity"/>
            </criteriaReference>
          </definition>
          <outboundRelationship typeCode="SUBJ">
            <subsetCode code="SOURCE"/>
            <criteriaReference classCode="OBS" moodCode="EVN">
              <id root="2.16.840.1.113883.3.100.1" extension="PatientCharacteristicEthnicityEthnicity"/>
            </criteriaReference>
          </outboundRelationship>
        </observationCriteria>
      </entry>
      <entry typeCode="DRIV">
        <localVariableName value="PatientCharacteristicPayerPayer"/>
        <observationCriteria moodCode="EVN" classCode="OBS">
          <templateId>
            <item root="2.16.840.1.113883.10.20.28.3.58" identifierName="patient characteristic, payer template"/>
            <item root="2.16.840.1.113883.3.100.1.1" identifierName="Source data criteria template"/>
          </templateId>
          <id root="2.16.840.1.113883.3.100.1" extension="PatientCharacteristicPayerPayer"/>
          <code xsi:type="CD" valueSet="2.16.840.1.114222.4.11.3591">
            <displayName value="Payer"/>
          </code>
          <text value="Patient Characteristic Payer: Payer"/>
          <definition>
            <criteriaReference moodCode="EVN" classCode="OBS">
              <id root="2.16.840.1.113883.3.100.1" extension="patient_characteristic_payer"/>
            </criteriaReference>
          </definition>
          <outboundRelationship typeCode="SUBJ">
            <subsetCode code="SOURCE"/>
            <criteriaReference classCode="OBS" moodCode="EVN">
              <id root="2.16.840.1.113883.3.100.1" extension="PatientCharacteristicPayerPayer"/>
            </criteriaReference>
          </outboundRelationship>
        </observationCriteria>
      </entry>
    </dataCriteriaSection>
  </component>
  <component>
    <populationCriteriaSection>
      <templateId>
        <item root="2.16.840.1.113883.10.20.28.2.1"/>
      </templateId>
      <id root="2.16.840.1.113883.3.100.1" extension="Population0"/>
      <code code="57026-7" codeSystem="2.16.840.1.113883.6.1"/>
      <title value=""/>
      <text value="This section describes the Initial Patient Population, Numerator, Denominator, Denominator Exceptions, and Measure Populations"/>
      <component typeCode="COMP">
        <initialPopulationCriteria classCode="OBS" moodCode="EVN" isCriterionInd="true">
          <id root="c75181d0-73eb-11de-8a39-0800200c9a66" extension="2240AF60-8380-4014-A3F1-4ECB2017D9A5"/>
          <code codeSystem="2.16.840.1.113883.5.1063" codeSystemName="HL7 Observation Value" code="IPP">
            <displayName value="Initial Patient Population"/>
          </code>
          <precondition typeCode="PRCN">
            <allTrue>
              <id/>
              <precondition typeCode="PRCN">
                <criteriaReference moodCode="EVN" classCode="OBS">
                  <id root="2.16.840.1.113883.3.100.1" extension="PatientCharacteristicBirthdateBirthDate_precondition_4"/>
                </criteriaReference>
              </precondition>
              <precondition typeCode="PRCN">
                <criteriaReference moodCode="EVN" classCode="ENC">
                  <id root="2.16.840.1.113883.3.100.1" extension="OccurrenceAHivVisit1_precondition_6"/>
                </criteriaReference>
              </precondition>
              <precondition typeCode="PRCN">
                <criteriaReference moodCode="EVN" classCode="ENC">
                  <id root="2.16.840.1.113883.3.100.1" extension="OccurrenceBHivVisit2_precondition_8"/>
                </criteriaReference>
              </precondition>
              <precondition typeCode="PRCN">
                <criteriaReference moodCode="EVN" classCode="OBS">
                  <id root="2.16.840.1.113883.3.100.1" extension="DiagnosisActiveHiv_precondition_10"/>
                </criteriaReference>
              </precondition>
              <precondition typeCode="PRCN">
                <criteriaReference moodCode="EVN" classCode="ENC">
                  <id root="2.16.840.1.113883.3.100.1" extension="OccurrenceBHivVisit2_precondition_12"/>
                </criteriaReference>
              </precondition>
            </allTrue>
          </precondition>
        </initialPopulationCriteria>
      </component>
      <component typeCode="COMP">
        <denominatorCriteria classCode="OBS" moodCode="EVN" isCriterionInd="true">
          <id root="c75181d0-73eb-11de-8a39-0800200c9a66" extension="2ACCE441-FBCE-465E-96B5-F4919F214EBC"/>
          <code codeSystem="2.16.840.1.113883.5.1063" codeSystemName="HL7 Observation Value" code="DENOM">
            <displayName value="Denominator"/>
          </code>
          <precondition typeCode="PRCN" nullFlavor="NA">
            <allTrue>
              <id/>
            </allTrue>
          </precondition>
        </denominatorCriteria>
      </component>
      <component typeCode="COMP">
        <numeratorCriteria classCode="OBS" moodCode="EVN" isCriterionInd="true">
          <id root="c75181d0-73eb-11de-8a39-0800200c9a66" extension="BCA83F76-7FBA-4B70-91DD-ED473B76792E"/>
          <code codeSystem="2.16.840.1.113883.5.1063" codeSystemName="HL7 Observation Value" code="NUMER">
            <displayName value="Numerator"/>
          </code>
          <precondition typeCode="PRCN">
            <allTrue>
              <id/>
              <precondition typeCode="PRCN">
                <criteriaReference moodCode="EVN" classCode="OBS">
                  <id root="2.16.840.1.113883.3.100.1" extension="OccurrenceAHivViralLoad3_precondition_15"/>
                </criteriaReference>
              </precondition>
              <precondition typeCode="PRCN">
                <criteriaReference moodCode="EVN" classCode="OBS">
                  <id root="2.16.840.1.113883.3.100.1" extension="OccurrenceAHivViralLoad3_precondition_18"/>
                </criteriaReference>
              </precondition>
            </allTrue>
          </precondition>
        </numeratorCriteria>
      </component>
    </populationCriteriaSection>
  </component>
</QualityMeasureDocument>
