<?xml version="1.0" encoding="utf-8"?>
<QualityMeasureDocument xmlns="urn:hl7-org:v3" xmlns:xsi="http://www.w3.org/2001/XMLSchema-instance" xmlns:qdm="urn:hhs-qdm:hqmf-r2-extensions:v1">
  <typeId root="2.16.840.1.113883.1.3" extension="POQM_MT000001UV03"/>
  <templateId>
    <item root="2.16.840.1.113883.10.20.28.1.1"/>
  </templateId>
  <id root="2.16.840.1.113883.3.100.1" extension="40280381-43DB-D64C-0144-64E3651A2DCC"/>
  <code code="57024-2" codeSystem="2.16.840.1.113883.6.1"/>
  <title value="Median Admit Decision Time to ED Departure Time for Admitted Patients"/>
  <text value="Median time (in minutes) from admit decision time to time of departure from the emergency department for emergency department patients admitted to inpatient status."/>
  <statusCode code="completed"/>
  <setId root="2.16.840.1.113883.3.100.1" extension="979F21BD-3F93-4CDD-8273-B23DFE9C0513"/>
  <versionNumber value="3"/>
  <author typeCode="AUT">
    <responsibleParty classCode="ASSIGNED"/>
  </author>
  <custodian typeCode="CST">
    <responsibleParty classCode="ASSIGNED"/>
  </custodian>
  <controlVariable>
    <measurePeriod>
      <code code="MSRTP" codeSystem="2.16.840.1.113883.3.560">
        <displayName value="Measurement period"/>
      </code>
      <value xsi:type="PIVL_TS">
        <phase lowClosed="true" highClosed="true">
          <low value="201201010000"/>
          <high value="201212312359"/>
          <width xsi:type="PQ" value="1" unit="a"/>
        </phase>
      </value>
    </measurePeriod>
  </controlVariable>
  <subjectOf>
    <measureAttribute classCode="OBS" moodCode="EVN">
      <code nullFlavor="OTH">
        <originalText value="Finalized Date/Time"/>
      </code>
      <value xsi:type="ANY" flavorId="ANY.NONNULL"/>
    </measureAttribute>
  </subjectOf>
  <subjectOf>
    <measureAttribute classCode="OBS" moodCode="EVN">
      <code codeSystem="2.16.840.1.113883.5.4" code="COPY">
        <displayName value="Copyright"/>
      </code>
      <value xsi:type="ED" mediaType="text/plain" value="Measure specifications are in the Public Domain  LOINC(R) is a registered trademark of the Regenstrief Institute.  This material contains SNOMED Clinical Terms(R) (SNOMED CT(c)) copyright 2004–2010 International Health Terminology Standards Development Organization. All rights reserved."/>
    </measureAttribute>
  </subjectOf>
  <subjectOf>
    <measureAttribute classCode="OBS" moodCode="EVN">
      <code codeSystem="2.16.840.1.113883.5.4" code="MSRSCORE">
        <displayName value="Measure Scoring"/>
      </code>
      <value xsi:type="CD" codeSystem="2.16.840.1.113883.1.11.20367" code="CONTVAR">
        <displayName value="Continuous Variable"/>
      </value>
    </measureAttribute>
  </subjectOf>
  <subjectOf>
    <measureAttribute classCode="OBS" moodCode="EVN">
      <code codeSystem="2.16.840.1.113883.5.4" code="MSRTYPE">
        <displayName value="Measure Type"/>
      </code>
      <value xsi:type="CD" codeSystem="2.16.840.1.113883.1.11.20368" code="PROCESS">
        <displayName value="Process"/>
      </value>
    </measureAttribute>
  </subjectOf>
  <subjectOf>
    <measureAttribute classCode="OBS" moodCode="EVN">
      <code codeSystem="2.16.840.1.113883.5.4" code="STRAT">
        <displayName value="Stratification"/>
      </code>
      <value xsi:type="ED" mediaType="text/plain" value="The measure is stratified.   Stratum 1 - all patients seen in the ED and admitted as an inpatient Stratum 2 - all patients seen in the ED and admitted as an inpatient who do not have a diagnosis consistent with psychiatric/mental health disorders Stratum 3 - all patients seen in the ED and admitted as an inpatient who have a diagnosis consistent with psychiatric/mental health disorders"/>
    </measureAttribute>
  </subjectOf>
  <subjectOf>
    <measureAttribute classCode="OBS" moodCode="EVN">
      <code codeSystem="2.16.840.1.113883.5.4" code="MSRADJ">
        <displayName value="Risk Adjustment"/>
      </code>
      <value xsi:type="ED" mediaType="text/plain" value="None"/>
    </measureAttribute>
  </subjectOf>
  <subjectOf>
    <measureAttribute classCode="OBS" moodCode="EVN">
      <code codeSystem="2.16.840.1.113883.5.4" code="MSRAGG">
        <displayName value="Rate Aggregation"/>
      </code>
      <value xsi:type="ED" mediaType="text/plain" value="Calculate the ED time in minutes for each person in the measure population; report the median time for all calculations performed. The specification provides elements from the clinical electronic record required to calculate for each ED encounter, i.e., the length of time the patient was in the Emergency Department after the decision to admit, also stated as: the TIMEDIFF between the Emergency Department departure time and the Decision to admit time. The calculation requires the median across all ED encounter durations."/>
    </measureAttribute>
  </subjectOf>
  <subjectOf>
    <measureAttribute classCode="OBS" moodCode="EVN">
      <code codeSystem="2.16.840.1.113883.5.4" code="RAT">
        <displayName value="Rationale"/>
      </code>
      <value xsi:type="ED" mediaType="text/plain" value="Reducing the time patients remain in the emergency department (ED) can improve access to treatment and increase quality of care. Reducing this time potentially improves access to care specific to the patient condition and increases the capability to provide additional treatment. In recent times, EDs have experienced significant overcrowding. Although once only a problem in large, urban, teaching hospitals, the phenomenon has spread to other suburban and rural healthcare organizations. According to a 2002 national U.S. survey, more than 90 percent of large hospitals report EDs operating &quot;at&quot; or &quot;over&quot; capacity. Approximately one third of hospitals in the U.S. report increases in ambulance diversion in a given year, whereas up to half report crowded conditions in the ED. In a recent national survey, 40 percent of hospital leaders viewed ED crowding as a symptom of workforce shortages. ED crowding may result in delays in the administration of medication such as antibiotics for pneumonia and has been associated with perceptions of compromised emergency care. For patients with non-ST-segment-elevation myocardial infarction, long ED stays were associated with decreased use of guideline-recommended therapies and a higher risk of recurrent myocardial infarction. Overcrowding and heavy emergency resource demand have led to a number of problems, including ambulance refusals, prolonged patient waiting times, increased suffering for those who wait, rushed and unpleasant treatment environments, and potentially poor patient outcomes. When EDs are overwhelmed, their ability to respond to community emergencies and disasters may be compromised."/>
    </measureAttribute>
  </subjectOf>
  <subjectOf>
    <measureAttribute classCode="OBS" moodCode="EVN">
      <code codeSystem="2.16.840.1.113883.3.560" code="CRS">
        <displayName value="Clinical Recommendation Statement"/>
      </code>
      <value xsi:type="ED" mediaType="text/plain" value="The most common cause of ED crowding is the boarding of admitted patients in the ED.  Numerous studies have demonstrated the potential for errors, life threatening delays in treatment, and diminished overall quality is enormous."/>
    </measureAttribute>
  </subjectOf>
  <subjectOf>
    <measureAttribute classCode="OBS" moodCode="EVN">
      <code codeSystem="2.16.840.1.113883.3.560" code="IDUR">
        <displayName value="Improvement Notation"/>
      </code>
      <value xsi:type="ED" mediaType="text/plain" value="A decrease in the median value"/>
    </measureAttribute>
  </subjectOf>
  <subjectOf>
    <measureAttribute classCode="OBS" moodCode="EVN">
      <code nullFlavor="OTH">
        <originalText value="NQF ID Number"/>
      </code>
      <value xsi:type="II" root="2.16.840.1.113883.3.560.1" extension="0497"/>
    </measureAttribute>
  </subjectOf>
  <subjectOf>
    <measureAttribute classCode="OBS" moodCode="EVN">
      <code codeSystem="2.16.840.1.113883.5.4" code="DISC">
        <displayName value="Disclaimer"/>
        <originalText value="Disclaimer"/>
      </code>
      <value xsi:type="ED" mediaType="text/plain" value="None"/>
    </measureAttribute>
  </subjectOf>
  <subjectOf>
    <measureAttribute classCode="OBS" moodCode="EVN">
      <code nullFlavor="OTH">
        <originalText value="eMeasure Identifier"/>
      </code>
      <value xsi:type="ED" mediaType="text/plain" value="111"/>
    </measureAttribute>
  </subjectOf>
  <subjectOf>
    <measureAttribute classCode="OBS" moodCode="EVN">
      <code codeSystem="2.16.840.1.113883.5.4" code="REF">
        <displayName value="Reference"/>
      </code>
      <value xsi:type="ED" mediaType="text/plain" value="Wilper AP, Woolhandler S, Lasser KE, McCormick D, Cutrona SL, Bor DH, Himmelstein DU. Waits to see an emergency department physician: U.S. trends and predictors, 1997-2004. Health Aff (Millwood). 2008;27:w84-95."/>
    </measureAttribute>
  </subjectOf>
  <subjectOf>
    <measureAttribute classCode="OBS" moodCode="EVN">
      <code codeSystem="2.16.840.1.113883.3.560" code="DEF">
        <displayName value="Definition"/>
      </code>
      <value xsi:type="ED" mediaType="text/plain" value="None"/>
    </measureAttribute>
  </subjectOf>
  <subjectOf>
    <measureAttribute classCode="OBS" moodCode="EVN">
      <code codeSystem="2.16.840.1.113883.5.4" code="GUIDE">
        <displayName value="Guidance"/>
      </code>
      <value xsi:type="ED" mediaType="text/plain" value="This measure specification defines how to determine an individual Emergency Department stay. Reporting requires the median of all patient stays [Encounter: encounter ED]. decisiontoadmitdateandtime -[Encounter: encounter ED]. EDdeparturedateandtime.   Calculate the ED time in minutes for each person in the measure population; report the median time for all calculations performed. The specification provides elements from the clinical electronic record required to calculate for each ED encounter, i.e., the length of time the patient was in the Emergency Department from the time of decision to admit, also stated as: the TIMEDIFF for the Emergency Department departure time minus the Decision to Admit Time. The calculation requires the median across all ED encounter durations."/>
    </measureAttribute>
  </subjectOf>
  <subjectOf>
    <measureAttribute classCode="OBS" moodCode="EVN">
      <code nullFlavor="OTH">
        <originalText value="Transmission Format"/>
      </code>
      <value xsi:type="ED" mediaType="text/plain" value="None"/>
    </measureAttribute>
  </subjectOf>
  <subjectOf>
    <measureAttribute classCode="OBS" moodCode="EVN">
      <code codeSystem="2.16.840.1.113883.5.1063" code="IPP">
        <originalText value="Initial Patient Population"/>
      </code>
      <value xsi:type="ED" mediaType="text/plain" value="All patients discharged from acute inpatient care with Length of Stay (Discharge Date minus Admission Date) less than or equal to 120 days."/>
    </measureAttribute>
  </subjectOf>
  <subjectOf>
    <measureAttribute classCode="OBS" moodCode="EVN">
      <code codeSystem="2.16.840.1.113883.5.1063" code="DENOM">
        <originalText value="Denominator"/>
      </code>
      <value xsi:type="ED" mediaType="text/plain" value="Not Applicable"/>
    </measureAttribute>
  </subjectOf>
  <subjectOf>
    <measureAttribute classCode="OBS" moodCode="EVN">
      <code nullFlavor="OTH">
        <originalText value="Denominator Exclusions"/>
      </code>
      <value xsi:type="ED" mediaType="text/plain" value="Not Applicable"/>
    </measureAttribute>
  </subjectOf>
  <subjectOf>
    <measureAttribute classCode="OBS" moodCode="EVN">
      <code codeSystem="2.16.840.1.113883.5.1063" code="NUMER">
        <originalText value="Numerator"/>
      </code>
      <value xsi:type="ED" mediaType="text/plain" value="Not Applicable"/>
    </measureAttribute>
  </subjectOf>
  <subjectOf>
    <measureAttribute classCode="OBS" moodCode="EVN">
      <code nullFlavor="OTH">
        <originalText value="Numerator Exclusions"/>
      </code>
      <value xsi:type="ED" mediaType="text/plain" value="Not Applicable"/>
    </measureAttribute>
  </subjectOf>
  <subjectOf>
    <measureAttribute classCode="OBS" moodCode="EVN">
      <code codeSystem="2.16.840.1.113883.5.1063" code="DENEXCEP">
        <originalText value="Denominator Exceptions"/>
      </code>
      <value xsi:type="ED" mediaType="text/plain" value="Not Applicable"/>
    </measureAttribute>
  </subjectOf>
  <subjectOf>
    <measureAttribute classCode="OBS" moodCode="EVN">
      <code codeSystem="2.16.840.1.113883.5.1063" code="MSRPOPL">
        <originalText value="Measure Population"/>
      </code>
      <value xsi:type="ED" mediaType="text/plain" value="Any ED Patient from the facility’s emergency department."/>
    </measureAttribute>
  </subjectOf>
  <subjectOf>
    <measureAttribute classCode="OBS" moodCode="EVN">
      <code nullFlavor="OTH">
        <originalText value="Measure Observations"/>
      </code>
      <value xsi:type="ED" mediaType="text/plain" value="Time (in minutes) from Decision to Admit to ED departure for patients admitted to the facility from the emergency department."/>
    </measureAttribute>
  </subjectOf>
  <subjectOf>
    <measureAttribute classCode="OBS" moodCode="EVN">
      <code nullFlavor="OTH">
        <originalText value="Supplemental Data Elements"/>
      </code>
      <value xsi:type="ED" mediaType="text/plain" value="For every patient evaluated by this measure, also identify payer, race, ethnicity and sex."/>
    </measureAttribute>
  </subjectOf>
  <component>
    <dataCriteriaSection>
      <templateId>
        <item root="2.16.840.1.113883.10.20.28.2.2"/>
      </templateId>
      <code code="57025-9" codeSystem="2.16.840.1.113883.6.1"/>
      <title value="Data Criteria Section"/>
      <text value="This section describes the data criteria."/>
      <entry typeCode="DRIV">
        <localVariableName value="OccurrenceAOccurrenceAEmergencyDepartmentVisit1"/>
        <encounterCriteria moodCode="EVN" classCode="ENC">
          <id root="2.16.840.1.113883.3.100.1" extension="OccurrenceAEmergencyDepartmentVisit1"/>
          <outboundRelationship typeCode="OCCR">
            <localVariableName controlInformationRoot="ENCOUNTER_PERFORMED_EMERGENCY_DEPARTMENT_VISIT" controlInformationExtension="A"/>
            <criteriaReference classCode="OBS" moodCode="EVN">
              <id root="2.16.840.1.113883.3.100.1" extension="OccurrenceAEmergencyDepartmentVisit1"/>
            </criteriaReference>
          </outboundRelationship>
        </encounterCriteria>
      </entry>
      <entry typeCode="DRIV">
        <localVariableName value="OccurrenceAOccurrenceAEncounterInpatient2"/>
        <encounterCriteria moodCode="EVN" classCode="ENC">
          <id root="2.16.840.1.113883.3.100.1" extension="OccurrenceAEncounterInpatient2"/>
          <outboundRelationship typeCode="OCCR">
            <localVariableName controlInformationRoot="ENCOUNTER_PERFORMED_ENCOUNTER_INPATIENT" controlInformationExtension="A"/>
            <criteriaReference classCode="OBS" moodCode="EVN">
              <id root="2.16.840.1.113883.3.100.1" extension="OccurrenceAEncounterInpatient2"/>
            </criteriaReference>
          </outboundRelationship>
        </encounterCriteria>
      </entry>
      <entry typeCode="DRIV">
        <localVariableName value="EncounterPerformedEmergencyDepartmentVisit"/>
        <encounterCriteria moodCode="EVN" classCode="ENC">
          <templateId>
            <item root="2.16.840.1.113883.10.20.28.3.5" identifierName="encounter, performed template"/>
          </templateId>
          <id root="2.16.840.1.113883.3.100.1" extension="EncounterPerformedEmergencyDepartmentVisit"/>
          <code xsi:type="CD" valueSet="2.16.840.1.113883.3.117.1.7.1.292">
            <displayName value="Emergency Department Visit"/>
          </code>
          <text value="Encounter, Performed: Emergency Department Visit"/>
          <definition>
            <criteriaReference moodCode="EVN" classCode="ENC">
              <id root="2.16.840.1.113883.3.100.1" extension="encounter"/>
            </criteriaReference>
          </definition>
          <outboundRelationship typeCode="SUBJ">
            <subsetCode code="SOURCE"/>
            <criteriaReference classCode="OBS" moodCode="EVN">
              <id root="2.16.840.1.113883.3.100.1" extension="EncounterPerformedEmergencyDepartmentVisit"/>
            </criteriaReference>
          </outboundRelationship>
        </encounterCriteria>
      </entry>
      <entry typeCode="DRIV">
        <localVariableName value="EncounterPerformedEncounterInpatient"/>
        <encounterCriteria moodCode="EVN" classCode="ENC">
          <templateId>
            <item root="2.16.840.1.113883.10.20.28.3.5" identifierName="encounter, performed template"/>
          </templateId>
          <id root="2.16.840.1.113883.3.100.1" extension="EncounterPerformedEncounterInpatient"/>
          <code xsi:type="CD" valueSet="2.16.840.1.113883.3.666.5.307">
            <displayName value="Encounter Inpatient"/>
          </code>
          <text value="Encounter, Performed: Encounter Inpatient"/>
          <definition>
            <criteriaReference moodCode="EVN" classCode="ENC">
              <id root="2.16.840.1.113883.3.100.1" extension="encounter"/>
            </criteriaReference>
          </definition>
          <outboundRelationship typeCode="SUBJ">
            <subsetCode code="SOURCE"/>
            <criteriaReference classCode="OBS" moodCode="EVN">
              <id root="2.16.840.1.113883.3.100.1" extension="EncounterPerformedEncounterInpatient"/>
            </criteriaReference>
          </outboundRelationship>
        </encounterCriteria>
      </entry>
      <entry typeCode="DRIV">
        <localVariableName value="EncounterOrderDecisionToAdmitToHospitalInpatient"/>
        <encounterCriteria moodCode="EVN" classCode="ENC">
          <templateId>
            <item root="2.16.840.1.113883.10.20.28.3.27" identifierName="encounter, order template"/>
          </templateId>
          <id root="2.16.840.1.113883.3.100.1" extension="EncounterOrderDecisionToAdmitToHospitalInpatient"/>
          <code xsi:type="CD" valueSet="2.16.840.1.113883.3.117.1.7.1.295">
            <displayName value="Decision to Admit to Hospital Inpatient"/>
          </code>
          <text value="Encounter, Order: Decision to Admit to Hospital Inpatient"/>
          <definition>
            <criteriaReference moodCode="EVN" classCode="ENC">
              <id root="2.16.840.1.113883.3.100.1" extension="encounter"/>
            </criteriaReference>
          </definition>
          <outboundRelationship typeCode="SUBJ">
            <subsetCode code="SOURCE"/>
            <criteriaReference classCode="OBS" moodCode="EVN">
              <id root="2.16.840.1.113883.3.100.1" extension="EncounterOrderDecisionToAdmitToHospitalInpatient"/>
            </criteriaReference>
          </outboundRelationship>
        </encounterCriteria>
      </entry>
      <entry typeCode="DRIV">
        <localVariableName value="PatientCharacteristicSexOncAdministrativeSex"/>
        <observationCriteria moodCode="EVN" classCode="OBS">
          <templateId>
            <item root="2.16.840.1.113883.10.20.28.3.55" identifierName="patient characteristic, gender template"/>
          </templateId>
          <id root="2.16.840.1.113883.3.100.1" extension="PatientCharacteristicSexOncAdministrativeSex"/>
          <code xsi:type="CD" valueSet="2.16.840.1.113762.1.4.1">
            <displayName value="ONC Administrative Sex"/>
          </code>
          <text value="Patient Characteristic Sex: ONC Administrative Sex"/>
          <definition>
            <criteriaReference moodCode="EVN" classCode="OBS">
              <id root="2.16.840.1.113883.3.100.1" extension="patient_characteristic_gender"/>
            </criteriaReference>
          </definition>
          <outboundRelationship typeCode="SUBJ">
            <subsetCode code="SOURCE"/>
            <criteriaReference classCode="OBS" moodCode="EVN">
              <id root="2.16.840.1.113883.3.100.1" extension="PatientCharacteristicSexOncAdministrativeSex"/>
            </criteriaReference>
          </outboundRelationship>
        </observationCriteria>
      </entry>
      <entry typeCode="DRIV">
        <localVariableName value="PatientCharacteristicRaceRace"/>
        <observationCriteria moodCode="EVN" classCode="OBS">
          <templateId>
            <item root="2.16.840.1.113883.10.20.28.3.59" identifierName="patient characteristic, race template"/>
          </templateId>
          <id root="2.16.840.1.113883.3.100.1" extension="PatientCharacteristicRaceRace"/>
          <code xsi:type="CD" valueSet="2.16.840.1.114222.4.11.836">
            <displayName value="Race"/>
          </code>
          <text value="Patient Characteristic Race: Race"/>
          <definition>
            <criteriaReference moodCode="EVN" classCode="OBS">
              <id root="2.16.840.1.113883.3.100.1" extension="patient_characteristic_race"/>
            </criteriaReference>
          </definition>
          <outboundRelationship typeCode="SUBJ">
            <subsetCode code="SOURCE"/>
            <criteriaReference classCode="OBS" moodCode="EVN">
              <id root="2.16.840.1.113883.3.100.1" extension="PatientCharacteristicRaceRace"/>
            </criteriaReference>
          </outboundRelationship>
        </observationCriteria>
      </entry>
      <entry typeCode="DRIV">
        <localVariableName value="PatientCharacteristicEthnicityEthnicity"/>
        <observationCriteria moodCode="EVN" classCode="OBS">
          <templateId>
            <item root="2.16.840.1.113883.10.20.28.3.56" identifierName="patient characteristic, ethnicity template"/>
          </templateId>
          <id root="2.16.840.1.113883.3.100.1" extension="PatientCharacteristicEthnicityEthnicity"/>
          <code xsi:type="CD" valueSet="2.16.840.1.114222.4.11.837">
            <displayName value="Ethnicity"/>
          </code>
          <text value="Patient Characteristic Ethnicity: Ethnicity"/>
          <definition>
            <criteriaReference moodCode="EVN" classCode="OBS">
              <id root="2.16.840.1.113883.3.100.1" extension="patient_characteristic_ethnicity"/>
            </criteriaReference>
          </definition>
          <outboundRelationship typeCode="SUBJ">
            <subsetCode code="SOURCE"/>
            <criteriaReference classCode="OBS" moodCode="EVN">
              <id root="2.16.840.1.113883.3.100.1" extension="PatientCharacteristicEthnicityEthnicity"/>
            </criteriaReference>
          </outboundRelationship>
        </observationCriteria>
      </entry>
      <entry typeCode="DRIV">
        <localVariableName value="PatientCharacteristicPayerPayer"/>
        <observationCriteria moodCode="EVN" classCode="OBS">
          <templateId>
            <item root="2.16.840.1.113883.10.20.28.3.58" identifierName="patient characteristic, payer template"/>
          </templateId>
          <id root="2.16.840.1.113883.3.100.1" extension="PatientCharacteristicPayerPayer"/>
          <code xsi:type="CD" valueSet="2.16.840.1.114222.4.11.3591">
            <displayName value="Payer"/>
          </code>
          <text value="Patient Characteristic Payer: Payer"/>
          <definition>
            <criteriaReference moodCode="EVN" classCode="OBS">
              <id root="2.16.840.1.113883.3.100.1" extension="patient_characteristic_payer"/>
            </criteriaReference>
          </definition>
          <outboundRelationship typeCode="SUBJ">
            <subsetCode code="SOURCE"/>
            <criteriaReference classCode="OBS" moodCode="EVN">
              <id root="2.16.840.1.113883.3.100.1" extension="PatientCharacteristicPayerPayer"/>
            </criteriaReference>
          </outboundRelationship>
        </observationCriteria>
      </entry>
      <entry typeCode="DRIV">
        <localVariableName value="OccurrenceAOccurrenceAEncounterInpatient2_precondition_4"/>
        <encounterCriteria moodCode="EVN" classCode="ENC">
          <id root="2.16.840.1.113883.3.100.1" extension="OccurrenceAEncounterInpatient2_precondition_4"/>
          <outboundRelationship typeCode="SUBJ">
            <observationCriteria classCode="OBS" moodCode="EVN">
              <id root="OccurrenceAEncounterInpatient2_precondition_4_LENGTH_OF_STAY"/>
              <code code="183797002" codeSystem="2.16.840.1.113883.6.96" codeSystemName="SNOMED-CT">
                <displayName value="Length of Stay"/>
              </code>
              <value xsi:type="IVL_PQ" highClosed="true">
                <low nullFlavor="NINF"/>
                <high value="120" unit="d"/>
              </value>
            </observationCriteria>
          </outboundRelationship>
          <outboundRelationship typeCode="OCCR">
            <localVariableName controlInformationRoot="ENCOUNTER_PERFORMED_ENCOUNTER_INPATIENT" controlInformationExtension="A"/>
            <criteriaReference classCode="OBS" moodCode="EVN">
              <id root="2.16.840.1.113883.3.100.1" extension="OccurrenceAEncounterInpatient2"/>
            </criteriaReference>
          </outboundRelationship>
        </encounterCriteria>
      </entry>
      <entry typeCode="DRIV">
        <localVariableName value="OccurrenceAOccurrenceAEncounterInpatient2_precondition_6"/>
        <encounterCriteria moodCode="EVN" classCode="ENC">
          <id root="2.16.840.1.113883.3.100.1" extension="OccurrenceAEncounterInpatient2_precondition_6"/>
          <temporallyRelatedInformation typeCode="EDU">
            <qdm:temporalInformation precisionUnit="min">
              
            </qdm:temporalInformation>
            <criteriaReference moodCode="EVN" classCode="OBS">
              <id root="2.16.840.1.113883.3.100.1" extension="MeasurePeriod"/>
            </criteriaReference>
          </temporallyRelatedInformation>
          <outboundRelationship typeCode="OCCR">
            <localVariableName controlInformationRoot="ENCOUNTER_PERFORMED_ENCOUNTER_INPATIENT" controlInformationExtension="A"/>
            <criteriaReference classCode="OBS" moodCode="EVN">
              <id root="2.16.840.1.113883.3.100.1" extension="OccurrenceAEncounterInpatient2"/>
            </criteriaReference>
          </outboundRelationship>
        </encounterCriteria>
      </entry>
      <entry typeCode="DRIV">
        <localVariableName value="OccurrenceAOccurrenceAEmergencyDepartmentVisit1_precondition_9"/>
        <encounterCriteria moodCode="EVN" classCode="ENC">
          <id root="2.16.840.1.113883.3.100.1" extension="OccurrenceAEmergencyDepartmentVisit1_precondition_9"/>
          <temporallyRelatedInformation typeCode="EBS">
            <qdm:temporalInformation precisionUnit="min">
              <qdm:delta highClosed="true">
                <low nullFlavor="NINF"/>
                <high value="1" unit="h"/>
              </qdm:delta>
            </qdm:temporalInformation>
            <criteriaReference moodCode="EVN" classCode="ENC">
              <id root="2.16.840.1.113883.3.100.1" extension="OccurrenceAEncounterInpatient2"/>
            </criteriaReference>
          </temporallyRelatedInformation>
          <outboundRelationship typeCode="OCCR">
            <localVariableName controlInformationRoot="ENCOUNTER_PERFORMED_EMERGENCY_DEPARTMENT_VISIT" controlInformationExtension="A"/>
            <criteriaReference classCode="OBS" moodCode="EVN">
              <id root="2.16.840.1.113883.3.100.1" extension="OccurrenceAEmergencyDepartmentVisit1"/>
            </criteriaReference>
          </outboundRelationship>
        </encounterCriteria>
      </entry>
      <entry typeCode="DRIV">
        <localVariableName value="OccurrenceAOccurrenceADecisionToAdmitToHospitalInpatient3_precondition_11"/>
        <encounterCriteria moodCode="EVN" classCode="ENC">
          <id root="2.16.840.1.113883.3.100.1" extension="OccurrenceADecisionToAdmitToHospitalInpatient3_precondition_11"/>
          <temporallyRelatedInformation typeCode="DURING">
            <qdm:temporalInformation precisionUnit="min">
              
            </qdm:temporalInformation>
            <criteriaReference moodCode="EVN" classCode="ENC">
              <id root="2.16.840.1.113883.3.100.1" extension="OccurrenceAEmergencyDepartmentVisit1"/>
            </criteriaReference>
          </temporallyRelatedInformation>
          <outboundRelationship typeCode="OCCR">
            <localVariableName controlInformationRoot="ENCOUNTER_ORDERED_DECISION_TO_ADMIT_TO_HOSPITAL_INPATIENT" controlInformationExtension="A"/>
            <criteriaReference classCode="OBS" moodCode="EVN">
              <id root="2.16.840.1.113883.3.100.1" extension="OccurrenceADecisionToAdmitToHospitalInpatient3"/>
            </criteriaReference>
          </outboundRelationship>
        </encounterCriteria>
      </entry>
      <entry typeCode="DRIV">
        <localVariableName value="OccurrenceAOccurrenceADecisionToAdmitToHospitalInpatient3_precondition_14"/>
        <encounterCriteria moodCode="EVN" classCode="ENC">
          <id root="2.16.840.1.113883.3.100.1" extension="OccurrenceADecisionToAdmitToHospitalInpatient3_precondition_14"/>
          <outboundRelationship typeCode="SUBJ">
            <observationCriteria classCode="OBS" moodCode="EVN">
              <id root="OccurrenceADecisionToAdmitToHospitalInpatient3_precondition_14_START_DATETIME"/>
              <code code="398201009" codeSystem="2.16.840.1.113883.6.96" codeSystemName="SNOMED-CT">
                <displayName value="Start Date/Time"/>
              </code>
              <value xsi:type="ANY" flavorId="ANY.NONNULL"/>
            </observationCriteria>
          </outboundRelationship>
          <outboundRelationship typeCode="OCCR">
            <localVariableName controlInformationRoot="ENCOUNTER_ORDERED_DECISION_TO_ADMIT_TO_HOSPITAL_INPATIENT" controlInformationExtension="A"/>
            <criteriaReference classCode="OBS" moodCode="EVN">
              <id root="2.16.840.1.113883.3.100.1" extension="OccurrenceADecisionToAdmitToHospitalInpatient3"/>
            </criteriaReference>
          </outboundRelationship>
        </encounterCriteria>
      </entry>
      <entry typeCode="DRIV">
        <localVariableName value="OccurrenceAOccurrenceAEmergencyDepartmentVisit1_precondition_16"/>
        <encounterCriteria moodCode="EVN" classCode="ENC">
          <id root="2.16.840.1.113883.3.100.1" extension="OccurrenceAEmergencyDepartmentVisit1_precondition_16"/>
          <outboundRelationship typeCode="SUBJ">
            <observationCriteria classCode="OBS" moodCode="EVN">
              <id root="OccurrenceAEmergencyDepartmentVisit1_precondition_16_FACILITY_LOCATION_DEPARTURE_DATETIME"/>
              <code code="SDLOC_DEPARTURE" codeSystem="" codeSystemName="Unknown">
                <displayName value="Facility Location Departure Date/Time"/>
              </code>
              <value xsi:type="ANY" flavorId="ANY.NONNULL"/>
            </observationCriteria>
          </outboundRelationship>
          <outboundRelationship typeCode="OCCR">
            <localVariableName controlInformationRoot="ENCOUNTER_PERFORMED_EMERGENCY_DEPARTMENT_VISIT" controlInformationExtension="A"/>
            <criteriaReference classCode="OBS" moodCode="EVN">
              <id root="2.16.840.1.113883.3.100.1" extension="OccurrenceAEmergencyDepartmentVisit1"/>
            </criteriaReference>
          </outboundRelationship>
        </encounterCriteria>
      </entry>
      <entry typeCode="DRIV">
        <localVariableName value="GROUP_TIMEDIFF_33"/>
        <observationCriteria moodCode="EVN" classCode="OBS">
          <id root="2.16.840.1.113883.3.100.1" extension="GROUP_TIMEDIFF_33"/>
          <text value=""/>
          <definition>
            <criteriaReference moodCode="EVN" classCode="OBS">
              <id root="2.16.840.1.113883.3.100.1" extension="derived"/>
            </criteriaReference>
          </definition>
          <outboundRelationship typeCode="SUBJ">
            <subsetCode code="SOURCE"/>
            <criteriaReference classCode="OBS" moodCode="EVN">
              <id root="2.16.840.1.113883.3.100.1" extension="GROUP_TIMEDIFF_33"/>
            </criteriaReference>
          </outboundRelationship>
          <outboundRelationship typeCode="COMP">
            <conjunctionCode code="AND"/>
            <criteriaReference moodCode="EVN" classCode="ENC">
              <id root="2.16.840.1.113883.3.100.1" extension="OccurrenceADecisionToAdmitToHospitalInpatient3_precondition_14"/>
            </criteriaReference>
          </outboundRelationship>
          <outboundRelationship typeCode="COMP">
            <conjunctionCode code="AND"/>
            <criteriaReference moodCode="EVN" classCode="ENC">
              <id root="2.16.840.1.113883.3.100.1" extension="OccurrenceAEmergencyDepartmentVisit1_precondition_16"/>
            </criteriaReference>
          </outboundRelationship>
          <excerpt typeCode="XCRPT">
            <!-- Subset operator for: TIMEDIFF -->
            <!-- NOTE: DATEDIFF and TIMEDIFF are not valid in population criteria... measure requires rewrite -->
            <subsetCode code="TIMEDIFF"/>
            <observationCriteria moodCode="EVN" classCode="OBS">
              <id root="2.16.840.1.113883.3.100.1" extension="GROUP_TIMEDIFF_33"/>
              <value xsi:type="ANY" flavorId="ANY.NONNULL"/>
            </observationCriteria>
          </excerpt>
        </observationCriteria>
      </entry>
      <entry typeCode="DRIV">
        <localVariableName value="OccurrenceAOccurrenceAEmergencyDepartmentVisit1_precondition_23"/>
        <encounterCriteria moodCode="EVN" classCode="ENC">
          <id root="2.16.840.1.113883.3.100.1" extension="OccurrenceAEmergencyDepartmentVisit1_precondition_23"/>
          <temporallyRelatedInformation typeCode="EBS">
            <qdm:temporalInformation precisionUnit="min">
              <qdm:delta highClosed="true">
                <low nullFlavor="NINF"/>
                <high value="1" unit="h"/>
              </qdm:delta>
            </qdm:temporalInformation>
            <criteriaReference moodCode="EVN" classCode="ENC">
              <id root="2.16.840.1.113883.3.100.1" extension="OccurrenceAEncounterInpatient2"/>
            </criteriaReference>
          </temporallyRelatedInformation>
          <outboundRelationship typeCode="OCCR">
            <localVariableName controlInformationRoot="ENCOUNTER_PERFORMED_EMERGENCY_DEPARTMENT_VISIT" controlInformationExtension="A"/>
            <criteriaReference classCode="OBS" moodCode="EVN">
              <id root="2.16.840.1.113883.3.100.1" extension="OccurrenceAEmergencyDepartmentVisit1"/>
            </criteriaReference>
          </outboundRelationship>
        </encounterCriteria>
      </entry>
      <entry typeCode="DRIV">
        <localVariableName value="DiagnosisActivePsychiatricMentalHealthPatient_precondition_26"/>
        <observationCriteria moodCode="EVN" classCode="OBS">
          <templateId>
            <item root="2.16.840.1.113883.10.20.28.3.1" identifierName="diagnosis, active template"/>
          </templateId>
          <id root="2.16.840.1.113883.3.100.1" extension="DiagnosisActivePsychiatricMentalHealthPatient_precondition_26"/>
          <text value="Diagnosis, Active: Psychiatric/Mental Health Patient"/>
          <statusCode code="active"/>
          <value xsi:type="CD" valueSet="2.16.840.1.113883.3.117.1.7.1.299">
            <displayName value="Psychiatric/Mental Health Patient"/>
          </value>
          <definition>
            <criteriaReference moodCode="EVN" classCode="OBS">
              <id root="2.16.840.1.113883.3.100.1" extension="diagnosis"/>
            </criteriaReference>
          </definition>
          <temporallyRelatedInformation typeCode="SDU">
            <qdm:temporalInformation precisionUnit="min">
              
            </qdm:temporalInformation>
            <criteriaReference moodCode="EVN" classCode="ENC">
              <id root="2.16.840.1.113883.3.100.1" extension="OccurrenceAEmergencyDepartmentVisit1"/>
            </criteriaReference>
          </temporallyRelatedInformation>
          <outboundRelationship typeCode="SUBJ">
            <observationCriteria classCode="OBS" moodCode="EVN">
              <id root="DiagnosisActivePsychiatricMentalHealthPatient_precondition_26_ORDINAL"/>
              <code code="117363000" codeSystem="2.16.840.1.113883.6.96" codeSystemName="SNOMED-CT">
                <displayName value="Ordinal"/>
              </code>
              <value xsi:type="CD" valueSet="2.16.840.1.113883.3.117.1.7.1.14">
                <displayName value="ordinality"/>
              </value>
            </observationCriteria>
          </outboundRelationship>
          <outboundRelationship typeCode="SUBJ">
            <subsetCode code="SOURCE"/>
            <criteriaReference classCode="OBS" moodCode="EVN">
              <id root="2.16.840.1.113883.3.100.1" extension="DiagnosisActivePsychiatricMentalHealthPatient"/>
            </criteriaReference>
          </outboundRelationship>
        </observationCriteria>
      </entry>
      <entry typeCode="DRIV">
        <localVariableName value="DiagnosisActivePsychiatricMentalHealthPatient_precondition_29"/>
        <observationCriteria moodCode="EVN" classCode="OBS">
          <templateId>
            <item root="2.16.840.1.113883.10.20.28.3.1" identifierName="diagnosis, active template"/>
          </templateId>
          <id root="2.16.840.1.113883.3.100.1" extension="DiagnosisActivePsychiatricMentalHealthPatient_precondition_29"/>
          <text value="Diagnosis, Active: Psychiatric/Mental Health Patient"/>
          <statusCode code="active"/>
          <value xsi:type="CD" valueSet="2.16.840.1.113883.3.117.1.7.1.299">
            <displayName value="Psychiatric/Mental Health Patient"/>
          </value>
          <definition>
            <criteriaReference moodCode="EVN" classCode="OBS">
              <id root="2.16.840.1.113883.3.100.1" extension="diagnosis"/>
            </criteriaReference>
          </definition>
          <temporallyRelatedInformation typeCode="SDU">
            <qdm:temporalInformation precisionUnit="min">
              
            </qdm:temporalInformation>
            <criteriaReference moodCode="EVN" classCode="ENC">
              <id root="2.16.840.1.113883.3.100.1" extension="OccurrenceAEmergencyDepartmentVisit1"/>
            </criteriaReference>
          </temporallyRelatedInformation>
          <outboundRelationship typeCode="SUBJ">
            <observationCriteria classCode="OBS" moodCode="EVN">
              <id root="DiagnosisActivePsychiatricMentalHealthPatient_precondition_29_ORDINAL"/>
              <code code="117363000" codeSystem="2.16.840.1.113883.6.96" codeSystemName="SNOMED-CT">
                <displayName value="Ordinal"/>
              </code>
              <value xsi:type="CD" valueSet="2.16.840.1.113883.3.117.1.7.1.14">
                <displayName value="ordinality"/>
              </value>
            </observationCriteria>
          </outboundRelationship>
          <outboundRelationship typeCode="SUBJ">
            <subsetCode code="SOURCE"/>
            <criteriaReference classCode="OBS" moodCode="EVN">
              <id root="2.16.840.1.113883.3.100.1" extension="DiagnosisActivePsychiatricMentalHealthPatient"/>
            </criteriaReference>
          </outboundRelationship>
        </observationCriteria>
      </entry>
      <entry typeCode="DRIV">
        <localVariableName value="OccurrenceAEmergencyDepartmentVisit1"/>
        <encounterCriteria moodCode="EVN" classCode="ENC">
          <templateId>
            <item root="2.16.840.1.113883.10.20.28.3.5" identifierName="encounter, performed template"/>
            <item root="2.16.840.1.113883.3.100.1.1" identifierName="Source data criteria template"/>
          </templateId>
          <id root="2.16.840.1.113883.3.100.1" extension="OccurrenceAEmergencyDepartmentVisit1"/>
          <code xsi:type="CD" valueSet="2.16.840.1.113883.3.117.1.7.1.292">
            <displayName value="Emergency Department Visit"/>
          </code>
          <text value="Encounter, Performed: Emergency Department Visit"/>
          <definition>
            <criteriaReference moodCode="EVN" classCode="ENC">
              <id root="2.16.840.1.113883.3.100.1" extension="encounter"/>
            </criteriaReference>
          </definition>
        </encounterCriteria>
      </entry>
      <entry typeCode="DRIV">
        <localVariableName value="DiagnosisActivePsychiatricMentalHealthPatient"/>
        <observationCriteria moodCode="EVN" classCode="OBS">
          <templateId>
            <item root="2.16.840.1.113883.10.20.28.3.1" identifierName="diagnosis, active template"/>
            <item root="2.16.840.1.113883.3.100.1.1" identifierName="Source data criteria template"/>
          </templateId>
          <id root="2.16.840.1.113883.3.100.1" extension="DiagnosisActivePsychiatricMentalHealthPatient"/>
          <text value="Diagnosis, Active: Psychiatric/Mental Health Patient"/>
          <statusCode code="active"/>
          <value xsi:type="CD" valueSet="2.16.840.1.113883.3.117.1.7.1.299">
            <displayName value="Psychiatric/Mental Health Patient"/>
          </value>
          <definition>
            <criteriaReference moodCode="EVN" classCode="OBS">
              <id root="2.16.840.1.113883.3.100.1" extension="diagnosis"/>
            </criteriaReference>
          </definition>
          <outboundRelationship typeCode="SUBJ">
            <subsetCode code="SOURCE"/>
            <criteriaReference classCode="OBS" moodCode="EVN">
              <id root="2.16.840.1.113883.3.100.1" extension="DiagnosisActivePsychiatricMentalHealthPatient"/>
            </criteriaReference>
          </outboundRelationship>
        </observationCriteria>
      </entry>
      <entry typeCode="DRIV">
        <localVariableName value="OccurrenceAEncounterInpatient2"/>
        <encounterCriteria moodCode="EVN" classCode="ENC">
          <templateId>
            <item root="2.16.840.1.113883.10.20.28.3.5" identifierName="encounter, performed template"/>
            <item root="2.16.840.1.113883.3.100.1.1" identifierName="Source data criteria template"/>
          </templateId>
          <id root="2.16.840.1.113883.3.100.1" extension="OccurrenceAEncounterInpatient2"/>
          <code xsi:type="CD" valueSet="2.16.840.1.113883.3.666.5.307">
            <displayName value="Encounter Inpatient"/>
          </code>
          <text value="Encounter, Performed: Encounter Inpatient"/>
          <definition>
            <criteriaReference moodCode="EVN" classCode="ENC">
              <id root="2.16.840.1.113883.3.100.1" extension="encounter"/>
            </criteriaReference>
          </definition>
        </encounterCriteria>
      </entry>
      <entry typeCode="DRIV">
        <localVariableName value="OccurrenceADecisionToAdmitToHospitalInpatient3"/>
        <encounterCriteria moodCode="EVN" classCode="ENC">
          <templateId>
            <item root="2.16.840.1.113883.10.20.28.3.27" identifierName="encounter, order template"/>
            <item root="2.16.840.1.113883.3.100.1.1" identifierName="Source data criteria template"/>
          </templateId>
          <id root="2.16.840.1.113883.3.100.1" extension="OccurrenceADecisionToAdmitToHospitalInpatient3"/>
          <code xsi:type="CD" valueSet="2.16.840.1.113883.3.117.1.7.1.295">
            <displayName value="Decision to Admit to Hospital Inpatient"/>
          </code>
          <text value="Encounter, Ordered: Decision to Admit to Hospital Inpatient"/>
          <definition>
            <criteriaReference moodCode="EVN" classCode="ENC">
              <id root="2.16.840.1.113883.3.100.1" extension="encounter"/>
            </criteriaReference>
          </definition>
        </encounterCriteria>
      </entry>
      <entry typeCode="DRIV">
        <localVariableName value="EncounterPerformedEmergencyDepartmentVisit"/>
        <encounterCriteria moodCode="EVN" classCode="ENC">
          <templateId>
            <item root="2.16.840.1.113883.10.20.28.3.5" identifierName="encounter, performed template"/>
            <item root="2.16.840.1.113883.3.100.1.1" identifierName="Source data criteria template"/>
          </templateId>
          <id root="2.16.840.1.113883.3.100.1" extension="EncounterPerformedEmergencyDepartmentVisit"/>
          <code xsi:type="CD" valueSet="2.16.840.1.113883.3.117.1.7.1.292">
            <displayName value="Emergency Department Visit"/>
          </code>
          <text value="Encounter, Performed: Emergency Department Visit"/>
          <definition>
            <criteriaReference moodCode="EVN" classCode="ENC">
              <id root="2.16.840.1.113883.3.100.1" extension="encounter"/>
            </criteriaReference>
          </definition>
          <outboundRelationship typeCode="SUBJ">
            <subsetCode code="SOURCE"/>
            <criteriaReference classCode="OBS" moodCode="EVN">
              <id root="2.16.840.1.113883.3.100.1" extension="EncounterPerformedEmergencyDepartmentVisit"/>
            </criteriaReference>
          </outboundRelationship>
        </encounterCriteria>
      </entry>
      <entry typeCode="DRIV">
        <localVariableName value="EncounterPerformedEncounterInpatient"/>
        <encounterCriteria moodCode="EVN" classCode="ENC">
          <templateId>
            <item root="2.16.840.1.113883.10.20.28.3.5" identifierName="encounter, performed template"/>
            <item root="2.16.840.1.113883.3.100.1.1" identifierName="Source data criteria template"/>
          </templateId>
          <id root="2.16.840.1.113883.3.100.1" extension="EncounterPerformedEncounterInpatient"/>
          <code xsi:type="CD" valueSet="2.16.840.1.113883.3.666.5.307">
            <displayName value="Encounter Inpatient"/>
          </code>
          <text value="Encounter, Performed: Encounter Inpatient"/>
          <definition>
            <criteriaReference moodCode="EVN" classCode="ENC">
              <id root="2.16.840.1.113883.3.100.1" extension="encounter"/>
            </criteriaReference>
          </definition>
          <outboundRelationship typeCode="SUBJ">
            <subsetCode code="SOURCE"/>
            <criteriaReference classCode="OBS" moodCode="EVN">
              <id root="2.16.840.1.113883.3.100.1" extension="EncounterPerformedEncounterInpatient"/>
            </criteriaReference>
          </outboundRelationship>
        </encounterCriteria>
      </entry>
      <entry typeCode="DRIV">
        <localVariableName value="EncounterOrderDecisionToAdmitToHospitalInpatient"/>
        <encounterCriteria moodCode="EVN" classCode="ENC">
          <templateId>
            <item root="2.16.840.1.113883.10.20.28.3.27" identifierName="encounter, order template"/>
            <item root="2.16.840.1.113883.3.100.1.1" identifierName="Source data criteria template"/>
          </templateId>
          <id root="2.16.840.1.113883.3.100.1" extension="EncounterOrderDecisionToAdmitToHospitalInpatient"/>
          <code xsi:type="CD" valueSet="2.16.840.1.113883.3.117.1.7.1.295">
            <displayName value="Decision to Admit to Hospital Inpatient"/>
          </code>
          <text value="Encounter, Order: Decision to Admit to Hospital Inpatient"/>
          <definition>
            <criteriaReference moodCode="EVN" classCode="ENC">
              <id root="2.16.840.1.113883.3.100.1" extension="encounter"/>
            </criteriaReference>
          </definition>
          <outboundRelationship typeCode="SUBJ">
            <subsetCode code="SOURCE"/>
            <criteriaReference classCode="OBS" moodCode="EVN">
              <id root="2.16.840.1.113883.3.100.1" extension="EncounterOrderDecisionToAdmitToHospitalInpatient"/>
            </criteriaReference>
          </outboundRelationship>
        </encounterCriteria>
      </entry>
      <entry typeCode="DRIV">
        <localVariableName value="PatientCharacteristicSexOncAdministrativeSex"/>
        <observationCriteria moodCode="EVN" classCode="OBS">
          <templateId>
            <item root="2.16.840.1.113883.10.20.28.3.55" identifierName="patient characteristic, gender template"/>
            <item root="2.16.840.1.113883.3.100.1.1" identifierName="Source data criteria template"/>
          </templateId>
          <id root="2.16.840.1.113883.3.100.1" extension="PatientCharacteristicSexOncAdministrativeSex"/>
          <code xsi:type="CD" valueSet="2.16.840.1.113762.1.4.1">
            <displayName value="ONC Administrative Sex"/>
          </code>
          <text value="Patient Characteristic Sex: ONC Administrative Sex"/>
          <definition>
            <criteriaReference moodCode="EVN" classCode="OBS">
              <id root="2.16.840.1.113883.3.100.1" extension="patient_characteristic_gender"/>
            </criteriaReference>
          </definition>
          <outboundRelationship typeCode="SUBJ">
            <subsetCode code="SOURCE"/>
            <criteriaReference classCode="OBS" moodCode="EVN">
              <id root="2.16.840.1.113883.3.100.1" extension="PatientCharacteristicSexOncAdministrativeSex"/>
            </criteriaReference>
          </outboundRelationship>
        </observationCriteria>
      </entry>
      <entry typeCode="DRIV">
        <localVariableName value="PatientCharacteristicRaceRace"/>
        <observationCriteria moodCode="EVN" classCode="OBS">
          <templateId>
            <item root="2.16.840.1.113883.10.20.28.3.59" identifierName="patient characteristic, race template"/>
            <item root="2.16.840.1.113883.3.100.1.1" identifierName="Source data criteria template"/>
          </templateId>
          <id root="2.16.840.1.113883.3.100.1" extension="PatientCharacteristicRaceRace"/>
          <code xsi:type="CD" valueSet="2.16.840.1.114222.4.11.836">
            <displayName value="Race"/>
          </code>
          <text value="Patient Characteristic Race: Race"/>
          <definition>
            <criteriaReference moodCode="EVN" classCode="OBS">
              <id root="2.16.840.1.113883.3.100.1" extension="patient_characteristic_race"/>
            </criteriaReference>
          </definition>
          <outboundRelationship typeCode="SUBJ">
            <subsetCode code="SOURCE"/>
            <criteriaReference classCode="OBS" moodCode="EVN">
              <id root="2.16.840.1.113883.3.100.1" extension="PatientCharacteristicRaceRace"/>
            </criteriaReference>
          </outboundRelationship>
        </observationCriteria>
      </entry>
      <entry typeCode="DRIV">
        <localVariableName value="PatientCharacteristicEthnicityEthnicity"/>
        <observationCriteria moodCode="EVN" classCode="OBS">
          <templateId>
            <item root="2.16.840.1.113883.10.20.28.3.56" identifierName="patient characteristic, ethnicity template"/>
            <item root="2.16.840.1.113883.3.100.1.1" identifierName="Source data criteria template"/>
          </templateId>
          <id root="2.16.840.1.113883.3.100.1" extension="PatientCharacteristicEthnicityEthnicity"/>
          <code xsi:type="CD" valueSet="2.16.840.1.114222.4.11.837">
            <displayName value="Ethnicity"/>
          </code>
          <text value="Patient Characteristic Ethnicity: Ethnicity"/>
          <definition>
            <criteriaReference moodCode="EVN" classCode="OBS">
              <id root="2.16.840.1.113883.3.100.1" extension="patient_characteristic_ethnicity"/>
            </criteriaReference>
          </definition>
          <outboundRelationship typeCode="SUBJ">
            <subsetCode code="SOURCE"/>
            <criteriaReference classCode="OBS" moodCode="EVN">
              <id root="2.16.840.1.113883.3.100.1" extension="PatientCharacteristicEthnicityEthnicity"/>
            </criteriaReference>
          </outboundRelationship>
        </observationCriteria>
      </entry>
      <entry typeCode="DRIV">
        <localVariableName value="PatientCharacteristicPayerPayer"/>
        <observationCriteria moodCode="EVN" classCode="OBS">
          <templateId>
            <item root="2.16.840.1.113883.10.20.28.3.58" identifierName="patient characteristic, payer template"/>
            <item root="2.16.840.1.113883.3.100.1.1" identifierName="Source data criteria template"/>
          </templateId>
          <id root="2.16.840.1.113883.3.100.1" extension="PatientCharacteristicPayerPayer"/>
          <code xsi:type="CD" valueSet="2.16.840.1.114222.4.11.3591">
            <displayName value="Payer"/>
          </code>
          <text value="Patient Characteristic Payer: Payer"/>
          <definition>
            <criteriaReference moodCode="EVN" classCode="OBS">
              <id root="2.16.840.1.113883.3.100.1" extension="patient_characteristic_payer"/>
            </criteriaReference>
          </definition>
          <outboundRelationship typeCode="SUBJ">
            <subsetCode code="SOURCE"/>
            <criteriaReference classCode="OBS" moodCode="EVN">
              <id root="2.16.840.1.113883.3.100.1" extension="PatientCharacteristicPayerPayer"/>
            </criteriaReference>
          </outboundRelationship>
        </observationCriteria>
      </entry>
    </dataCriteriaSection>
  </component>
  <component>
    <populationCriteriaSection>
      <templateId>
        <item root="2.16.840.1.113883.10.20.28.2.1"/>
      </templateId>
      <id root="2.16.840.1.113883.3.100.1" extension="Population1"/>
      <code code="57026-7" codeSystem="2.16.840.1.113883.6.1"/>
      <title value="Population 1"/>
      <text value="This section describes the Initial Patient Population, Numerator, Denominator, Denominator Exceptions, and Measure Populations"/>
      <component typeCode="COMP">
        <initialPopulationCriteria classCode="OBS" moodCode="EVN" isCriterionInd="true">
          <id root="c75181d0-73eb-11de-8a39-0800200c9a66" extension="66708786-C35D-4BA1-97F9-A3E17AC18AF8"/>
          <code codeSystem="2.16.840.1.113883.5.1063" codeSystemName="HL7 Observation Value" code="IPP">
            <displayName value="Initial Patient Population"/>
          </code>
          <precondition typeCode="PRCN">
            <allTrue>
              <id/>
              <precondition typeCode="PRCN">
                <criteriaReference moodCode="EVN" classCode="ENC">
                  <id root="2.16.840.1.113883.3.100.1" extension="OccurrenceAEncounterInpatient2_precondition_4"/>
                </criteriaReference>
              </precondition>
              <precondition typeCode="PRCN">
                <criteriaReference moodCode="EVN" classCode="ENC">
                  <id root="2.16.840.1.113883.3.100.1" extension="OccurrenceAEncounterInpatient2_precondition_6"/>
                </criteriaReference>
              </precondition>
            </allTrue>
          </precondition>
        </initialPopulationCriteria>
      </component>
      <component typeCode="COMP">
        <measurePopulationCriteria classCode="OBS" moodCode="EVN" isCriterionInd="true">
          <id root="c75181d0-73eb-11de-8a39-0800200c9a66" extension="67190FF7-2DFB-4AC8-ABE2-7B8431D58822"/>
          <code codeSystem="2.16.840.1.113883.5.1063" codeSystemName="HL7 Observation Value" code="MSRPOPL">
            <displayName value="Measure Population"/>
          </code>
          <precondition typeCode="PRCN">
            <allTrue>
              <id/>
              <precondition typeCode="PRCN">
                <criteriaReference moodCode="EVN" classCode="ENC">
                  <id root="2.16.840.1.113883.3.100.1" extension="OccurrenceAEmergencyDepartmentVisit1_precondition_9"/>
                </criteriaReference>
              </precondition>
              <precondition typeCode="PRCN">
                <criteriaReference moodCode="EVN" classCode="ENC">
                  <id root="2.16.840.1.113883.3.100.1" extension="OccurrenceADecisionToAdmitToHospitalInpatient3_precondition_11"/>
                </criteriaReference>
              </precondition>
            </allTrue>
          </precondition>
        </measurePopulationCriteria>
      </component>
    </populationCriteriaSection>
  </component>
  <component>
    <measureObservationsSection>
      <templateId>
        <item root="2.16.840.1.113883.10.20.28.2.4"/>
      </templateId>
      <code code="57027-5" codeSystem="2.16.840.1.113883.6.1">
        <displayName value="Measure Observation"/>
      </code>
      <title value="Measure Observation Section"/>
      <text/>
      <definition typeCode="INST">
        <measureObservationDefinition classCode="OBS" moodCode="DEF">
          <typeId root="2.16.840.1.113883.3.100.1" extension="B9352E6D-C82D-424A-A1D3-05A1F3FBAED3"/>
          <code code="AGGREGATE" codeSystem="2.16.840.1.113883.5.4"> </code>
          <value xsi:type="PQ">
            <expression value="NOT IMPLEMENTED"/>
          </value>
          <methodCode>
            <item code="MEDIAN" codeSystem="2.16.840.1.113883.5.84"/>
          </methodCode>
          <precondition typeCode="PRCN">
            <join moodCode="DEF" classCode="OBS">
              <templateId>
                <item root="2.16.840.1.113883.3.100.1" extension="GROUP_TIMEDIFF_33" identifierName="OBS"/>
              </templateId>
              <value/>
            </join>
          </precondition>
          <precondition typeCode="PRCN">
            <join moodCode="DEF" classCode="OBS">
              <templateId>
                <item root="c75181d0-73eb-11de-8a39-0800200c9a66" extension="67190FF7-2DFB-4AC8-ABE2-7B8431D58822"/>
              </templateId>
              <value/>
            </join>
          </precondition>
        </measureObservationDefinition>
      </definition>
    </measureObservationsSection>
  </component>
  <component>
    <populationCriteriaSection>
      <templateId>
        <item root="2.16.840.1.113883.3.100.1.2" identifierName="Stratified" controlInformationRoot="40280381-3D27-5493-013D-4D8E562965EE"/>
      </templateId>
      <id root="2.16.840.1.113883.3.100.1" extension="Population2"/>
      <code code="57026-7" codeSystem="2.16.840.1.113883.6.1"/>
      <title value="Population 2"/>
      <text value="This section describes the Initial Patient Population, Numerator, Denominator, Denominator Exceptions, and Measure Populations"/>
      <component typeCode="COMP">
        <initialPopulationCriteria classCode="OBS" moodCode="EVN" isCriterionInd="true">
          <id root="c75181d0-73eb-11de-8a39-0800200c9a66" extension="66708786-C35D-4BA1-97F9-A3E17AC18AF8"/>
          <code codeSystem="2.16.840.1.113883.5.1063" codeSystemName="HL7 Observation Value" code="IPP">
            <displayName value="Initial Patient Population"/>
          </code>
          <precondition typeCode="PRCN">
            <allTrue>
              <id/>
              <precondition typeCode="PRCN">
                <criteriaReference moodCode="EVN" classCode="ENC">
                  <id root="2.16.840.1.113883.3.100.1" extension="OccurrenceAEncounterInpatient2_precondition_4"/>
                </criteriaReference>
              </precondition>
              <precondition typeCode="PRCN">
                <criteriaReference moodCode="EVN" classCode="ENC">
                  <id root="2.16.840.1.113883.3.100.1" extension="OccurrenceAEncounterInpatient2_precondition_6"/>
                </criteriaReference>
              </precondition>
            </allTrue>
          </precondition>
        </initialPopulationCriteria>
      </component>
      <component typeCode="COMP">
        <measurePopulationCriteria classCode="OBS" moodCode="EVN" isCriterionInd="true">
          <id root="c75181d0-73eb-11de-8a39-0800200c9a66" extension="67190FF7-2DFB-4AC8-ABE2-7B8431D58822"/>
          <code codeSystem="2.16.840.1.113883.5.1063" codeSystemName="HL7 Observation Value" code="MSRPOPL">
            <displayName value="Measure Population"/>
          </code>
          <precondition typeCode="PRCN">
            <allTrue>
              <id/>
              <precondition typeCode="PRCN">
                <criteriaReference moodCode="EVN" classCode="ENC">
                  <id root="2.16.840.1.113883.3.100.1" extension="OccurrenceAEmergencyDepartmentVisit1_precondition_9"/>
                </criteriaReference>
              </precondition>
              <precondition typeCode="PRCN">
                <criteriaReference moodCode="EVN" classCode="ENC">
                  <id root="2.16.840.1.113883.3.100.1" extension="OccurrenceADecisionToAdmitToHospitalInpatient3_precondition_11"/>
                </criteriaReference>
              </precondition>
            </allTrue>
          </precondition>
        </measurePopulationCriteria>
      </component>
      <component typeCode="COMP">
        <stratifierCriteria classCode="OBS" moodCode="EVN" isCriterionInd="true">
          <id root="c75181d0-73eb-11de-8a39-0800200c9a66" extension="40280381-3D27-5493-013D-4D8E562965EE"/>
          <code codeSystem="2.16.840.1.113883.5.1063" codeSystemName="HL7 Observation Value" code="STRAT">
            <displayName value=""/>
          </code>
          <precondition typeCode="PRCN">
            <allTrue>
              <id/>
              <precondition typeCode="PRCN">
                <criteriaReference moodCode="EVN" classCode="ENC">
                  <id root="2.16.840.1.113883.3.100.1" extension="OccurrenceAEmergencyDepartmentVisit1_precondition_23"/>
                </criteriaReference>
              </precondition>
            </allTrue>
          </precondition>
        </stratifierCriteria>
      </component>
    </populationCriteriaSection>
  </component>
  <component>
    <measureObservationsSection>
      <templateId>
        <item root="2.16.840.1.113883.10.20.28.2.4"/>
      </templateId>
      <code code="57027-5" codeSystem="2.16.840.1.113883.6.1">
        <displayName value="Measure Observation"/>
      </code>
      <title value="Measure Observation Section"/>
      <text/>
      <definition typeCode="INST">
        <measureObservationDefinition classCode="OBS" moodCode="DEF">
          <typeId root="2.16.840.1.113883.3.100.1" extension="B9352E6D-C82D-424A-A1D3-05A1F3FBAED3"/>
          <code code="AGGREGATE" codeSystem="2.16.840.1.113883.5.4"> </code>
          <value xsi:type="PQ">
            <expression value="NOT IMPLEMENTED"/>
          </value>
          <methodCode>
            <item code="MEDIAN" codeSystem="2.16.840.1.113883.5.84"/>
          </methodCode>
          <precondition typeCode="PRCN">
            <join moodCode="DEF" classCode="OBS">
              <templateId>
                <item root="2.16.840.1.113883.3.100.1" extension="GROUP_TIMEDIFF_33" identifierName="OBS"/>
              </templateId>
              <value/>
            </join>
          </precondition>
          <precondition typeCode="PRCN">
            <join moodCode="DEF" classCode="OBS">
              <templateId>
                <item root="c75181d0-73eb-11de-8a39-0800200c9a66" extension="67190FF7-2DFB-4AC8-ABE2-7B8431D58822"/>
              </templateId>
              <value/>
            </join>
          </precondition>
        </measureObservationDefinition>
      </definition>
    </measureObservationsSection>
  </component>
  <component>
    <populationCriteriaSection>
      <templateId>
        <item root="2.16.840.1.113883.3.100.1.2" identifierName="Stratified" controlInformationRoot="40280381-3D27-5493-013D-4D8E566C65F0"/>
      </templateId>
      <id root="2.16.840.1.113883.3.100.1" extension="Population3"/>
      <code code="57026-7" codeSystem="2.16.840.1.113883.6.1"/>
      <title value="Population 3"/>
      <text value="This section describes the Initial Patient Population, Numerator, Denominator, Denominator Exceptions, and Measure Populations"/>
      <component typeCode="COMP">
        <initialPopulationCriteria classCode="OBS" moodCode="EVN" isCriterionInd="true">
          <id root="c75181d0-73eb-11de-8a39-0800200c9a66" extension="66708786-C35D-4BA1-97F9-A3E17AC18AF8"/>
          <code codeSystem="2.16.840.1.113883.5.1063" codeSystemName="HL7 Observation Value" code="IPP">
            <displayName value="Initial Patient Population"/>
          </code>
          <precondition typeCode="PRCN">
            <allTrue>
              <id/>
              <precondition typeCode="PRCN">
                <criteriaReference moodCode="EVN" classCode="ENC">
                  <id root="2.16.840.1.113883.3.100.1" extension="OccurrenceAEncounterInpatient2_precondition_4"/>
                </criteriaReference>
              </precondition>
              <precondition typeCode="PRCN">
                <criteriaReference moodCode="EVN" classCode="ENC">
                  <id root="2.16.840.1.113883.3.100.1" extension="OccurrenceAEncounterInpatient2_precondition_6"/>
                </criteriaReference>
              </precondition>
            </allTrue>
          </precondition>
        </initialPopulationCriteria>
      </component>
      <component typeCode="COMP">
        <measurePopulationCriteria classCode="OBS" moodCode="EVN" isCriterionInd="true">
          <id root="c75181d0-73eb-11de-8a39-0800200c9a66" extension="67190FF7-2DFB-4AC8-ABE2-7B8431D58822"/>
          <code codeSystem="2.16.840.1.113883.5.1063" codeSystemName="HL7 Observation Value" code="MSRPOPL">
            <displayName value="Measure Population"/>
          </code>
          <precondition typeCode="PRCN">
            <allTrue>
              <id/>
              <precondition typeCode="PRCN">
                <criteriaReference moodCode="EVN" classCode="ENC">
                  <id root="2.16.840.1.113883.3.100.1" extension="OccurrenceAEmergencyDepartmentVisit1_precondition_9"/>
                </criteriaReference>
              </precondition>
              <precondition typeCode="PRCN">
                <criteriaReference moodCode="EVN" classCode="ENC">
                  <id root="2.16.840.1.113883.3.100.1" extension="OccurrenceADecisionToAdmitToHospitalInpatient3_precondition_11"/>
                </criteriaReference>
              </precondition>
            </allTrue>
          </precondition>
        </measurePopulationCriteria>
      </component>
      <component typeCode="COMP">
        <stratifierCriteria classCode="OBS" moodCode="EVN" isCriterionInd="true">
          <id root="c75181d0-73eb-11de-8a39-0800200c9a66" extension="40280381-3D27-5493-013D-4D8E566C65F0"/>
          <code codeSystem="2.16.840.1.113883.5.1063" codeSystemName="HL7 Observation Value" code="STRAT">
            <displayName value=""/>
          </code>
          <precondition typeCode="PRCN">
            <allFalse>
              <id/>
              <precondition typeCode="PRCN">
                <criteriaReference moodCode="EVN" classCode="OBS">
                  <id root="2.16.840.1.113883.3.100.1" extension="DiagnosisActivePsychiatricMentalHealthPatient_precondition_26"/>
                </criteriaReference>
              </precondition>
            </allFalse>
          </precondition>
        </stratifierCriteria>
      </component>
    </populationCriteriaSection>
  </component>
  <component>
    <measureObservationsSection>
      <templateId>
        <item root="2.16.840.1.113883.10.20.28.2.4"/>
      </templateId>
      <code code="57027-5" codeSystem="2.16.840.1.113883.6.1">
        <displayName value="Measure Observation"/>
      </code>
      <title value="Measure Observation Section"/>
      <text/>
      <definition typeCode="INST">
        <measureObservationDefinition classCode="OBS" moodCode="DEF">
          <typeId root="2.16.840.1.113883.3.100.1" extension="B9352E6D-C82D-424A-A1D3-05A1F3FBAED3"/>
          <code code="AGGREGATE" codeSystem="2.16.840.1.113883.5.4"> </code>
          <value xsi:type="PQ">
            <expression value="NOT IMPLEMENTED"/>
          </value>
          <methodCode>
            <item code="MEDIAN" codeSystem="2.16.840.1.113883.5.84"/>
          </methodCode>
          <precondition typeCode="PRCN">
            <join moodCode="DEF" classCode="OBS">
              <templateId>
                <item root="2.16.840.1.113883.3.100.1" extension="GROUP_TIMEDIFF_33" identifierName="OBS"/>
              </templateId>
              <value/>
            </join>
          </precondition>
          <precondition typeCode="PRCN">
            <join moodCode="DEF" classCode="OBS">
              <templateId>
                <item root="c75181d0-73eb-11de-8a39-0800200c9a66" extension="67190FF7-2DFB-4AC8-ABE2-7B8431D58822"/>
              </templateId>
              <value/>
            </join>
          </precondition>
        </measureObservationDefinition>
      </definition>
    </measureObservationsSection>
  </component>
  <component>
    <populationCriteriaSection>
      <templateId>
        <item root="2.16.840.1.113883.3.100.1.2" identifierName="Stratified" controlInformationRoot="40280381-3D27-5493-013D-4D8E56A965F2"/>
      </templateId>
      <id root="2.16.840.1.113883.3.100.1" extension="Population4"/>
      <code code="57026-7" codeSystem="2.16.840.1.113883.6.1"/>
      <title value="Population 4"/>
      <text value="This section describes the Initial Patient Population, Numerator, Denominator, Denominator Exceptions, and Measure Populations"/>
      <component typeCode="COMP">
        <initialPopulationCriteria classCode="OBS" moodCode="EVN" isCriterionInd="true">
          <id root="c75181d0-73eb-11de-8a39-0800200c9a66" extension="66708786-C35D-4BA1-97F9-A3E17AC18AF8"/>
          <code codeSystem="2.16.840.1.113883.5.1063" codeSystemName="HL7 Observation Value" code="IPP">
            <displayName value="Initial Patient Population"/>
          </code>
          <precondition typeCode="PRCN">
            <allTrue>
              <id/>
              <precondition typeCode="PRCN">
                <criteriaReference moodCode="EVN" classCode="ENC">
                  <id root="2.16.840.1.113883.3.100.1" extension="OccurrenceAEncounterInpatient2_precondition_4"/>
                </criteriaReference>
              </precondition>
              <precondition typeCode="PRCN">
                <criteriaReference moodCode="EVN" classCode="ENC">
                  <id root="2.16.840.1.113883.3.100.1" extension="OccurrenceAEncounterInpatient2_precondition_6"/>
                </criteriaReference>
              </precondition>
            </allTrue>
          </precondition>
        </initialPopulationCriteria>
      </component>
      <component typeCode="COMP">
        <measurePopulationCriteria classCode="OBS" moodCode="EVN" isCriterionInd="true">
          <id root="c75181d0-73eb-11de-8a39-0800200c9a66" extension="67190FF7-2DFB-4AC8-ABE2-7B8431D58822"/>
          <code codeSystem="2.16.840.1.113883.5.1063" codeSystemName="HL7 Observation Value" code="MSRPOPL">
            <displayName value="Measure Population"/>
          </code>
          <precondition typeCode="PRCN">
            <allTrue>
              <id/>
              <precondition typeCode="PRCN">
                <criteriaReference moodCode="EVN" classCode="ENC">
                  <id root="2.16.840.1.113883.3.100.1" extension="OccurrenceAEmergencyDepartmentVisit1_precondition_9"/>
                </criteriaReference>
              </precondition>
              <precondition typeCode="PRCN">
                <criteriaReference moodCode="EVN" classCode="ENC">
                  <id root="2.16.840.1.113883.3.100.1" extension="OccurrenceADecisionToAdmitToHospitalInpatient3_precondition_11"/>
                </criteriaReference>
              </precondition>
            </allTrue>
          </precondition>
        </measurePopulationCriteria>
      </component>
      <component typeCode="COMP">
        <stratifierCriteria classCode="OBS" moodCode="EVN" isCriterionInd="true">
          <id root="c75181d0-73eb-11de-8a39-0800200c9a66" extension="40280381-3D27-5493-013D-4D8E56A965F2"/>
          <code codeSystem="2.16.840.1.113883.5.1063" codeSystemName="HL7 Observation Value" code="STRAT">
            <displayName value=""/>
          </code>
          <precondition typeCode="PRCN">
            <allTrue>
              <id/>
              <precondition typeCode="PRCN">
                <criteriaReference moodCode="EVN" classCode="OBS">
                  <id root="2.16.840.1.113883.3.100.1" extension="DiagnosisActivePsychiatricMentalHealthPatient_precondition_29"/>
                </criteriaReference>
              </precondition>
            </allTrue>
          </precondition>
        </stratifierCriteria>
      </component>
    </populationCriteriaSection>
  </component>
  <component>
    <measureObservationsSection>
      <templateId>
        <item root="2.16.840.1.113883.10.20.28.2.4"/>
      </templateId>
      <code code="57027-5" codeSystem="2.16.840.1.113883.6.1">
        <displayName value="Measure Observation"/>
      </code>
      <title value="Measure Observation Section"/>
      <text/>
      <definition typeCode="INST">
        <measureObservationDefinition classCode="OBS" moodCode="DEF">
          <typeId root="2.16.840.1.113883.3.100.1" extension="B9352E6D-C82D-424A-A1D3-05A1F3FBAED3"/>
          <code code="AGGREGATE" codeSystem="2.16.840.1.113883.5.4"> </code>
          <value xsi:type="PQ">
            <expression value="NOT IMPLEMENTED"/>
          </value>
          <methodCode>
            <item code="MEDIAN" codeSystem="2.16.840.1.113883.5.84"/>
          </methodCode>
          <precondition typeCode="PRCN">
            <join moodCode="DEF" classCode="OBS">
              <templateId>
                <item root="2.16.840.1.113883.3.100.1" extension="GROUP_TIMEDIFF_33" identifierName="OBS"/>
              </templateId>
              <value/>
            </join>
          </precondition>
          <precondition typeCode="PRCN">
            <join moodCode="DEF" classCode="OBS">
              <templateId>
                <item root="c75181d0-73eb-11de-8a39-0800200c9a66" extension="67190FF7-2DFB-4AC8-ABE2-7B8431D58822"/>
              </templateId>
              <value/>
            </join>
          </precondition>
        </measureObservationDefinition>
      </definition>
    </measureObservationsSection>
  </component>
</QualityMeasureDocument>
