<?xml version="1.0" encoding="utf-8"?>
<QualityMeasureDocument xmlns="urn:hl7-org:v3" xmlns:xsi="http://www.w3.org/2001/XMLSchema-instance" xmlns:qdm="urn:hhs-qdm:hqmf-r2-extensions:v1">
  <typeId root="2.16.840.1.113883.1.3" extension="POQM_MT000001UV03"/>
  <templateId>
    <item root="2.16.840.1.113883.10.20.28.1.1"/>
  </templateId>
  <id root="2.16.840.1.113883.3.100.1" extension="40280381-446B-B8C2-0144-95DD84641CD4"/>
  <code code="57024-2" codeSystem="2.16.840.1.113883.6.1"/>
  <title value="Assessed for Rehabilitation"/>
  <text value="Ischemic or hemorrhagic stroke patients who were assessed for rehabilitation services."/>
  <statusCode code="completed"/>
  <setId root="2.16.840.1.113883.3.100.1" extension="7DC26160-E615-4CC2-879C-75985189EC1A"/>
  <versionNumber value="3"/>
  <author typeCode="AUT">
    <responsibleParty classCode="ASSIGNED"/>
  </author>
  <custodian typeCode="CST">
    <responsibleParty classCode="ASSIGNED"/>
  </custodian>
  <controlVariable>
    <measurePeriod>
      <code code="MSRTP" codeSystem="2.16.840.1.113883.3.560">
        <displayName value="Measurement period"/>
      </code>
      <value xsi:type="PIVL_TS">
        <phase lowClosed="true" highClosed="true">
          <low value="201201010000"/>
          <high value="201212312359"/>
          <width xsi:type="PQ" value="1" unit="a"/>
        </phase>
      </value>
    </measurePeriod>
  </controlVariable>
  <subjectOf>
    <measureAttribute classCode="OBS" moodCode="EVN">
      <code nullFlavor="OTH">
        <originalText value="Finalized Date/Time"/>
      </code>
      <value xsi:type="ANY" flavorId="ANY.NONNULL"/>
    </measureAttribute>
  </subjectOf>
  <subjectOf>
    <measureAttribute classCode="OBS" moodCode="EVN">
      <code codeSystem="2.16.840.1.113883.5.4" code="COPY">
        <displayName value="Copyright"/>
      </code>
      <value xsi:type="ED" mediaType="text/plain" value="Measure specifications are in the Public Domain  LOINC(R) is a registered trademark of the Regenstrief Institute.  This material contains SNOMED Clinical Terms (R) (SNOMED CT(c) ) copyright 2004-–2010 International Health Terminology Standards Development Organization. All rights reserved."/>
    </measureAttribute>
  </subjectOf>
  <subjectOf>
    <measureAttribute classCode="OBS" moodCode="EVN">
      <code codeSystem="2.16.840.1.113883.5.4" code="MSRSCORE">
        <displayName value="Measure Scoring"/>
      </code>
      <value xsi:type="CD" codeSystem="2.16.840.1.113883.1.11.20367" code="PROPOR">
        <displayName value="Proportion"/>
      </value>
    </measureAttribute>
  </subjectOf>
  <subjectOf>
    <measureAttribute classCode="OBS" moodCode="EVN">
      <code codeSystem="2.16.840.1.113883.5.4" code="MSRTYPE">
        <displayName value="Measure Type"/>
      </code>
      <value xsi:type="CD" codeSystem="2.16.840.1.113883.1.11.20368" code="PROCESS">
        <displayName value="Process"/>
      </value>
    </measureAttribute>
  </subjectOf>
  <subjectOf>
    <measureAttribute classCode="OBS" moodCode="EVN">
      <code codeSystem="2.16.840.1.113883.5.4" code="STRAT">
        <displayName value="Stratification"/>
      </code>
      <value xsi:type="ED" mediaType="text/plain" value="None"/>
    </measureAttribute>
  </subjectOf>
  <subjectOf>
    <measureAttribute classCode="OBS" moodCode="EVN">
      <code codeSystem="2.16.840.1.113883.5.4" code="MSRADJ">
        <displayName value="Risk Adjustment"/>
      </code>
      <value xsi:type="ED" mediaType="text/plain" value="None"/>
    </measureAttribute>
  </subjectOf>
  <subjectOf>
    <measureAttribute classCode="OBS" moodCode="EVN">
      <code codeSystem="2.16.840.1.113883.5.4" code="MSRAGG">
        <displayName value="Rate Aggregation"/>
      </code>
      <value xsi:type="ED" mediaType="text/plain" value="None"/>
    </measureAttribute>
  </subjectOf>
  <subjectOf>
    <measureAttribute classCode="OBS" moodCode="EVN">
      <code codeSystem="2.16.840.1.113883.5.4" code="RAT">
        <displayName value="Rationale"/>
      </code>
      <value xsi:type="ED" mediaType="text/plain" value="Each year about 700,000 people experience a new or recurrent stroke, which is the nation's third leading cause of death. Approximately two thirds of these individuals survive and require rehabilitation. Stroke is a leading cause of serious, long- term disability in the United States, with about 4.4 million stroke survivors alive today. Forty percent of stroke patients are left with moderate functional impairment and 15 to 30 percent with severe disability. More than 60% of those who have experienced stroke, serious injury, or a disabling disease have never received rehabilitation. Stroke rehabilitation should begin as soon as the diagnosis of stroke is established and life- threatening problems are under control. Among the high priorities for stroke are to mobilize the patient and encourage resumption of self-care activities as soon as possible. A considerable body of evidence indicates better clinical outcomes when patients with stroke are treated in a setting that provides coordinated, multidisciplinary stroke-related evaluation and services. Effective rehabilitation interventions initiated early following stroke can enhance the recovery process and minimize functional disability. The primary goal of rehabilitation is to prevent complications, minimize impairments, and maximize function."/>
    </measureAttribute>
  </subjectOf>
  <subjectOf>
    <measureAttribute classCode="OBS" moodCode="EVN">
      <code codeSystem="2.16.840.1.113883.3.560" code="CRS">
        <displayName value="Clinical Recommendation Statement"/>
      </code>
      <value xsi:type="ED" mediaType="text/plain" value="A considerable body of evidence indicates better clinical outcomes when patients with stroke are treated in a setting that provides coordinated, multidisciplinary stroke-related evaluation and services. Effective rehabilitation interventions initiated early following stroke can enhance the recovery process and minimize functional disability."/>
    </measureAttribute>
  </subjectOf>
  <subjectOf>
    <measureAttribute classCode="OBS" moodCode="EVN">
      <code codeSystem="2.16.840.1.113883.3.560" code="IDUR">
        <displayName value="Improvement Notation"/>
      </code>
      <value xsi:type="ED" mediaType="text/plain" value="An increase in rate"/>
    </measureAttribute>
  </subjectOf>
  <subjectOf>
    <measureAttribute classCode="OBS" moodCode="EVN">
      <code nullFlavor="OTH">
        <originalText value="NQF ID Number"/>
      </code>
      <value xsi:type="II" root="2.16.840.1.113883.3.560.1" extension="0441"/>
    </measureAttribute>
  </subjectOf>
  <subjectOf>
    <measureAttribute classCode="OBS" moodCode="EVN">
      <code codeSystem="2.16.840.1.113883.5.4" code="DISC">
        <displayName value="Disclaimer"/>
        <originalText value="Disclaimer"/>
      </code>
      <value xsi:type="ED" mediaType="text/plain" value="These performance measures are not clinical guidelines and do not establish a standard of medical care, and have not been tested for all potential applications. The measures and specifications are provided without warranty."/>
    </measureAttribute>
  </subjectOf>
  <subjectOf>
    <measureAttribute classCode="OBS" moodCode="EVN">
      <code nullFlavor="OTH">
        <originalText value="eMeasure Identifier"/>
      </code>
      <value xsi:type="ED" mediaType="text/plain" value="102"/>
    </measureAttribute>
  </subjectOf>
  <subjectOf>
    <measureAttribute classCode="OBS" moodCode="EVN">
      <code codeSystem="2.16.840.1.113883.5.4" code="REF">
        <displayName value="Reference"/>
      </code>
      <value xsi:type="ED" mediaType="text/plain" value="&quot;Outcomes in Stroke Rehabilitation.&quot; Topics in Stroke Rehabilitation 12, no. 4 (Fall 2005): 1-10, 11-19, 20-27, 28-36, 37-49."/>
    </measureAttribute>
  </subjectOf>
  <subjectOf>
    <measureAttribute classCode="OBS" moodCode="EVN">
      <code codeSystem="2.16.840.1.113883.3.560" code="DEF">
        <displayName value="Definition"/>
      </code>
      <value xsi:type="ED" mediaType="text/plain" value="None"/>
    </measureAttribute>
  </subjectOf>
  <subjectOf>
    <measureAttribute classCode="OBS" moodCode="EVN">
      <code codeSystem="2.16.840.1.113883.5.4" code="GUIDE">
        <displayName value="Guidance"/>
      </code>
      <value xsi:type="ED" mediaType="text/plain" value="The unit of measurement for this measure is an inpatient episode of care. Each distinct hospitalization should be reported, regardless of whether the same patient is admitted for inpatient care more than once during the measurement period. In addition, the eMeasure logic intends to represent events within or surrounding a single occurrence of an inpatient hospitalization.  The “Non-elective Inpatient Encounter” value set intends to capture all non-scheduled hospitalizations. This value set is a subset of the “Inpatient encounter” value set, excluding concepts that specifically refer to elective hospital admissions. Non-elective admissions include emergency, urgent and unplanned admissions, including patients admitted for observation."/>
    </measureAttribute>
  </subjectOf>
  <subjectOf>
    <measureAttribute classCode="OBS" moodCode="EVN">
      <code nullFlavor="OTH">
        <originalText value="Transmission Format"/>
      </code>
      <value xsi:type="ED" mediaType="text/plain" value="None"/>
    </measureAttribute>
  </subjectOf>
  <subjectOf>
    <measureAttribute classCode="OBS" moodCode="EVN">
      <code codeSystem="2.16.840.1.113883.5.1063" code="IPP">
        <originalText value="Initial Patient Population"/>
      </code>
      <value xsi:type="ED" mediaType="text/plain" value="Patients age 18 and older discharged from inpatient care (non-elective admissions) with a principal diagnosis of ischemic or hemorrhagic stroke and a length of stay less or equal to 120 days."/>
    </measureAttribute>
  </subjectOf>
  <subjectOf>
    <measureAttribute classCode="OBS" moodCode="EVN">
      <code codeSystem="2.16.840.1.113883.5.1063" code="DENOM">
        <originalText value="Denominator"/>
      </code>
      <value xsi:type="ED" mediaType="text/plain" value="Initial Patient Population"/>
    </measureAttribute>
  </subjectOf>
  <subjectOf>
    <measureAttribute classCode="OBS" moodCode="EVN">
      <code nullFlavor="OTH">
        <originalText value="Denominator Exclusions"/>
      </code>
      <value xsi:type="ED" mediaType="text/plain" value="Patients with comfort measures documented Patients discharged to another hospital Patients who left against medical advice Patients who expired Patients discharged to home for hospice care Patients discharged to a health care facility for hospice care"/>
    </measureAttribute>
  </subjectOf>
  <subjectOf>
    <measureAttribute classCode="OBS" moodCode="EVN">
      <code codeSystem="2.16.840.1.113883.5.1063" code="NUMER">
        <originalText value="Numerator"/>
      </code>
      <value xsi:type="ED" mediaType="text/plain" value="Patients assessed for or who received rehabilitation services."/>
    </measureAttribute>
  </subjectOf>
  <subjectOf>
    <measureAttribute classCode="OBS" moodCode="EVN">
      <code nullFlavor="OTH">
        <originalText value="Numerator Exclusions"/>
      </code>
      <value xsi:type="ED" mediaType="text/plain" value="Not Applicable"/>
    </measureAttribute>
  </subjectOf>
  <subjectOf>
    <measureAttribute classCode="OBS" moodCode="EVN">
      <code codeSystem="2.16.840.1.113883.5.1063" code="DENEXCEP">
        <originalText value="Denominator Exceptions"/>
      </code>
      <value xsi:type="ED" mediaType="text/plain" value="None"/>
    </measureAttribute>
  </subjectOf>
  <subjectOf>
    <measureAttribute classCode="OBS" moodCode="EVN">
      <code codeSystem="2.16.840.1.113883.5.1063" code="MSRPOPL">
        <originalText value="Measure Population"/>
      </code>
      <value xsi:type="ED" mediaType="text/plain" value="Not Applicable"/>
    </measureAttribute>
  </subjectOf>
  <subjectOf>
    <measureAttribute classCode="OBS" moodCode="EVN">
      <code nullFlavor="OTH">
        <originalText value="Measure Observations"/>
      </code>
      <value xsi:type="ED" mediaType="text/plain" value="Not Applicable"/>
    </measureAttribute>
  </subjectOf>
  <subjectOf>
    <measureAttribute classCode="OBS" moodCode="EVN">
      <code nullFlavor="OTH">
        <originalText value="Supplemental Data Elements"/>
      </code>
      <value xsi:type="ED" mediaType="text/plain" value="For every patient evaluated by this measure also identify payer, race, ethnicity, and sex."/>
    </measureAttribute>
  </subjectOf>
  <component>
    <dataCriteriaSection>
      <templateId>
        <item root="2.16.840.1.113883.10.20.28.2.2"/>
      </templateId>
      <code code="57025-9" codeSystem="2.16.840.1.113883.6.1"/>
      <title value="Data Criteria Section"/>
      <text value="This section describes the data criteria."/>
      <entry typeCode="DRIV">
        <localVariableName value="OccurrenceAOccurrenceANonElectiveInpatientEncounter2"/>
        <encounterCriteria moodCode="EVN" classCode="ENC">
          <id root="2.16.840.1.113883.3.100.1" extension="OccurrenceANonElectiveInpatientEncounter2"/>
          <outboundRelationship typeCode="OCCR">
            <localVariableName controlInformationRoot="ENCOUNTER_PERFORMED_NON_ELECTIVE_INPATIENT_ENCOUNTER" controlInformationExtension="A"/>
            <criteriaReference classCode="OBS" moodCode="EVN">
              <id root="2.16.840.1.113883.3.100.1" extension="OccurrenceANonElectiveInpatientEncounter2"/>
            </criteriaReference>
          </outboundRelationship>
        </encounterCriteria>
      </entry>
      <entry typeCode="DRIV">
        <localVariableName value="ProcedurePerformedNotDonePatientRefusal"/>
        <procedureCriteria moodCode="EVN" classCode="PROC" actionNegationInd="true">
          <templateId>
            <item root="2.16.840.1.113883.10.20.28.3.67" identifierName="procedure, performed template"/>
          </templateId>
          <id root="2.16.840.1.113883.3.100.1" extension="ProcedurePerformedNotDonePatientRefusal"/>
          <code xsi:type="CD" valueSet="2.16.840.1.113762.1.4.1045.18">
            <displayName value="Patient Refusal"/>
          </code>
          <text value="Procedure, Performed not done: Patient Refusal"/>
          <statusCode code="performed"/>
          <definition>
            <criteriaReference moodCode="EVN" classCode="PROC">
              <id root="2.16.840.1.113883.3.100.1" extension="procedure"/>
            </criteriaReference>
          </definition>
          <outboundRelationship typeCode="SUBJ">
            <subsetCode code="SOURCE"/>
            <criteriaReference classCode="OBS" moodCode="EVN">
              <id root="2.16.840.1.113883.3.100.1" extension="ProcedurePerformedNotDonePatientRefusal"/>
            </criteriaReference>
          </outboundRelationship>
        </procedureCriteria>
      </entry>
      <entry typeCode="DRIV">
        <localVariableName value="EncounterPerformedEmergencyDepartmentVisit"/>
        <encounterCriteria moodCode="EVN" classCode="ENC">
          <templateId>
            <item root="2.16.840.1.113883.10.20.28.3.5" identifierName="encounter, performed template"/>
          </templateId>
          <id root="2.16.840.1.113883.3.100.1" extension="EncounterPerformedEmergencyDepartmentVisit"/>
          <code xsi:type="CD" valueSet="2.16.840.1.113883.3.117.1.7.1.292">
            <displayName value="Emergency Department Visit"/>
          </code>
          <text value="Encounter, Performed: Emergency Department Visit"/>
          <definition>
            <criteriaReference moodCode="EVN" classCode="ENC">
              <id root="2.16.840.1.113883.3.100.1" extension="encounter"/>
            </criteriaReference>
          </definition>
          <outboundRelationship typeCode="SUBJ">
            <subsetCode code="SOURCE"/>
            <criteriaReference classCode="OBS" moodCode="EVN">
              <id root="2.16.840.1.113883.3.100.1" extension="EncounterPerformedEmergencyDepartmentVisit"/>
            </criteriaReference>
          </outboundRelationship>
        </encounterCriteria>
      </entry>
      <entry typeCode="DRIV">
        <localVariableName value="EncounterPerformedNonElectiveInpatientEncounter"/>
        <encounterCriteria moodCode="EVN" classCode="ENC">
          <templateId>
            <item root="2.16.840.1.113883.10.20.28.3.5" identifierName="encounter, performed template"/>
          </templateId>
          <id root="2.16.840.1.113883.3.100.1" extension="EncounterPerformedNonElectiveInpatientEncounter"/>
          <code xsi:type="CD" valueSet="2.16.840.1.113883.3.117.1.7.1.424">
            <displayName value="Non-Elective Inpatient Encounter"/>
          </code>
          <text value="Encounter, Performed: Non-Elective Inpatient Encounter"/>
          <definition>
            <criteriaReference moodCode="EVN" classCode="ENC">
              <id root="2.16.840.1.113883.3.100.1" extension="encounter"/>
            </criteriaReference>
          </definition>
          <outboundRelationship typeCode="SUBJ">
            <subsetCode code="SOURCE"/>
            <criteriaReference classCode="OBS" moodCode="EVN">
              <id root="2.16.840.1.113883.3.100.1" extension="EncounterPerformedNonElectiveInpatientEncounter"/>
            </criteriaReference>
          </outboundRelationship>
        </encounterCriteria>
      </entry>
      <entry typeCode="DRIV">
        <localVariableName value="PatientCharacteristicSexOncAdministrativeSex"/>
        <observationCriteria moodCode="EVN" classCode="OBS">
          <templateId>
            <item root="2.16.840.1.113883.10.20.28.3.55" identifierName="patient characteristic, gender template"/>
          </templateId>
          <id root="2.16.840.1.113883.3.100.1" extension="PatientCharacteristicSexOncAdministrativeSex"/>
          <code xsi:type="CD" valueSet="2.16.840.1.113762.1.4.1">
            <displayName value="ONC Administrative Sex"/>
          </code>
          <text value="Patient Characteristic Sex: ONC Administrative Sex"/>
          <definition>
            <criteriaReference moodCode="EVN" classCode="OBS">
              <id root="2.16.840.1.113883.3.100.1" extension="patient_characteristic_gender"/>
            </criteriaReference>
          </definition>
          <outboundRelationship typeCode="SUBJ">
            <subsetCode code="SOURCE"/>
            <criteriaReference classCode="OBS" moodCode="EVN">
              <id root="2.16.840.1.113883.3.100.1" extension="PatientCharacteristicSexOncAdministrativeSex"/>
            </criteriaReference>
          </outboundRelationship>
        </observationCriteria>
      </entry>
      <entry typeCode="DRIV">
        <localVariableName value="PatientCharacteristicRaceRace"/>
        <observationCriteria moodCode="EVN" classCode="OBS">
          <templateId>
            <item root="2.16.840.1.113883.10.20.28.3.59" identifierName="patient characteristic, race template"/>
          </templateId>
          <id root="2.16.840.1.113883.3.100.1" extension="PatientCharacteristicRaceRace"/>
          <code xsi:type="CD" valueSet="2.16.840.1.114222.4.11.836">
            <displayName value="Race"/>
          </code>
          <text value="Patient Characteristic Race: Race"/>
          <definition>
            <criteriaReference moodCode="EVN" classCode="OBS">
              <id root="2.16.840.1.113883.3.100.1" extension="patient_characteristic_race"/>
            </criteriaReference>
          </definition>
          <outboundRelationship typeCode="SUBJ">
            <subsetCode code="SOURCE"/>
            <criteriaReference classCode="OBS" moodCode="EVN">
              <id root="2.16.840.1.113883.3.100.1" extension="PatientCharacteristicRaceRace"/>
            </criteriaReference>
          </outboundRelationship>
        </observationCriteria>
      </entry>
      <entry typeCode="DRIV">
        <localVariableName value="PatientCharacteristicEthnicityEthnicity"/>
        <observationCriteria moodCode="EVN" classCode="OBS">
          <templateId>
            <item root="2.16.840.1.113883.10.20.28.3.56" identifierName="patient characteristic, ethnicity template"/>
          </templateId>
          <id root="2.16.840.1.113883.3.100.1" extension="PatientCharacteristicEthnicityEthnicity"/>
          <code xsi:type="CD" valueSet="2.16.840.1.114222.4.11.837">
            <displayName value="Ethnicity"/>
          </code>
          <text value="Patient Characteristic Ethnicity: Ethnicity"/>
          <definition>
            <criteriaReference moodCode="EVN" classCode="OBS">
              <id root="2.16.840.1.113883.3.100.1" extension="patient_characteristic_ethnicity"/>
            </criteriaReference>
          </definition>
          <outboundRelationship typeCode="SUBJ">
            <subsetCode code="SOURCE"/>
            <criteriaReference classCode="OBS" moodCode="EVN">
              <id root="2.16.840.1.113883.3.100.1" extension="PatientCharacteristicEthnicityEthnicity"/>
            </criteriaReference>
          </outboundRelationship>
        </observationCriteria>
      </entry>
      <entry typeCode="DRIV">
        <localVariableName value="PatientCharacteristicPayerPayer"/>
        <observationCriteria moodCode="EVN" classCode="OBS">
          <templateId>
            <item root="2.16.840.1.113883.10.20.28.3.58" identifierName="patient characteristic, payer template"/>
          </templateId>
          <id root="2.16.840.1.113883.3.100.1" extension="PatientCharacteristicPayerPayer"/>
          <code xsi:type="CD" valueSet="2.16.840.1.114222.4.11.3591">
            <displayName value="Payer"/>
          </code>
          <text value="Patient Characteristic Payer: Payer"/>
          <definition>
            <criteriaReference moodCode="EVN" classCode="OBS">
              <id root="2.16.840.1.113883.3.100.1" extension="patient_characteristic_payer"/>
            </criteriaReference>
          </definition>
          <outboundRelationship typeCode="SUBJ">
            <subsetCode code="SOURCE"/>
            <criteriaReference classCode="OBS" moodCode="EVN">
              <id root="2.16.840.1.113883.3.100.1" extension="PatientCharacteristicPayerPayer"/>
            </criteriaReference>
          </outboundRelationship>
        </observationCriteria>
      </entry>
      <entry typeCode="DRIV">
        <localVariableName value="PatientCharacteristicBirthdateBirthDate_precondition_3"/>
        <observationCriteria moodCode="EVN" classCode="OBS">
          <templateId>
            <item root="2.16.840.1.113883.10.20.28.3.54" identifierName="patient characteristic, birthdate template"/>
          </templateId>
          <id root="2.16.840.1.113883.3.100.1" extension="PatientCharacteristicBirthdateBirthDate_precondition_3"/>
          <code xsi:type="CD" valueSet="2.16.840.1.113883.3.560.100.4">
            <displayName value="birth date"/>
          </code>
          <text value="Patient Characteristic Birthdate: birth date"/>
          <definition>
            <criteriaReference moodCode="EVN" classCode="OBS">
              <id root="2.16.840.1.113883.3.100.1" extension="patient_characteristic_birthdate"/>
            </criteriaReference>
          </definition>
          <temporallyRelatedInformation typeCode="SBS">
            <qdm:temporalInformation precisionUnit="d">
              <qdm:delta lowClosed="true">
                <low value="18" unit="a"/>
                <high nullFlavor="PINF"/>
              </qdm:delta>
            </qdm:temporalInformation>
            <criteriaReference moodCode="EVN" classCode="ENC">
              <id root="2.16.840.1.113883.3.100.1" extension="OccurrenceANonElectiveInpatientEncounter2"/>
            </criteriaReference>
          </temporallyRelatedInformation>
          <outboundRelationship typeCode="SUBJ">
            <subsetCode code="SOURCE"/>
            <criteriaReference classCode="OBS" moodCode="EVN">
              <id root="2.16.840.1.113883.3.100.1" extension="PatientCharacteristicBirthdateBirthDate"/>
            </criteriaReference>
          </outboundRelationship>
        </observationCriteria>
      </entry>
      <entry typeCode="DRIV">
        <localVariableName value="OccurrenceAOccurrenceANonElectiveInpatientEncounter2_precondition_5"/>
        <encounterCriteria moodCode="EVN" classCode="ENC">
          <id root="2.16.840.1.113883.3.100.1" extension="OccurrenceANonElectiveInpatientEncounter2_precondition_5"/>
          <outboundRelationship typeCode="SUBJ">
            <observationCriteria classCode="OBS" moodCode="EVN">
              <id root="OccurrenceANonElectiveInpatientEncounter2_precondition_5_LENGTH_OF_STAY"/>
              <code code="183797002" codeSystem="2.16.840.1.113883.6.96" codeSystemName="SNOMED-CT">
                <displayName value="Length of Stay"/>
              </code>
              <value xsi:type="IVL_PQ" highClosed="true">
                <low nullFlavor="NINF"/>
                <high value="120" unit="d"/>
              </value>
            </observationCriteria>
          </outboundRelationship>
          <outboundRelationship typeCode="OCCR">
            <localVariableName controlInformationRoot="ENCOUNTER_PERFORMED_NON_ELECTIVE_INPATIENT_ENCOUNTER" controlInformationExtension="A"/>
            <criteriaReference classCode="OBS" moodCode="EVN">
              <id root="2.16.840.1.113883.3.100.1" extension="OccurrenceANonElectiveInpatientEncounter2"/>
            </criteriaReference>
          </outboundRelationship>
        </encounterCriteria>
      </entry>
      <entry typeCode="DRIV">
        <localVariableName value="OccurrenceAOccurrenceANonElectiveInpatientEncounter2_precondition_7"/>
        <encounterCriteria moodCode="EVN" classCode="ENC">
          <id root="2.16.840.1.113883.3.100.1" extension="OccurrenceANonElectiveInpatientEncounter2_precondition_7"/>
          <temporallyRelatedInformation typeCode="EDU">
            <qdm:temporalInformation precisionUnit="min">
              
            </qdm:temporalInformation>
            <criteriaReference moodCode="EVN" classCode="OBS">
              <id root="2.16.840.1.113883.3.100.1" extension="MeasurePeriod"/>
            </criteriaReference>
          </temporallyRelatedInformation>
          <outboundRelationship typeCode="OCCR">
            <localVariableName controlInformationRoot="ENCOUNTER_PERFORMED_NON_ELECTIVE_INPATIENT_ENCOUNTER" controlInformationExtension="A"/>
            <criteriaReference classCode="OBS" moodCode="EVN">
              <id root="2.16.840.1.113883.3.100.1" extension="OccurrenceANonElectiveInpatientEncounter2"/>
            </criteriaReference>
          </outboundRelationship>
        </encounterCriteria>
      </entry>
      <entry typeCode="DRIV">
        <localVariableName value="OccurrenceAOccurrenceANonElectiveInpatientEncounter2_precondition_14"/>
        <encounterCriteria moodCode="EVN" classCode="ENC">
          <id root="2.16.840.1.113883.3.100.1" extension="OccurrenceANonElectiveInpatientEncounter2_precondition_14"/>
          <outboundRelationship typeCode="OCCR">
            <localVariableName controlInformationRoot="ENCOUNTER_PERFORMED_NON_ELECTIVE_INPATIENT_ENCOUNTER" controlInformationExtension="A"/>
            <criteriaReference classCode="OBS" moodCode="EVN">
              <id root="2.16.840.1.113883.3.100.1" extension="OccurrenceANonElectiveInpatientEncounter2"/>
            </criteriaReference>
          </outboundRelationship>
        </encounterCriteria>
      </entry>
      <entry typeCode="DRIV">
        <localVariableName value="DiagnosisActiveHemorrhagicStroke_precondition_9"/>
        <observationCriteria moodCode="EVN" classCode="OBS">
          <templateId>
            <item root="2.16.840.1.113883.10.20.28.3.1" identifierName="diagnosis, active template"/>
          </templateId>
          <id root="2.16.840.1.113883.3.100.1" extension="DiagnosisActiveHemorrhagicStroke_precondition_9"/>
          <text value="Diagnosis, Active: Hemorrhagic Stroke"/>
          <statusCode code="active"/>
          <value xsi:type="CD" valueSet="2.16.840.1.113883.3.117.1.7.1.212">
            <displayName value="Hemorrhagic Stroke"/>
          </value>
          <definition>
            <criteriaReference moodCode="EVN" classCode="OBS">
              <id root="2.16.840.1.113883.3.100.1" extension="diagnosis"/>
            </criteriaReference>
          </definition>
          <temporallyRelatedInformation typeCode="SDU">
            <qdm:temporalInformation precisionUnit="min">
              
            </qdm:temporalInformation>
            <criteriaReference moodCode="EVN" classCode="ENC">
              <id root="2.16.840.1.113883.3.100.1" extension="OccurrenceANonElectiveInpatientEncounter2_precondition_14"/>
            </criteriaReference>
          </temporallyRelatedInformation>
          <outboundRelationship typeCode="SUBJ">
            <observationCriteria classCode="OBS" moodCode="EVN">
              <id root="DiagnosisActiveHemorrhagicStroke_precondition_9_ORDINAL"/>
              <code code="117363000" codeSystem="2.16.840.1.113883.6.96" codeSystemName="SNOMED-CT">
                <displayName value="Ordinal"/>
              </code>
              <value xsi:type="CD" valueSet="2.16.840.1.113883.3.117.1.7.1.14">
                <displayName value="ordinality"/>
              </value>
            </observationCriteria>
          </outboundRelationship>
          <outboundRelationship typeCode="SUBJ">
            <subsetCode code="SOURCE"/>
            <criteriaReference classCode="OBS" moodCode="EVN">
              <id root="2.16.840.1.113883.3.100.1" extension="DiagnosisActiveHemorrhagicStroke"/>
            </criteriaReference>
          </outboundRelationship>
        </observationCriteria>
      </entry>
      <entry typeCode="DRIV">
        <localVariableName value="DiagnosisActiveIschemicStroke_precondition_11"/>
        <observationCriteria moodCode="EVN" classCode="OBS">
          <templateId>
            <item root="2.16.840.1.113883.10.20.28.3.1" identifierName="diagnosis, active template"/>
          </templateId>
          <id root="2.16.840.1.113883.3.100.1" extension="DiagnosisActiveIschemicStroke_precondition_11"/>
          <text value="Diagnosis, Active: Ischemic Stroke"/>
          <statusCode code="active"/>
          <value xsi:type="CD" valueSet="2.16.840.1.113883.3.117.1.7.1.247">
            <displayName value="Ischemic Stroke"/>
          </value>
          <definition>
            <criteriaReference moodCode="EVN" classCode="OBS">
              <id root="2.16.840.1.113883.3.100.1" extension="diagnosis"/>
            </criteriaReference>
          </definition>
          <temporallyRelatedInformation typeCode="SDU">
            <qdm:temporalInformation precisionUnit="min">
              
            </qdm:temporalInformation>
            <criteriaReference moodCode="EVN" classCode="ENC">
              <id root="2.16.840.1.113883.3.100.1" extension="OccurrenceANonElectiveInpatientEncounter2_precondition_14"/>
            </criteriaReference>
          </temporallyRelatedInformation>
          <outboundRelationship typeCode="SUBJ">
            <observationCriteria classCode="OBS" moodCode="EVN">
              <id root="DiagnosisActiveIschemicStroke_precondition_11_ORDINAL"/>
              <code code="117363000" codeSystem="2.16.840.1.113883.6.96" codeSystemName="SNOMED-CT">
                <displayName value="Ordinal"/>
              </code>
              <value xsi:type="CD" valueSet="2.16.840.1.113883.3.117.1.7.1.14">
                <displayName value="ordinality"/>
              </value>
            </observationCriteria>
          </outboundRelationship>
          <outboundRelationship typeCode="SUBJ">
            <subsetCode code="SOURCE"/>
            <criteriaReference classCode="OBS" moodCode="EVN">
              <id root="2.16.840.1.113883.3.100.1" extension="DiagnosisActiveIschemicStroke"/>
            </criteriaReference>
          </outboundRelationship>
        </observationCriteria>
      </entry>
      <entry typeCode="DRIV">
        <localVariableName value="OccurrenceAOccurrenceANonElectiveInpatientEncounter2_precondition_17"/>
        <encounterCriteria moodCode="EVN" classCode="ENC">
          <id root="2.16.840.1.113883.3.100.1" extension="OccurrenceANonElectiveInpatientEncounter2_precondition_17"/>
          <outboundRelationship typeCode="SUBJ">
            <observationCriteria classCode="OBS" moodCode="EVN">
              <id root="OccurrenceANonElectiveInpatientEncounter2_precondition_17_DISCHARGE_STATUS"/>
              <code code="309039003" codeSystem="2.16.840.1.113883.6.96" codeSystemName="SNOMED-CT">
                <displayName value="Discharge Status"/>
              </code>
              <value xsi:type="CD" valueSet="2.16.840.1.113883.3.117.1.7.1.87">
                <displayName value="discharge status"/>
              </value>
            </observationCriteria>
          </outboundRelationship>
          <outboundRelationship typeCode="OCCR">
            <localVariableName controlInformationRoot="ENCOUNTER_PERFORMED_NON_ELECTIVE_INPATIENT_ENCOUNTER" controlInformationExtension="A"/>
            <criteriaReference classCode="OBS" moodCode="EVN">
              <id root="2.16.840.1.113883.3.100.1" extension="OccurrenceANonElectiveInpatientEncounter2"/>
            </criteriaReference>
          </outboundRelationship>
        </encounterCriteria>
      </entry>
      <entry typeCode="DRIV">
        <localVariableName value="OccurrenceAOccurrenceANonElectiveInpatientEncounter2_precondition_19"/>
        <encounterCriteria moodCode="EVN" classCode="ENC">
          <id root="2.16.840.1.113883.3.100.1" extension="OccurrenceANonElectiveInpatientEncounter2_precondition_19"/>
          <outboundRelationship typeCode="SUBJ">
            <observationCriteria classCode="OBS" moodCode="EVN">
              <id root="OccurrenceANonElectiveInpatientEncounter2_precondition_19_DISCHARGE_STATUS"/>
              <code code="309039003" codeSystem="2.16.840.1.113883.6.96" codeSystemName="SNOMED-CT">
                <displayName value="Discharge Status"/>
              </code>
              <value xsi:type="CD" valueSet="2.16.840.1.113883.3.117.1.7.1.308">
                <displayName value="discharge status"/>
              </value>
            </observationCriteria>
          </outboundRelationship>
          <outboundRelationship typeCode="OCCR">
            <localVariableName controlInformationRoot="ENCOUNTER_PERFORMED_NON_ELECTIVE_INPATIENT_ENCOUNTER" controlInformationExtension="A"/>
            <criteriaReference classCode="OBS" moodCode="EVN">
              <id root="2.16.840.1.113883.3.100.1" extension="OccurrenceANonElectiveInpatientEncounter2"/>
            </criteriaReference>
          </outboundRelationship>
        </encounterCriteria>
      </entry>
      <entry typeCode="DRIV">
        <localVariableName value="OccurrenceAOccurrenceANonElectiveInpatientEncounter2_precondition_21"/>
        <encounterCriteria moodCode="EVN" classCode="ENC">
          <id root="2.16.840.1.113883.3.100.1" extension="OccurrenceANonElectiveInpatientEncounter2_precondition_21"/>
          <outboundRelationship typeCode="SUBJ">
            <observationCriteria classCode="OBS" moodCode="EVN">
              <id root="OccurrenceANonElectiveInpatientEncounter2_precondition_21_DISCHARGE_STATUS"/>
              <code code="309039003" codeSystem="2.16.840.1.113883.6.96" codeSystemName="SNOMED-CT">
                <displayName value="Discharge Status"/>
              </code>
              <value xsi:type="CD" valueSet="2.16.840.1.113883.3.117.1.7.1.309">
                <displayName value="discharge status"/>
              </value>
            </observationCriteria>
          </outboundRelationship>
          <outboundRelationship typeCode="OCCR">
            <localVariableName controlInformationRoot="ENCOUNTER_PERFORMED_NON_ELECTIVE_INPATIENT_ENCOUNTER" controlInformationExtension="A"/>
            <criteriaReference classCode="OBS" moodCode="EVN">
              <id root="2.16.840.1.113883.3.100.1" extension="OccurrenceANonElectiveInpatientEncounter2"/>
            </criteriaReference>
          </outboundRelationship>
        </encounterCriteria>
      </entry>
      <entry typeCode="DRIV">
        <localVariableName value="OccurrenceAOccurrenceANonElectiveInpatientEncounter2_precondition_23"/>
        <encounterCriteria moodCode="EVN" classCode="ENC">
          <id root="2.16.840.1.113883.3.100.1" extension="OccurrenceANonElectiveInpatientEncounter2_precondition_23"/>
          <outboundRelationship typeCode="SUBJ">
            <observationCriteria classCode="OBS" moodCode="EVN">
              <id root="OccurrenceANonElectiveInpatientEncounter2_precondition_23_DISCHARGE_STATUS"/>
              <code code="309039003" codeSystem="2.16.840.1.113883.6.96" codeSystemName="SNOMED-CT">
                <displayName value="Discharge Status"/>
              </code>
              <value xsi:type="CD" valueSet="2.16.840.1.113883.3.117.1.7.1.209">
                <displayName value="discharge status"/>
              </value>
            </observationCriteria>
          </outboundRelationship>
          <outboundRelationship typeCode="OCCR">
            <localVariableName controlInformationRoot="ENCOUNTER_PERFORMED_NON_ELECTIVE_INPATIENT_ENCOUNTER" controlInformationExtension="A"/>
            <criteriaReference classCode="OBS" moodCode="EVN">
              <id root="2.16.840.1.113883.3.100.1" extension="OccurrenceANonElectiveInpatientEncounter2"/>
            </criteriaReference>
          </outboundRelationship>
        </encounterCriteria>
      </entry>
      <entry typeCode="DRIV">
        <localVariableName value="OccurrenceAOccurrenceANonElectiveInpatientEncounter2_precondition_25"/>
        <encounterCriteria moodCode="EVN" classCode="ENC">
          <id root="2.16.840.1.113883.3.100.1" extension="OccurrenceANonElectiveInpatientEncounter2_precondition_25"/>
          <outboundRelationship typeCode="SUBJ">
            <observationCriteria classCode="OBS" moodCode="EVN">
              <id root="OccurrenceANonElectiveInpatientEncounter2_precondition_25_DISCHARGE_STATUS"/>
              <code code="309039003" codeSystem="2.16.840.1.113883.6.96" codeSystemName="SNOMED-CT">
                <displayName value="Discharge Status"/>
              </code>
              <value xsi:type="CD" valueSet="2.16.840.1.113883.3.117.1.7.1.207">
                <displayName value="discharge status"/>
              </value>
            </observationCriteria>
          </outboundRelationship>
          <outboundRelationship typeCode="OCCR">
            <localVariableName controlInformationRoot="ENCOUNTER_PERFORMED_NON_ELECTIVE_INPATIENT_ENCOUNTER" controlInformationExtension="A"/>
            <criteriaReference classCode="OBS" moodCode="EVN">
              <id root="2.16.840.1.113883.3.100.1" extension="OccurrenceANonElectiveInpatientEncounter2"/>
            </criteriaReference>
          </outboundRelationship>
        </encounterCriteria>
      </entry>
      <entry typeCode="DRIV">
        <localVariableName value="OccurrenceAOccurrenceANonElectiveInpatientEncounter2_precondition_32"/>
        <encounterCriteria moodCode="EVN" classCode="ENC">
          <id root="2.16.840.1.113883.3.100.1" extension="OccurrenceANonElectiveInpatientEncounter2_precondition_32"/>
          <outboundRelationship typeCode="OCCR">
            <localVariableName controlInformationRoot="ENCOUNTER_PERFORMED_NON_ELECTIVE_INPATIENT_ENCOUNTER" controlInformationExtension="A"/>
            <criteriaReference classCode="OBS" moodCode="EVN">
              <id root="2.16.840.1.113883.3.100.1" extension="OccurrenceANonElectiveInpatientEncounter2"/>
            </criteriaReference>
          </outboundRelationship>
        </encounterCriteria>
      </entry>
      <entry typeCode="DRIV">
        <localVariableName value="InterventionOrderComfortMeasures_precondition_27"/>
        <procedureCriteria moodCode="EVN" classCode="PROC">
          <id root="2.16.840.1.113883.3.100.1" extension="InterventionOrderComfortMeasures_precondition_27"/>
          <code xsi:type="CD" valueSet="1.3.6.1.4.1.33895.1.3.0.45">
            <displayName value="Comfort Measures "/>
          </code>
          <text value="Intervention, Order: Comfort Measures "/>
          <statusCode code="ordered"/>
          <definition>
            <criteriaReference moodCode="EVN" classCode="PROC">
              <id root="2.16.840.1.113883.3.100.1" extension="intervention"/>
            </criteriaReference>
          </definition>
          <temporallyRelatedInformation typeCode="SDU">
            <qdm:temporalInformation precisionUnit="min">
              
            </qdm:temporalInformation>
            <criteriaReference moodCode="EVN" classCode="ENC">
              <id root="2.16.840.1.113883.3.100.1" extension="OccurrenceANonElectiveInpatientEncounter2_precondition_32"/>
            </criteriaReference>
          </temporallyRelatedInformation>
          <outboundRelationship typeCode="SUBJ">
            <subsetCode code="SOURCE"/>
            <criteriaReference classCode="OBS" moodCode="EVN">
              <id root="2.16.840.1.113883.3.100.1" extension="InterventionOrderComfortMeasures"/>
            </criteriaReference>
          </outboundRelationship>
        </procedureCriteria>
      </entry>
      <entry typeCode="DRIV">
        <localVariableName value="InterventionPerformedComfortMeasures_precondition_29"/>
        <procedureCriteria moodCode="EVN" classCode="PROC">
          <templateId>
            <item root="2.16.840.1.113883.10.20.28.3.35" identifierName="intervention, performed template"/>
          </templateId>
          <id root="2.16.840.1.113883.3.100.1" extension="InterventionPerformedComfortMeasures_precondition_29"/>
          <code xsi:type="CD" valueSet="1.3.6.1.4.1.33895.1.3.0.45">
            <displayName value="Comfort Measures "/>
          </code>
          <text value="Intervention, Performed: Comfort Measures "/>
          <statusCode code="performed"/>
          <definition>
            <criteriaReference moodCode="EVN" classCode="PROC">
              <id root="2.16.840.1.113883.3.100.1" extension="intervention"/>
            </criteriaReference>
          </definition>
          <temporallyRelatedInformation typeCode="SDU">
            <qdm:temporalInformation precisionUnit="min">
              
            </qdm:temporalInformation>
            <criteriaReference moodCode="EVN" classCode="ENC">
              <id root="2.16.840.1.113883.3.100.1" extension="OccurrenceANonElectiveInpatientEncounter2_precondition_32"/>
            </criteriaReference>
          </temporallyRelatedInformation>
          <outboundRelationship typeCode="SUBJ">
            <subsetCode code="SOURCE"/>
            <criteriaReference classCode="OBS" moodCode="EVN">
              <id root="2.16.840.1.113883.3.100.1" extension="InterventionPerformedComfortMeasures"/>
            </criteriaReference>
          </outboundRelationship>
        </procedureCriteria>
      </entry>
      <entry typeCode="DRIV">
        <localVariableName value="OccurrenceAOccurrenceAEmergencyDepartmentVisit1_precondition_34"/>
        <encounterCriteria moodCode="EVN" classCode="ENC">
          <id root="2.16.840.1.113883.3.100.1" extension="OccurrenceAEmergencyDepartmentVisit1_precondition_34"/>
          <temporallyRelatedInformation typeCode="EBS">
            <qdm:temporalInformation precisionUnit="min">
              <qdm:delta highClosed="true">
                <low nullFlavor="NINF"/>
                <high value="1" unit="h"/>
              </qdm:delta>
            </qdm:temporalInformation>
            <criteriaReference moodCode="EVN" classCode="ENC">
              <id root="2.16.840.1.113883.3.100.1" extension="OccurrenceANonElectiveInpatientEncounter2"/>
            </criteriaReference>
          </temporallyRelatedInformation>
          <outboundRelationship typeCode="OCCR">
            <localVariableName controlInformationRoot="ENCOUNTER_PERFORMED_EMERGENCY_DEPARTMENT_VISIT" controlInformationExtension="A"/>
            <criteriaReference classCode="OBS" moodCode="EVN">
              <id root="2.16.840.1.113883.3.100.1" extension="OccurrenceAEmergencyDepartmentVisit1"/>
            </criteriaReference>
          </outboundRelationship>
        </encounterCriteria>
      </entry>
      <entry typeCode="DRIV">
        <localVariableName value="OccurrenceAOccurrenceAEmergencyDepartmentVisit1_precondition_41"/>
        <encounterCriteria moodCode="EVN" classCode="ENC">
          <id root="2.16.840.1.113883.3.100.1" extension="OccurrenceAEmergencyDepartmentVisit1_precondition_41"/>
          <outboundRelationship typeCode="OCCR">
            <localVariableName controlInformationRoot="ENCOUNTER_PERFORMED_EMERGENCY_DEPARTMENT_VISIT" controlInformationExtension="A"/>
            <criteriaReference classCode="OBS" moodCode="EVN">
              <id root="2.16.840.1.113883.3.100.1" extension="OccurrenceAEmergencyDepartmentVisit1"/>
            </criteriaReference>
          </outboundRelationship>
        </encounterCriteria>
      </entry>
      <entry typeCode="DRIV">
        <localVariableName value="InterventionOrderComfortMeasures_precondition_36"/>
        <procedureCriteria moodCode="EVN" classCode="PROC">
          <id root="2.16.840.1.113883.3.100.1" extension="InterventionOrderComfortMeasures_precondition_36"/>
          <code xsi:type="CD" valueSet="1.3.6.1.4.1.33895.1.3.0.45">
            <displayName value="Comfort Measures "/>
          </code>
          <text value="Intervention, Order: Comfort Measures "/>
          <statusCode code="ordered"/>
          <definition>
            <criteriaReference moodCode="EVN" classCode="PROC">
              <id root="2.16.840.1.113883.3.100.1" extension="intervention"/>
            </criteriaReference>
          </definition>
          <temporallyRelatedInformation typeCode="SDU">
            <qdm:temporalInformation precisionUnit="min">
              
            </qdm:temporalInformation>
            <criteriaReference moodCode="EVN" classCode="ENC">
              <id root="2.16.840.1.113883.3.100.1" extension="OccurrenceAEmergencyDepartmentVisit1_precondition_41"/>
            </criteriaReference>
          </temporallyRelatedInformation>
          <outboundRelationship typeCode="SUBJ">
            <subsetCode code="SOURCE"/>
            <criteriaReference classCode="OBS" moodCode="EVN">
              <id root="2.16.840.1.113883.3.100.1" extension="InterventionOrderComfortMeasures"/>
            </criteriaReference>
          </outboundRelationship>
        </procedureCriteria>
      </entry>
      <entry typeCode="DRIV">
        <localVariableName value="InterventionPerformedComfortMeasures_precondition_38"/>
        <procedureCriteria moodCode="EVN" classCode="PROC">
          <templateId>
            <item root="2.16.840.1.113883.10.20.28.3.35" identifierName="intervention, performed template"/>
          </templateId>
          <id root="2.16.840.1.113883.3.100.1" extension="InterventionPerformedComfortMeasures_precondition_38"/>
          <code xsi:type="CD" valueSet="1.3.6.1.4.1.33895.1.3.0.45">
            <displayName value="Comfort Measures "/>
          </code>
          <text value="Intervention, Performed: Comfort Measures "/>
          <statusCode code="performed"/>
          <definition>
            <criteriaReference moodCode="EVN" classCode="PROC">
              <id root="2.16.840.1.113883.3.100.1" extension="intervention"/>
            </criteriaReference>
          </definition>
          <temporallyRelatedInformation typeCode="SDU">
            <qdm:temporalInformation precisionUnit="min">
              
            </qdm:temporalInformation>
            <criteriaReference moodCode="EVN" classCode="ENC">
              <id root="2.16.840.1.113883.3.100.1" extension="OccurrenceAEmergencyDepartmentVisit1_precondition_41"/>
            </criteriaReference>
          </temporallyRelatedInformation>
          <outboundRelationship typeCode="SUBJ">
            <subsetCode code="SOURCE"/>
            <criteriaReference classCode="OBS" moodCode="EVN">
              <id root="2.16.840.1.113883.3.100.1" extension="InterventionPerformedComfortMeasures"/>
            </criteriaReference>
          </outboundRelationship>
        </procedureCriteria>
      </entry>
      <entry typeCode="DRIV">
        <localVariableName value="OccurrenceAOccurrenceANonElectiveInpatientEncounter2_precondition_55"/>
        <encounterCriteria moodCode="EVN" classCode="ENC">
          <id root="2.16.840.1.113883.3.100.1" extension="OccurrenceANonElectiveInpatientEncounter2_precondition_55"/>
          <outboundRelationship typeCode="OCCR">
            <localVariableName controlInformationRoot="ENCOUNTER_PERFORMED_NON_ELECTIVE_INPATIENT_ENCOUNTER" controlInformationExtension="A"/>
            <criteriaReference classCode="OBS" moodCode="EVN">
              <id root="2.16.840.1.113883.3.100.1" extension="OccurrenceANonElectiveInpatientEncounter2"/>
            </criteriaReference>
          </outboundRelationship>
        </encounterCriteria>
      </entry>
      <entry typeCode="DRIV">
        <localVariableName value="ProcedurePerformedRehabilitationAssessment_precondition_48"/>
        <procedureCriteria moodCode="EVN" classCode="PROC">
          <templateId>
            <item root="2.16.840.1.113883.10.20.28.3.67" identifierName="procedure, performed template"/>
          </templateId>
          <id root="2.16.840.1.113883.3.100.1" extension="ProcedurePerformedRehabilitationAssessment_precondition_48"/>
          <code xsi:type="CD" valueSet="2.16.840.1.113762.1.4.1045.18">
            <displayName value="Rehabilitation Assessment"/>
          </code>
          <text value="Procedure, Performed: Rehabilitation Assessment"/>
          <statusCode code="performed"/>
          <definition>
            <criteriaReference moodCode="EVN" classCode="PROC">
              <id root="2.16.840.1.113883.3.100.1" extension="procedure"/>
            </criteriaReference>
          </definition>
          <temporallyRelatedInformation typeCode="DURING">
            <qdm:temporalInformation precisionUnit="min">
              
            </qdm:temporalInformation>
            <criteriaReference moodCode="EVN" classCode="ENC">
              <id root="2.16.840.1.113883.3.100.1" extension="OccurrenceANonElectiveInpatientEncounter2_precondition_55"/>
            </criteriaReference>
          </temporallyRelatedInformation>
          <outboundRelationship typeCode="SUBJ">
            <subsetCode code="SOURCE"/>
            <criteriaReference classCode="OBS" moodCode="EVN">
              <id root="2.16.840.1.113883.3.100.1" extension="ProcedurePerformedRehabilitationAssessment"/>
            </criteriaReference>
          </outboundRelationship>
        </procedureCriteria>
      </entry>
      <entry typeCode="DRIV">
        <localVariableName value="ProcedurePerformedRehabilitationTherapy_precondition_50"/>
        <procedureCriteria moodCode="EVN" classCode="PROC">
          <templateId>
            <item root="2.16.840.1.113883.10.20.28.3.67" identifierName="procedure, performed template"/>
          </templateId>
          <id root="2.16.840.1.113883.3.100.1" extension="ProcedurePerformedRehabilitationTherapy_precondition_50"/>
          <code xsi:type="CD" valueSet="2.16.840.1.113762.1.4.1045.19">
            <displayName value="Rehabilitation Therapy"/>
          </code>
          <text value="Procedure, Performed: Rehabilitation Therapy"/>
          <statusCode code="performed"/>
          <definition>
            <criteriaReference moodCode="EVN" classCode="PROC">
              <id root="2.16.840.1.113883.3.100.1" extension="procedure"/>
            </criteriaReference>
          </definition>
          <temporallyRelatedInformation typeCode="DURING">
            <qdm:temporalInformation precisionUnit="min">
              
            </qdm:temporalInformation>
            <criteriaReference moodCode="EVN" classCode="ENC">
              <id root="2.16.840.1.113883.3.100.1" extension="OccurrenceANonElectiveInpatientEncounter2_precondition_55"/>
            </criteriaReference>
          </temporallyRelatedInformation>
          <outboundRelationship typeCode="SUBJ">
            <subsetCode code="SOURCE"/>
            <criteriaReference classCode="OBS" moodCode="EVN">
              <id root="2.16.840.1.113883.3.100.1" extension="ProcedurePerformedRehabilitationTherapy"/>
            </criteriaReference>
          </outboundRelationship>
        </procedureCriteria>
      </entry>
      <entry typeCode="DRIV">
        <localVariableName value="ProcedurePerformedRehabilitationAssessment_precondition_52"/>
        <procedureCriteria moodCode="EVN" classCode="PROC" actionNegationInd="true">
          <templateId>
            <item root="2.16.840.1.113883.10.20.28.3.67" identifierName="procedure, performed template"/>
          </templateId>
          <id root="2.16.840.1.113883.3.100.1" extension="ProcedurePerformedRehabilitationAssessment_precondition_52"/>
          <code xsi:type="CD" valueSet="2.16.840.1.113762.1.4.1045.18">
            <displayName value="Rehabilitation Assessment"/>
          </code>
          <text value="Procedure, Performed: Rehabilitation Assessment"/>
          <statusCode code="performed"/>
          <reasonCode>
            <item valueSet="2.16.840.1.113883.3.117.1.7.1.93"/>
          </reasonCode>
          <definition>
            <criteriaReference moodCode="EVN" classCode="PROC">
              <id root="2.16.840.1.113883.3.100.1" extension="procedure"/>
            </criteriaReference>
          </definition>
          <temporallyRelatedInformation typeCode="DURING">
            <qdm:temporalInformation precisionUnit="min">
              
            </qdm:temporalInformation>
            <criteriaReference moodCode="EVN" classCode="ENC">
              <id root="2.16.840.1.113883.3.100.1" extension="OccurrenceANonElectiveInpatientEncounter2_precondition_55"/>
            </criteriaReference>
          </temporallyRelatedInformation>
          <outboundRelationship typeCode="SUBJ">
            <subsetCode code="SOURCE"/>
            <criteriaReference classCode="OBS" moodCode="EVN">
              <id root="2.16.840.1.113883.3.100.1" extension="ProcedurePerformedRehabilitationAssessment"/>
            </criteriaReference>
          </outboundRelationship>
        </procedureCriteria>
      </entry>
      <entry typeCode="DRIV">
        <localVariableName value="OccurrenceAOccurrenceANonElectiveInpatientEncounter2_precondition_57"/>
        <encounterCriteria moodCode="EVN" classCode="ENC">
          <id root="2.16.840.1.113883.3.100.1" extension="OccurrenceANonElectiveInpatientEncounter2_precondition_57"/>
          <outboundRelationship typeCode="SUBJ">
            <observationCriteria classCode="OBS" moodCode="EVN">
              <id root="OccurrenceANonElectiveInpatientEncounter2_precondition_57_DISCHARGE_STATUS"/>
              <code code="309039003" codeSystem="2.16.840.1.113883.6.96" codeSystemName="SNOMED-CT">
                <displayName value="Discharge Status"/>
              </code>
              <value xsi:type="CD" valueSet="2.16.840.1.113883.3.117.1.7.1.132">
                <displayName value="discharge status"/>
              </value>
            </observationCriteria>
          </outboundRelationship>
          <outboundRelationship typeCode="OCCR">
            <localVariableName controlInformationRoot="ENCOUNTER_PERFORMED_NON_ELECTIVE_INPATIENT_ENCOUNTER" controlInformationExtension="A"/>
            <criteriaReference classCode="OBS" moodCode="EVN">
              <id root="2.16.840.1.113883.3.100.1" extension="OccurrenceANonElectiveInpatientEncounter2"/>
            </criteriaReference>
          </outboundRelationship>
        </encounterCriteria>
      </entry>
      <entry typeCode="DRIV">
        <localVariableName value="PatientCharacteristicBirthdateBirthDate"/>
        <observationCriteria moodCode="EVN" classCode="OBS">
          <templateId>
            <item root="2.16.840.1.113883.10.20.28.3.54" identifierName="patient characteristic, birthdate template"/>
            <item root="2.16.840.1.113883.3.100.1.1" identifierName="Source data criteria template"/>
          </templateId>
          <id root="2.16.840.1.113883.3.100.1" extension="PatientCharacteristicBirthdateBirthDate"/>
          <code xsi:type="CD" valueSet="2.16.840.1.113883.3.560.100.4">
            <displayName value="birth date"/>
          </code>
          <text value="Patient Characteristic Birthdate: birth date"/>
          <definition>
            <criteriaReference moodCode="EVN" classCode="OBS">
              <id root="2.16.840.1.113883.3.100.1" extension="patient_characteristic_birthdate"/>
            </criteriaReference>
          </definition>
          <outboundRelationship typeCode="SUBJ">
            <subsetCode code="SOURCE"/>
            <criteriaReference classCode="OBS" moodCode="EVN">
              <id root="2.16.840.1.113883.3.100.1" extension="PatientCharacteristicBirthdateBirthDate"/>
            </criteriaReference>
          </outboundRelationship>
        </observationCriteria>
      </entry>
      <entry typeCode="DRIV">
        <localVariableName value="OccurrenceAEmergencyDepartmentVisit1"/>
        <encounterCriteria moodCode="EVN" classCode="ENC">
          <templateId>
            <item root="2.16.840.1.113883.10.20.28.3.5" identifierName="encounter, performed template"/>
            <item root="2.16.840.1.113883.3.100.1.1" identifierName="Source data criteria template"/>
          </templateId>
          <id root="2.16.840.1.113883.3.100.1" extension="OccurrenceAEmergencyDepartmentVisit1"/>
          <code xsi:type="CD" valueSet="2.16.840.1.113883.3.117.1.7.1.292">
            <displayName value="Emergency Department Visit"/>
          </code>
          <text value="Encounter, Performed: Emergency Department Visit"/>
          <definition>
            <criteriaReference moodCode="EVN" classCode="ENC">
              <id root="2.16.840.1.113883.3.100.1" extension="encounter"/>
            </criteriaReference>
          </definition>
        </encounterCriteria>
      </entry>
      <entry typeCode="DRIV">
        <localVariableName value="DiagnosisActiveHemorrhagicStroke"/>
        <observationCriteria moodCode="EVN" classCode="OBS">
          <templateId>
            <item root="2.16.840.1.113883.10.20.28.3.1" identifierName="diagnosis, active template"/>
            <item root="2.16.840.1.113883.3.100.1.1" identifierName="Source data criteria template"/>
          </templateId>
          <id root="2.16.840.1.113883.3.100.1" extension="DiagnosisActiveHemorrhagicStroke"/>
          <text value="Diagnosis, Active: Hemorrhagic Stroke"/>
          <statusCode code="active"/>
          <value xsi:type="CD" valueSet="2.16.840.1.113883.3.117.1.7.1.212">
            <displayName value="Hemorrhagic Stroke"/>
          </value>
          <definition>
            <criteriaReference moodCode="EVN" classCode="OBS">
              <id root="2.16.840.1.113883.3.100.1" extension="diagnosis"/>
            </criteriaReference>
          </definition>
          <outboundRelationship typeCode="SUBJ">
            <subsetCode code="SOURCE"/>
            <criteriaReference classCode="OBS" moodCode="EVN">
              <id root="2.16.840.1.113883.3.100.1" extension="DiagnosisActiveHemorrhagicStroke"/>
            </criteriaReference>
          </outboundRelationship>
        </observationCriteria>
      </entry>
      <entry typeCode="DRIV">
        <localVariableName value="DiagnosisActiveIschemicStroke"/>
        <observationCriteria moodCode="EVN" classCode="OBS">
          <templateId>
            <item root="2.16.840.1.113883.10.20.28.3.1" identifierName="diagnosis, active template"/>
            <item root="2.16.840.1.113883.3.100.1.1" identifierName="Source data criteria template"/>
          </templateId>
          <id root="2.16.840.1.113883.3.100.1" extension="DiagnosisActiveIschemicStroke"/>
          <text value="Diagnosis, Active: Ischemic Stroke"/>
          <statusCode code="active"/>
          <value xsi:type="CD" valueSet="2.16.840.1.113883.3.117.1.7.1.247">
            <displayName value="Ischemic Stroke"/>
          </value>
          <definition>
            <criteriaReference moodCode="EVN" classCode="OBS">
              <id root="2.16.840.1.113883.3.100.1" extension="diagnosis"/>
            </criteriaReference>
          </definition>
          <outboundRelationship typeCode="SUBJ">
            <subsetCode code="SOURCE"/>
            <criteriaReference classCode="OBS" moodCode="EVN">
              <id root="2.16.840.1.113883.3.100.1" extension="DiagnosisActiveIschemicStroke"/>
            </criteriaReference>
          </outboundRelationship>
        </observationCriteria>
      </entry>
      <entry typeCode="DRIV">
        <localVariableName value="OccurrenceANonElectiveInpatientEncounter2"/>
        <encounterCriteria moodCode="EVN" classCode="ENC">
          <templateId>
            <item root="2.16.840.1.113883.10.20.28.3.5" identifierName="encounter, performed template"/>
            <item root="2.16.840.1.113883.3.100.1.1" identifierName="Source data criteria template"/>
          </templateId>
          <id root="2.16.840.1.113883.3.100.1" extension="OccurrenceANonElectiveInpatientEncounter2"/>
          <code xsi:type="CD" valueSet="2.16.840.1.113883.3.117.1.7.1.424">
            <displayName value="Non-Elective Inpatient Encounter"/>
          </code>
          <text value="Encounter, Performed: Non-Elective Inpatient Encounter"/>
          <definition>
            <criteriaReference moodCode="EVN" classCode="ENC">
              <id root="2.16.840.1.113883.3.100.1" extension="encounter"/>
            </criteriaReference>
          </definition>
        </encounterCriteria>
      </entry>
      <entry typeCode="DRIV">
        <localVariableName value="ProcedurePerformedRehabilitationAssessment"/>
        <procedureCriteria moodCode="EVN" classCode="PROC">
          <templateId>
            <item root="2.16.840.1.113883.10.20.28.3.67" identifierName="procedure, performed template"/>
            <item root="2.16.840.1.113883.3.100.1.1" identifierName="Source data criteria template"/>
          </templateId>
          <id root="2.16.840.1.113883.3.100.1" extension="ProcedurePerformedRehabilitationAssessment"/>
          <code xsi:type="CD" valueSet="2.16.840.1.113762.1.4.1045.18">
            <displayName value="Rehabilitation Assessment"/>
          </code>
          <text value="Procedure, Performed: Rehabilitation Assessment"/>
          <statusCode code="performed"/>
          <definition>
            <criteriaReference moodCode="EVN" classCode="PROC">
              <id root="2.16.840.1.113883.3.100.1" extension="procedure"/>
            </criteriaReference>
          </definition>
          <outboundRelationship typeCode="SUBJ">
            <subsetCode code="SOURCE"/>
            <criteriaReference classCode="OBS" moodCode="EVN">
              <id root="2.16.840.1.113883.3.100.1" extension="ProcedurePerformedRehabilitationAssessment"/>
            </criteriaReference>
          </outboundRelationship>
        </procedureCriteria>
      </entry>
      <entry typeCode="DRIV">
        <localVariableName value="ProcedurePerformedNotDonePatientRefusal"/>
        <procedureCriteria moodCode="EVN" classCode="PROC" actionNegationInd="true">
          <templateId>
            <item root="2.16.840.1.113883.10.20.28.3.67" identifierName="procedure, performed template"/>
            <item root="2.16.840.1.113883.3.100.1.1" identifierName="Source data criteria template"/>
          </templateId>
          <id root="2.16.840.1.113883.3.100.1" extension="ProcedurePerformedNotDonePatientRefusal"/>
          <code xsi:type="CD" valueSet="2.16.840.1.113762.1.4.1045.18">
            <displayName value="Patient Refusal"/>
          </code>
          <text value="Procedure, Performed not done: Patient Refusal"/>
          <statusCode code="performed"/>
          <definition>
            <criteriaReference moodCode="EVN" classCode="PROC">
              <id root="2.16.840.1.113883.3.100.1" extension="procedure"/>
            </criteriaReference>
          </definition>
          <outboundRelationship typeCode="SUBJ">
            <subsetCode code="SOURCE"/>
            <criteriaReference classCode="OBS" moodCode="EVN">
              <id root="2.16.840.1.113883.3.100.1" extension="ProcedurePerformedNotDonePatientRefusal"/>
            </criteriaReference>
          </outboundRelationship>
        </procedureCriteria>
      </entry>
      <entry typeCode="DRIV">
        <localVariableName value="ProcedurePerformedRehabilitationTherapy"/>
        <procedureCriteria moodCode="EVN" classCode="PROC">
          <templateId>
            <item root="2.16.840.1.113883.10.20.28.3.67" identifierName="procedure, performed template"/>
            <item root="2.16.840.1.113883.3.100.1.1" identifierName="Source data criteria template"/>
          </templateId>
          <id root="2.16.840.1.113883.3.100.1" extension="ProcedurePerformedRehabilitationTherapy"/>
          <code xsi:type="CD" valueSet="2.16.840.1.113762.1.4.1045.19">
            <displayName value="Rehabilitation Therapy"/>
          </code>
          <text value="Procedure, Performed: Rehabilitation Therapy"/>
          <statusCode code="performed"/>
          <definition>
            <criteriaReference moodCode="EVN" classCode="PROC">
              <id root="2.16.840.1.113883.3.100.1" extension="procedure"/>
            </criteriaReference>
          </definition>
          <outboundRelationship typeCode="SUBJ">
            <subsetCode code="SOURCE"/>
            <criteriaReference classCode="OBS" moodCode="EVN">
              <id root="2.16.840.1.113883.3.100.1" extension="ProcedurePerformedRehabilitationTherapy"/>
            </criteriaReference>
          </outboundRelationship>
        </procedureCriteria>
      </entry>
      <entry typeCode="DRIV">
        <localVariableName value="InterventionOrderComfortMeasures"/>
        <procedureCriteria moodCode="EVN" classCode="PROC">
          <templateId>
            <item root="2.16.840.1.113883.3.100.1.1" identifierName="Source data criteria template"/>
          </templateId>
          <id root="2.16.840.1.113883.3.100.1" extension="InterventionOrderComfortMeasures"/>
          <code xsi:type="CD" valueSet="1.3.6.1.4.1.33895.1.3.0.45">
            <displayName value="Comfort Measures "/>
          </code>
          <text value="Intervention, Order: Comfort Measures "/>
          <statusCode code="ordered"/>
          <definition>
            <criteriaReference moodCode="EVN" classCode="PROC">
              <id root="2.16.840.1.113883.3.100.1" extension="intervention"/>
            </criteriaReference>
          </definition>
          <outboundRelationship typeCode="SUBJ">
            <subsetCode code="SOURCE"/>
            <criteriaReference classCode="OBS" moodCode="EVN">
              <id root="2.16.840.1.113883.3.100.1" extension="InterventionOrderComfortMeasures"/>
            </criteriaReference>
          </outboundRelationship>
        </procedureCriteria>
      </entry>
      <entry typeCode="DRIV">
        <localVariableName value="InterventionPerformedComfortMeasures"/>
        <procedureCriteria moodCode="EVN" classCode="PROC">
          <templateId>
            <item root="2.16.840.1.113883.10.20.28.3.35" identifierName="intervention, performed template"/>
            <item root="2.16.840.1.113883.3.100.1.1" identifierName="Source data criteria template"/>
          </templateId>
          <id root="2.16.840.1.113883.3.100.1" extension="InterventionPerformedComfortMeasures"/>
          <code xsi:type="CD" valueSet="1.3.6.1.4.1.33895.1.3.0.45">
            <displayName value="Comfort Measures "/>
          </code>
          <text value="Intervention, Performed: Comfort Measures "/>
          <statusCode code="performed"/>
          <definition>
            <criteriaReference moodCode="EVN" classCode="PROC">
              <id root="2.16.840.1.113883.3.100.1" extension="intervention"/>
            </criteriaReference>
          </definition>
          <outboundRelationship typeCode="SUBJ">
            <subsetCode code="SOURCE"/>
            <criteriaReference classCode="OBS" moodCode="EVN">
              <id root="2.16.840.1.113883.3.100.1" extension="InterventionPerformedComfortMeasures"/>
            </criteriaReference>
          </outboundRelationship>
        </procedureCriteria>
      </entry>
      <entry typeCode="DRIV">
        <localVariableName value="EncounterPerformedEmergencyDepartmentVisit"/>
        <encounterCriteria moodCode="EVN" classCode="ENC">
          <templateId>
            <item root="2.16.840.1.113883.10.20.28.3.5" identifierName="encounter, performed template"/>
            <item root="2.16.840.1.113883.3.100.1.1" identifierName="Source data criteria template"/>
          </templateId>
          <id root="2.16.840.1.113883.3.100.1" extension="EncounterPerformedEmergencyDepartmentVisit"/>
          <code xsi:type="CD" valueSet="2.16.840.1.113883.3.117.1.7.1.292">
            <displayName value="Emergency Department Visit"/>
          </code>
          <text value="Encounter, Performed: Emergency Department Visit"/>
          <definition>
            <criteriaReference moodCode="EVN" classCode="ENC">
              <id root="2.16.840.1.113883.3.100.1" extension="encounter"/>
            </criteriaReference>
          </definition>
          <outboundRelationship typeCode="SUBJ">
            <subsetCode code="SOURCE"/>
            <criteriaReference classCode="OBS" moodCode="EVN">
              <id root="2.16.840.1.113883.3.100.1" extension="EncounterPerformedEmergencyDepartmentVisit"/>
            </criteriaReference>
          </outboundRelationship>
        </encounterCriteria>
      </entry>
      <entry typeCode="DRIV">
        <localVariableName value="EncounterPerformedNonElectiveInpatientEncounter"/>
        <encounterCriteria moodCode="EVN" classCode="ENC">
          <templateId>
            <item root="2.16.840.1.113883.10.20.28.3.5" identifierName="encounter, performed template"/>
            <item root="2.16.840.1.113883.3.100.1.1" identifierName="Source data criteria template"/>
          </templateId>
          <id root="2.16.840.1.113883.3.100.1" extension="EncounterPerformedNonElectiveInpatientEncounter"/>
          <code xsi:type="CD" valueSet="2.16.840.1.113883.3.117.1.7.1.424">
            <displayName value="Non-Elective Inpatient Encounter"/>
          </code>
          <text value="Encounter, Performed: Non-Elective Inpatient Encounter"/>
          <definition>
            <criteriaReference moodCode="EVN" classCode="ENC">
              <id root="2.16.840.1.113883.3.100.1" extension="encounter"/>
            </criteriaReference>
          </definition>
          <outboundRelationship typeCode="SUBJ">
            <subsetCode code="SOURCE"/>
            <criteriaReference classCode="OBS" moodCode="EVN">
              <id root="2.16.840.1.113883.3.100.1" extension="EncounterPerformedNonElectiveInpatientEncounter"/>
            </criteriaReference>
          </outboundRelationship>
        </encounterCriteria>
      </entry>
      <entry typeCode="DRIV">
        <localVariableName value="PatientCharacteristicSexOncAdministrativeSex"/>
        <observationCriteria moodCode="EVN" classCode="OBS">
          <templateId>
            <item root="2.16.840.1.113883.10.20.28.3.55" identifierName="patient characteristic, gender template"/>
            <item root="2.16.840.1.113883.3.100.1.1" identifierName="Source data criteria template"/>
          </templateId>
          <id root="2.16.840.1.113883.3.100.1" extension="PatientCharacteristicSexOncAdministrativeSex"/>
          <code xsi:type="CD" valueSet="2.16.840.1.113762.1.4.1">
            <displayName value="ONC Administrative Sex"/>
          </code>
          <text value="Patient Characteristic Sex: ONC Administrative Sex"/>
          <definition>
            <criteriaReference moodCode="EVN" classCode="OBS">
              <id root="2.16.840.1.113883.3.100.1" extension="patient_characteristic_gender"/>
            </criteriaReference>
          </definition>
          <outboundRelationship typeCode="SUBJ">
            <subsetCode code="SOURCE"/>
            <criteriaReference classCode="OBS" moodCode="EVN">
              <id root="2.16.840.1.113883.3.100.1" extension="PatientCharacteristicSexOncAdministrativeSex"/>
            </criteriaReference>
          </outboundRelationship>
        </observationCriteria>
      </entry>
      <entry typeCode="DRIV">
        <localVariableName value="PatientCharacteristicRaceRace"/>
        <observationCriteria moodCode="EVN" classCode="OBS">
          <templateId>
            <item root="2.16.840.1.113883.10.20.28.3.59" identifierName="patient characteristic, race template"/>
            <item root="2.16.840.1.113883.3.100.1.1" identifierName="Source data criteria template"/>
          </templateId>
          <id root="2.16.840.1.113883.3.100.1" extension="PatientCharacteristicRaceRace"/>
          <code xsi:type="CD" valueSet="2.16.840.1.114222.4.11.836">
            <displayName value="Race"/>
          </code>
          <text value="Patient Characteristic Race: Race"/>
          <definition>
            <criteriaReference moodCode="EVN" classCode="OBS">
              <id root="2.16.840.1.113883.3.100.1" extension="patient_characteristic_race"/>
            </criteriaReference>
          </definition>
          <outboundRelationship typeCode="SUBJ">
            <subsetCode code="SOURCE"/>
            <criteriaReference classCode="OBS" moodCode="EVN">
              <id root="2.16.840.1.113883.3.100.1" extension="PatientCharacteristicRaceRace"/>
            </criteriaReference>
          </outboundRelationship>
        </observationCriteria>
      </entry>
      <entry typeCode="DRIV">
        <localVariableName value="PatientCharacteristicEthnicityEthnicity"/>
        <observationCriteria moodCode="EVN" classCode="OBS">
          <templateId>
            <item root="2.16.840.1.113883.10.20.28.3.56" identifierName="patient characteristic, ethnicity template"/>
            <item root="2.16.840.1.113883.3.100.1.1" identifierName="Source data criteria template"/>
          </templateId>
          <id root="2.16.840.1.113883.3.100.1" extension="PatientCharacteristicEthnicityEthnicity"/>
          <code xsi:type="CD" valueSet="2.16.840.1.114222.4.11.837">
            <displayName value="Ethnicity"/>
          </code>
          <text value="Patient Characteristic Ethnicity: Ethnicity"/>
          <definition>
            <criteriaReference moodCode="EVN" classCode="OBS">
              <id root="2.16.840.1.113883.3.100.1" extension="patient_characteristic_ethnicity"/>
            </criteriaReference>
          </definition>
          <outboundRelationship typeCode="SUBJ">
            <subsetCode code="SOURCE"/>
            <criteriaReference classCode="OBS" moodCode="EVN">
              <id root="2.16.840.1.113883.3.100.1" extension="PatientCharacteristicEthnicityEthnicity"/>
            </criteriaReference>
          </outboundRelationship>
        </observationCriteria>
      </entry>
      <entry typeCode="DRIV">
        <localVariableName value="PatientCharacteristicPayerPayer"/>
        <observationCriteria moodCode="EVN" classCode="OBS">
          <templateId>
            <item root="2.16.840.1.113883.10.20.28.3.58" identifierName="patient characteristic, payer template"/>
            <item root="2.16.840.1.113883.3.100.1.1" identifierName="Source data criteria template"/>
          </templateId>
          <id root="2.16.840.1.113883.3.100.1" extension="PatientCharacteristicPayerPayer"/>
          <code xsi:type="CD" valueSet="2.16.840.1.114222.4.11.3591">
            <displayName value="Payer"/>
          </code>
          <text value="Patient Characteristic Payer: Payer"/>
          <definition>
            <criteriaReference moodCode="EVN" classCode="OBS">
              <id root="2.16.840.1.113883.3.100.1" extension="patient_characteristic_payer"/>
            </criteriaReference>
          </definition>
          <outboundRelationship typeCode="SUBJ">
            <subsetCode code="SOURCE"/>
            <criteriaReference classCode="OBS" moodCode="EVN">
              <id root="2.16.840.1.113883.3.100.1" extension="PatientCharacteristicPayerPayer"/>
            </criteriaReference>
          </outboundRelationship>
        </observationCriteria>
      </entry>
    </dataCriteriaSection>
  </component>
  <component>
    <populationCriteriaSection>
      <templateId>
        <item root="2.16.840.1.113883.10.20.28.2.1"/>
      </templateId>
      <id root="2.16.840.1.113883.3.100.1" extension="Population0"/>
      <code code="57026-7" codeSystem="2.16.840.1.113883.6.1"/>
      <title value=""/>
      <text value="This section describes the Initial Patient Population, Numerator, Denominator, Denominator Exceptions, and Measure Populations"/>
      <component typeCode="COMP">
        <initialPopulationCriteria classCode="OBS" moodCode="EVN" isCriterionInd="true">
          <id root="c75181d0-73eb-11de-8a39-0800200c9a66" extension="7DF0782B-1CE8-4C52-8C81-B0E1F263A6F8"/>
          <code codeSystem="2.16.840.1.113883.5.1063" codeSystemName="HL7 Observation Value" code="IPP">
            <displayName value="Initial Patient Population"/>
          </code>
          <precondition typeCode="PRCN">
            <allTrue>
              <id/>
              <precondition typeCode="PRCN">
                <criteriaReference moodCode="EVN" classCode="OBS">
                  <id root="2.16.840.1.113883.3.100.1" extension="PatientCharacteristicBirthdateBirthDate_precondition_3"/>
                </criteriaReference>
              </precondition>
              <precondition typeCode="PRCN">
                <criteriaReference moodCode="EVN" classCode="ENC">
                  <id root="2.16.840.1.113883.3.100.1" extension="OccurrenceANonElectiveInpatientEncounter2_precondition_5"/>
                </criteriaReference>
              </precondition>
              <precondition typeCode="PRCN">
                <criteriaReference moodCode="EVN" classCode="ENC">
                  <id root="2.16.840.1.113883.3.100.1" extension="OccurrenceANonElectiveInpatientEncounter2_precondition_7"/>
                </criteriaReference>
              </precondition>
              <precondition typeCode="PRCN">
                <atLeastOneTrue>
                  <id/>
                  <precondition typeCode="PRCN">
                    <criteriaReference moodCode="EVN" classCode="OBS">
                      <id root="2.16.840.1.113883.3.100.1" extension="DiagnosisActiveHemorrhagicStroke_precondition_9"/>
                    </criteriaReference>
                  </precondition>
                  <precondition typeCode="PRCN">
                    <criteriaReference moodCode="EVN" classCode="OBS">
                      <id root="2.16.840.1.113883.3.100.1" extension="DiagnosisActiveIschemicStroke_precondition_11"/>
                    </criteriaReference>
                  </precondition>
                </atLeastOneTrue>
              </precondition>
            </allTrue>
          </precondition>
        </initialPopulationCriteria>
      </component>
      <component typeCode="COMP">
        <denominatorCriteria classCode="OBS" moodCode="EVN" isCriterionInd="true">
          <id root="c75181d0-73eb-11de-8a39-0800200c9a66" extension="0AACC987-C827-4DBA-BFC1-9C6305922AE4"/>
          <code codeSystem="2.16.840.1.113883.5.1063" codeSystemName="HL7 Observation Value" code="DENOM">
            <displayName value="Denominator"/>
          </code>
          <precondition typeCode="PRCN" nullFlavor="NA">
            <allTrue>
              <id/>
            </allTrue>
          </precondition>
        </denominatorCriteria>
      </component>
      <component typeCode="COMP">
        <numeratorCriteria classCode="OBS" moodCode="EVN" isCriterionInd="true">
          <id root="c75181d0-73eb-11de-8a39-0800200c9a66" extension="E7BED454-46F3-4B37-BF48-D35E1BEC90D2"/>
          <code codeSystem="2.16.840.1.113883.5.1063" codeSystemName="HL7 Observation Value" code="NUMER">
            <displayName value="Numerator"/>
          </code>
          <precondition typeCode="PRCN">
            <allTrue>
              <id/>
              <precondition typeCode="PRCN">
                <atLeastOneTrue>
                  <id/>
                  <precondition typeCode="PRCN">
                    <atLeastOneTrue>
                      <id/>
                      <precondition typeCode="PRCN">
                        <criteriaReference moodCode="EVN" classCode="PROC">
                          <id root="2.16.840.1.113883.3.100.1" extension="ProcedurePerformedRehabilitationAssessment_precondition_48"/>
                        </criteriaReference>
                      </precondition>
                      <precondition typeCode="PRCN">
                        <criteriaReference moodCode="EVN" classCode="PROC">
                          <id root="2.16.840.1.113883.3.100.1" extension="ProcedurePerformedRehabilitationTherapy_precondition_50"/>
                        </criteriaReference>
                      </precondition>
                      <precondition typeCode="PRCN">
                        <criteriaReference moodCode="EVN" classCode="PROC">
                          <id root="2.16.840.1.113883.3.100.1" extension="ProcedurePerformedRehabilitationAssessment_precondition_52"/>
                        </criteriaReference>
                      </precondition>
                    </atLeastOneTrue>
                  </precondition>
                  <precondition typeCode="PRCN">
                    <criteriaReference moodCode="EVN" classCode="ENC">
                      <id root="2.16.840.1.113883.3.100.1" extension="OccurrenceANonElectiveInpatientEncounter2_precondition_57"/>
                    </criteriaReference>
                  </precondition>
                </atLeastOneTrue>
              </precondition>
            </allTrue>
          </precondition>
        </numeratorCriteria>
      </component>
      <component typeCode="COMP">
        <denominatorExclusionCriteria classCode="OBS" moodCode="EVN" isCriterionInd="true">
          <id root="c75181d0-73eb-11de-8a39-0800200c9a66" extension="CF34B038-C66E-4E96-A7F1-233A347D1636"/>
          <code codeSystem="2.16.840.1.113883.5.1063" codeSystemName="HL7 Observation Value" code="DENEX">
            <displayName value="Denominator"/>
          </code>
          <precondition typeCode="PRCN">
            <allTrue>
              <id/>
              <precondition typeCode="PRCN">
                <atLeastOneTrue>
                  <id/>
                  <precondition typeCode="PRCN">
                    <criteriaReference moodCode="EVN" classCode="ENC">
                      <id root="2.16.840.1.113883.3.100.1" extension="OccurrenceANonElectiveInpatientEncounter2_precondition_17"/>
                    </criteriaReference>
                  </precondition>
                  <precondition typeCode="PRCN">
                    <criteriaReference moodCode="EVN" classCode="ENC">
                      <id root="2.16.840.1.113883.3.100.1" extension="OccurrenceANonElectiveInpatientEncounter2_precondition_19"/>
                    </criteriaReference>
                  </precondition>
                  <precondition typeCode="PRCN">
                    <criteriaReference moodCode="EVN" classCode="ENC">
                      <id root="2.16.840.1.113883.3.100.1" extension="OccurrenceANonElectiveInpatientEncounter2_precondition_21"/>
                    </criteriaReference>
                  </precondition>
                  <precondition typeCode="PRCN">
                    <criteriaReference moodCode="EVN" classCode="ENC">
                      <id root="2.16.840.1.113883.3.100.1" extension="OccurrenceANonElectiveInpatientEncounter2_precondition_23"/>
                    </criteriaReference>
                  </precondition>
                  <precondition typeCode="PRCN">
                    <criteriaReference moodCode="EVN" classCode="ENC">
                      <id root="2.16.840.1.113883.3.100.1" extension="OccurrenceANonElectiveInpatientEncounter2_precondition_25"/>
                    </criteriaReference>
                  </precondition>
                  <precondition typeCode="PRCN">
                    <atLeastOneTrue>
                      <id/>
                      <precondition typeCode="PRCN">
                        <criteriaReference moodCode="EVN" classCode="OBS">
                          <id root="2.16.840.1.113883.3.100.1" extension="InterventionOrderComfortMeasures_precondition_27"/>
                        </criteriaReference>
                      </precondition>
                      <precondition typeCode="PRCN">
                        <criteriaReference moodCode="EVN" classCode="OBS">
                          <id root="2.16.840.1.113883.3.100.1" extension="InterventionPerformedComfortMeasures_precondition_29"/>
                        </criteriaReference>
                      </precondition>
                    </atLeastOneTrue>
                  </precondition>
                  <precondition typeCode="PRCN">
                    <allTrue>
                      <id/>
                      <precondition typeCode="PRCN">
                        <criteriaReference moodCode="EVN" classCode="ENC">
                          <id root="2.16.840.1.113883.3.100.1" extension="OccurrenceAEmergencyDepartmentVisit1_precondition_34"/>
                        </criteriaReference>
                      </precondition>
                      <precondition typeCode="PRCN">
                        <atLeastOneTrue>
                          <id/>
                          <precondition typeCode="PRCN">
                            <criteriaReference moodCode="EVN" classCode="OBS">
                              <id root="2.16.840.1.113883.3.100.1" extension="InterventionOrderComfortMeasures_precondition_36"/>
                            </criteriaReference>
                          </precondition>
                          <precondition typeCode="PRCN">
                            <criteriaReference moodCode="EVN" classCode="OBS">
                              <id root="2.16.840.1.113883.3.100.1" extension="InterventionPerformedComfortMeasures_precondition_38"/>
                            </criteriaReference>
                          </precondition>
                        </atLeastOneTrue>
                      </precondition>
                    </allTrue>
                  </precondition>
                </atLeastOneTrue>
              </precondition>
            </allTrue>
          </precondition>
        </denominatorExclusionCriteria>
      </component>
    </populationCriteriaSection>
  </component>
</QualityMeasureDocument>
